<?xml version='1.0' encoding='UTF-8'?>

<!--
(c) 2010-2025 Financial Accounting Foundation; (c) 2007-2010 XBRL US, Inc.  All Rights Reserved.
Notice: Authorized Uses are Set Forth at https://xbrl.fasb.org/terms/TaxonomiesTermsConditions.html
  -->
<link:linkbase xmlns:link='http://www.xbrl.org/2003/linkbase' xmlns:xbrldt='http://xbrl.org/2005/xbrldt' xmlns:xlink='http://www.w3.org/1999/xlink' xmlns:xsi='http://www.w3.org/2001/XMLSchema-instance' xsi:schemaLocation='http://www.xbrl.org/2003/linkbase http://www.xbrl.org/2003/xbrl-linkbase-2003-12-31.xsd'>
  <link:roleRef roleURI='http://fasb.org/us-gaap/role/disclosure/EBPDescriptionOfPlanEmployeeBenefitPlanDescriptionOfPlanTable' xlink:href='../../elts/us-roles-2025.xsd#EBPDescriptionOfPlanEmployeeBenefitPlanDescriptionOfPlanTable' xlink:type='simple' />
  <link:roleRef roleURI='http://fasb.org/us-gaap/role/disclosure/EBPDescriptionOfPlanEbpAccountingStandardUpdateAndChangeInAccountingPrincipleTable' xlink:href='../../elts/us-roles-2025.xsd#EBPDescriptionOfPlanEbpAccountingStandardUpdateAndChangeInAccountingPrincipleTable' xlink:type='simple' />
  <link:arcroleRef arcroleURI='http://xbrl.org/int/dim/arcrole/all' xlink:href='http://www.xbrl.org/2005/xbrldt-2005.xsd#all' xlink:type='simple' />
  <link:arcroleRef arcroleURI='http://xbrl.org/int/dim/arcrole/hypercube-dimension' xlink:href='http://www.xbrl.org/2005/xbrldt-2005.xsd#hypercube-dimension' xlink:type='simple' />
  <link:arcroleRef arcroleURI='http://xbrl.org/int/dim/arcrole/dimension-domain' xlink:href='http://www.xbrl.org/2005/xbrldt-2005.xsd#dimension-domain' xlink:type='simple' />
  <link:arcroleRef arcroleURI='http://xbrl.org/int/dim/arcrole/dimension-default' xlink:href='http://www.xbrl.org/2005/xbrldt-2005.xsd#dimension-default' xlink:type='simple' />
  <link:arcroleRef arcroleURI='http://xbrl.org/int/dim/arcrole/domain-member' xlink:href='http://www.xbrl.org/2005/xbrldt-2005.xsd#domain-member' xlink:type='simple' />
  <link:definitionLink xlink:role='http://fasb.org/us-gaap/role/disclosure/EBPDescriptionOfPlanEmployeeBenefitPlanDescriptionOfPlanTable' xlink:type='extended'>
    <link:loc xlink:href='../elts/us-gaap-ebp-2025.xsd#us-gaap-ebp_EmployeeBenefitPlanDescriptionOfPlanTable' xlink:label='loc_EmployeeBenefitPlanDescriptionOfPlanTable' xlink:type='locator' />
    <link:loc xlink:href='../elts/us-gaap-ebp-2025.xsd#us-gaap-ebp_EmployeeBenefitPlanDescriptionOfPlanLineItems' xlink:label='loc_EmployeeBenefitPlanDescriptionOfPlanLineItems' xlink:type='locator' />
    <link:definitionArc order='1.0' xbrldt:closed='true' xbrldt:contextElement='segment' xlink:arcrole='http://xbrl.org/int/dim/arcrole/all' xlink:from='loc_EmployeeBenefitPlanDescriptionOfPlanLineItems' xlink:to='loc_EmployeeBenefitPlanDescriptionOfPlanTable' xlink:type='arc' />
  </link:definitionLink>
  <link:definitionLink xlink:role='http://fasb.org/us-gaap/role/disclosure/EBPDescriptionOfPlanEmployeeBenefitPlanDescriptionOfPlanTable' xlink:type='extended'>
    <link:loc xlink:href='../elts/us-gaap-ebp-2025.xsd#us-gaap-ebp_EmployeeBenefitPlanDescriptionOfPlanTable' xlink:label='loc_EmployeeBenefitPlanDescriptionOfPlanTable' xlink:type='locator' />
    <link:loc xlink:href='https://xbrl.sec.gov/dei/2025/dei-2025.xsd#dei_LegalEntityAxis' xlink:label='loc_LegalEntityAxis' xlink:type='locator' />
    <link:definitionArc order='1.0' xlink:arcrole='http://xbrl.org/int/dim/arcrole/hypercube-dimension' xlink:from='loc_EmployeeBenefitPlanDescriptionOfPlanTable' xlink:to='loc_LegalEntityAxis' xlink:type='arc' />
  </link:definitionLink>
  <link:definitionLink xlink:role='http://fasb.org/us-gaap/role/disclosure/EBPDescriptionOfPlanEmployeeBenefitPlanDescriptionOfPlanTable' xlink:type='extended'>
    <link:loc xlink:href='https://xbrl.sec.gov/dei/2025/dei-2025.xsd#dei_LegalEntityAxis' xlink:label='loc_LegalEntityAxis' xlink:type='locator' />
    <link:loc xlink:href='https://xbrl.sec.gov/dei/2025/dei-2025.xsd#dei_EntityDomain' xlink:label='loc_EntityDomain' xlink:type='locator' />
    <link:definitionArc order='1.0' xlink:arcrole='http://xbrl.org/int/dim/arcrole/dimension-domain' xlink:from='loc_LegalEntityAxis' xlink:to='loc_EntityDomain' xlink:type='arc' />
  </link:definitionLink>
  <link:definitionLink xlink:role='http://fasb.org/us-gaap/role/disclosure/EBPDescriptionOfPlanEmployeeBenefitPlanDescriptionOfPlanTable' xlink:type='extended'>
    <link:loc xlink:href='https://xbrl.sec.gov/dei/2025/dei-2025.xsd#dei_LegalEntityAxis' xlink:label='loc_LegalEntityAxis' xlink:type='locator' />
    <link:loc xlink:href='https://xbrl.sec.gov/dei/2025/dei-2025.xsd#dei_EntityDomain' xlink:label='loc_EntityDomain' xlink:type='locator' />
    <link:definitionArc order='1.0' xlink:arcrole='http://xbrl.org/int/dim/arcrole/dimension-default' xlink:from='loc_LegalEntityAxis' xlink:to='loc_EntityDomain' xlink:type='arc' />
  </link:definitionLink>
  <link:definitionLink xlink:role='http://fasb.org/us-gaap/role/disclosure/EBPDescriptionOfPlanEmployeeBenefitPlanDescriptionOfPlanTable' xlink:type='extended'>
    <link:loc xlink:href='../elts/us-gaap-ebp-2025.xsd#us-gaap-ebp_EmployeeBenefitPlanDescriptionOfPlanLineItems' xlink:label='loc_EmployeeBenefitPlanDescriptionOfPlanLineItems' xlink:type='locator' />
    <link:loc xlink:href='../elts/us-gaap-ebp-2025.xsd#us-gaap-ebp_EmployeeBenefitPlanDescriptionOfPlanTextBlock' xlink:label='loc_EmployeeBenefitPlanDescriptionOfPlanTextBlock' xlink:type='locator' />
    <link:loc xlink:href='../elts/us-gaap-ebp-2025.xsd#us-gaap-ebp_EmployeeBenefitPlanDescriptionAvailable' xlink:label='loc_EmployeeBenefitPlanDescriptionAvailable' xlink:type='locator' />
    <link:loc xlink:href='../elts/us-gaap-ebp-2025.xsd#us-gaap-ebp_EmployeeBenefitPlanErisaMinimumFundingRequirement' xlink:label='loc_EmployeeBenefitPlanErisaMinimumFundingRequirement' xlink:type='locator' />
    <link:loc xlink:href='../elts/us-gaap-ebp-2025.xsd#us-gaap-ebp_EmployeeBenefitPlanIrsMinimumFundingWaiverRequest' xlink:label='loc_EmployeeBenefitPlanIrsMinimumFundingWaiverRequest' xlink:type='locator' />
    <link:loc xlink:href='../elts/us-gaap-ebp-2025.xsd#us-gaap-ebp_EmployeeBenefitPlanIrsMinimumFundingWaiverGranted' xlink:label='loc_EmployeeBenefitPlanIrsMinimumFundingWaiverGranted' xlink:type='locator' />
    <link:loc xlink:href='../elts/us-gaap-ebp-2025.xsd#us-gaap-ebp_EmployeeBenefitPlanAdministrationCostAbsorbedByEmployer' xlink:label='loc_EmployeeBenefitPlanAdministrationCostAbsorbedByEmployer' xlink:type='locator' />
    <link:loc xlink:href='../elts/us-gaap-ebp-2025.xsd#us-gaap-ebp_EmployeeBenefitPlanNumberOfParticipants' xlink:label='loc_EmployeeBenefitPlanNumberOfParticipants' xlink:type='locator' />
    <link:loc xlink:href='../elts/us-gaap-ebp-2025.xsd#us-gaap-ebp_EmployeeBenefitPlanNoteReceivableFromParticipantAllowanceForCreditLoss' xlink:label='loc_EmployeeBenefitPlanNoteReceivableFromParticipantAllowanceForCreditLoss' xlink:type='locator' />
    <link:loc xlink:href='../elts/us-gaap-ebp-2025.xsd#us-gaap-ebp_EmployeeBenefitPlanNoteReceivableFromParticipantAccountMaximumBorrowingAmount' xlink:label='loc_EmployeeBenefitPlanNoteReceivableFromParticipantAccountMaximumBorrowingAmount' xlink:type='locator' />
    <link:loc xlink:href='../elts/us-gaap-ebp-2025.xsd#us-gaap-ebp_EmployeeBenefitPlanNoteReceivableFromParticipantAccountMaximumBorrowingToTotalAccountPercentage' xlink:label='loc_EmployeeBenefitPlanNoteReceivableFromParticipantAccountMaximumBorrowingToTotalAccountPercentage' xlink:type='locator' />
    <link:loc xlink:href='../elts/us-gaap-ebp-2025.xsd#us-gaap-ebp_EmployeeBenefitPlanNoteReceivableFromParticipantAccountMinimumBorrowingAmount' xlink:label='loc_EmployeeBenefitPlanNoteReceivableFromParticipantAccountMinimumBorrowingAmount' xlink:type='locator' />
    <link:loc xlink:href='../elts/us-gaap-ebp-2025.xsd#us-gaap-ebp_EmployeeBenefitPlanEmployerContributionMatchingPercentage' xlink:label='loc_EmployeeBenefitPlanEmployerContributionMatchingPercentage' xlink:type='locator' />
    <link:loc xlink:href='../elts/us-gaap-ebp-2025.xsd#us-gaap-ebp_EmployeeBenefitPlanEmployerContributionParticipantCompensationMatchedPercentage' xlink:label='loc_EmployeeBenefitPlanEmployerContributionParticipantCompensationMatchedPercentage' xlink:type='locator' />
    <link:loc xlink:href='../elts/us-gaap-ebp-2025.xsd#us-gaap-ebp_EmployeeBenefitPlanParticipantContributionAutomaticDeferralRate' xlink:label='loc_EmployeeBenefitPlanParticipantContributionAutomaticDeferralRate' xlink:type='locator' />
    <link:loc xlink:href='../elts/us-gaap-ebp-2025.xsd#us-gaap-ebp_EmployeeBenefitPlanParticipantContributionPretaxMaximumAnnualCompensationAmount' xlink:label='loc_EmployeeBenefitPlanParticipantContributionPretaxMaximumAnnualCompensationAmount' xlink:type='locator' />
    <link:loc xlink:href='../elts/us-gaap-ebp-2025.xsd#us-gaap-ebp_EmployeeBenefitPlanParticipantContributionPretaxMaximumAnnualCompensationToTotalCompensationPercentage' xlink:label='loc_EmployeeBenefitPlanParticipantContributionPretaxMaximumAnnualCompensationToTotalCompensationPercentage' xlink:type='locator' />
    <link:loc xlink:href='../elts/us-gaap-ebp-2025.xsd#us-gaap-ebp_EmployeeBenefitPlanForfeitedNonvestedAccountAbstract' xlink:label='loc_EmployeeBenefitPlanForfeitedNonvestedAccountAbstract' xlink:type='locator' />
    <link:loc xlink:href='../elts/us-gaap-ebp-2025.xsd#us-gaap-ebp_EmployeeBenefitPlanForfeitedNonvestedAccount' xlink:label='loc_EmployeeBenefitPlanForfeitedNonvestedAccount' xlink:type='locator' />
    <link:loc xlink:href='../elts/us-gaap-ebp-2025.xsd#us-gaap-ebp_EmployeeBenefitPlanForfeitedNonvestedAccountDecreaseForAdministrativeExpense' xlink:label='loc_EmployeeBenefitPlanForfeitedNonvestedAccountDecreaseForAdministrativeExpense' xlink:type='locator' />
    <link:loc xlink:href='../elts/us-gaap-ebp-2025.xsd#us-gaap-ebp_EmployeeBenefitPlanForfeitedNonvestedAccountDecreaseForEmployerContribution' xlink:label='loc_EmployeeBenefitPlanForfeitedNonvestedAccountDecreaseForEmployerContribution' xlink:type='locator' />
    <link:loc xlink:href='../elts/us-gaap-ebp-2025.xsd#us-gaap-ebp_EmployeeBenefitPlanForfeitedNonvestedAccountReallocatedToParticipant' xlink:label='loc_EmployeeBenefitPlanForfeitedNonvestedAccountReallocatedToParticipant' xlink:type='locator' />
    <link:definitionArc order='1.0' xlink:arcrole='http://xbrl.org/int/dim/arcrole/domain-member' xlink:from='loc_EmployeeBenefitPlanDescriptionOfPlanLineItems' xlink:to='loc_EmployeeBenefitPlanDescriptionOfPlanTextBlock' xlink:type='arc' />
    <link:definitionArc order='2.0' xlink:arcrole='http://xbrl.org/int/dim/arcrole/domain-member' xlink:from='loc_EmployeeBenefitPlanDescriptionOfPlanLineItems' xlink:to='loc_EmployeeBenefitPlanDescriptionAvailable' xlink:type='arc' />
    <link:definitionArc order='3.0' xlink:arcrole='http://xbrl.org/int/dim/arcrole/domain-member' xlink:from='loc_EmployeeBenefitPlanDescriptionOfPlanLineItems' xlink:to='loc_EmployeeBenefitPlanErisaMinimumFundingRequirement' xlink:type='arc' />
    <link:definitionArc order='4.0' xlink:arcrole='http://xbrl.org/int/dim/arcrole/domain-member' xlink:from='loc_EmployeeBenefitPlanDescriptionOfPlanLineItems' xlink:to='loc_EmployeeBenefitPlanIrsMinimumFundingWaiverRequest' xlink:type='arc' />
    <link:definitionArc order='5.0' xlink:arcrole='http://xbrl.org/int/dim/arcrole/domain-member' xlink:from='loc_EmployeeBenefitPlanDescriptionOfPlanLineItems' xlink:to='loc_EmployeeBenefitPlanIrsMinimumFundingWaiverGranted' xlink:type='arc' />
    <link:definitionArc order='6.0' xlink:arcrole='http://xbrl.org/int/dim/arcrole/domain-member' xlink:from='loc_EmployeeBenefitPlanDescriptionOfPlanLineItems' xlink:to='loc_EmployeeBenefitPlanAdministrationCostAbsorbedByEmployer' xlink:type='arc' />
    <link:definitionArc order='7.0' xlink:arcrole='http://xbrl.org/int/dim/arcrole/domain-member' xlink:from='loc_EmployeeBenefitPlanDescriptionOfPlanLineItems' xlink:to='loc_EmployeeBenefitPlanNumberOfParticipants' xlink:type='arc' />
    <link:definitionArc order='8.0' xlink:arcrole='http://xbrl.org/int/dim/arcrole/domain-member' xlink:from='loc_EmployeeBenefitPlanDescriptionOfPlanLineItems' xlink:to='loc_EmployeeBenefitPlanNoteReceivableFromParticipantAllowanceForCreditLoss' xlink:type='arc' />
    <link:definitionArc order='9.0' xlink:arcrole='http://xbrl.org/int/dim/arcrole/domain-member' xlink:from='loc_EmployeeBenefitPlanDescriptionOfPlanLineItems' xlink:to='loc_EmployeeBenefitPlanNoteReceivableFromParticipantAccountMaximumBorrowingAmount' xlink:type='arc' />
    <link:definitionArc order='10.0' xlink:arcrole='http://xbrl.org/int/dim/arcrole/domain-member' xlink:from='loc_EmployeeBenefitPlanDescriptionOfPlanLineItems' xlink:to='loc_EmployeeBenefitPlanNoteReceivableFromParticipantAccountMaximumBorrowingToTotalAccountPercentage' xlink:type='arc' />
    <link:definitionArc order='11.0' xlink:arcrole='http://xbrl.org/int/dim/arcrole/domain-member' xlink:from='loc_EmployeeBenefitPlanDescriptionOfPlanLineItems' xlink:to='loc_EmployeeBenefitPlanNoteReceivableFromParticipantAccountMinimumBorrowingAmount' xlink:type='arc' />
    <link:definitionArc order='12.0' xlink:arcrole='http://xbrl.org/int/dim/arcrole/domain-member' xlink:from='loc_EmployeeBenefitPlanDescriptionOfPlanLineItems' xlink:to='loc_EmployeeBenefitPlanEmployerContributionMatchingPercentage' xlink:type='arc' />
    <link:definitionArc order='13.0' xlink:arcrole='http://xbrl.org/int/dim/arcrole/domain-member' xlink:from='loc_EmployeeBenefitPlanDescriptionOfPlanLineItems' xlink:to='loc_EmployeeBenefitPlanEmployerContributionParticipantCompensationMatchedPercentage' xlink:type='arc' />
    <link:definitionArc order='14.0' xlink:arcrole='http://xbrl.org/int/dim/arcrole/domain-member' xlink:from='loc_EmployeeBenefitPlanDescriptionOfPlanLineItems' xlink:to='loc_EmployeeBenefitPlanParticipantContributionAutomaticDeferralRate' xlink:type='arc' />
    <link:definitionArc order='15.0' xlink:arcrole='http://xbrl.org/int/dim/arcrole/domain-member' xlink:from='loc_EmployeeBenefitPlanDescriptionOfPlanLineItems' xlink:to='loc_EmployeeBenefitPlanParticipantContributionPretaxMaximumAnnualCompensationAmount' xlink:type='arc' />
    <link:definitionArc order='16.0' xlink:arcrole='http://xbrl.org/int/dim/arcrole/domain-member' xlink:from='loc_EmployeeBenefitPlanDescriptionOfPlanLineItems' xlink:to='loc_EmployeeBenefitPlanParticipantContributionPretaxMaximumAnnualCompensationToTotalCompensationPercentage' xlink:type='arc' />
    <link:definitionArc order='17.0' xlink:arcrole='http://xbrl.org/int/dim/arcrole/domain-member' xlink:from='loc_EmployeeBenefitPlanDescriptionOfPlanLineItems' xlink:to='loc_EmployeeBenefitPlanForfeitedNonvestedAccountAbstract' xlink:type='arc' />
    <link:definitionArc order='18.0' xlink:arcrole='http://xbrl.org/int/dim/arcrole/domain-member' xlink:from='loc_EmployeeBenefitPlanForfeitedNonvestedAccountAbstract' xlink:to='loc_EmployeeBenefitPlanForfeitedNonvestedAccount' xlink:type='arc' />
    <link:definitionArc order='19.0' xlink:arcrole='http://xbrl.org/int/dim/arcrole/domain-member' xlink:from='loc_EmployeeBenefitPlanForfeitedNonvestedAccountAbstract' xlink:to='loc_EmployeeBenefitPlanForfeitedNonvestedAccountDecreaseForAdministrativeExpense' xlink:type='arc' />
    <link:definitionArc order='20.0' xlink:arcrole='http://xbrl.org/int/dim/arcrole/domain-member' xlink:from='loc_EmployeeBenefitPlanForfeitedNonvestedAccountAbstract' xlink:to='loc_EmployeeBenefitPlanForfeitedNonvestedAccountDecreaseForEmployerContribution' xlink:type='arc' />
    <link:definitionArc order='21.0' xlink:arcrole='http://xbrl.org/int/dim/arcrole/domain-member' xlink:from='loc_EmployeeBenefitPlanForfeitedNonvestedAccountAbstract' xlink:to='loc_EmployeeBenefitPlanForfeitedNonvestedAccountReallocatedToParticipant' xlink:type='arc' />
  </link:definitionLink>
  <link:definitionLink xlink:role='http://fasb.org/us-gaap/role/disclosure/EBPDescriptionOfPlanEbpAccountingStandardUpdateAndChangeInAccountingPrincipleTable' xlink:type='extended'>
    <link:loc xlink:href='../elts/us-gaap-ebp-2025.xsd#us-gaap-ebp_EbpAccountingStandardUpdateAndChangeInAccountingPrincipleTable' xlink:label='loc_EbpAccountingStandardUpdateAndChangeInAccountingPrincipleTable' xlink:type='locator' />
    <link:loc xlink:href='../elts/us-gaap-ebp-2025.xsd#us-gaap-ebp_EbpAccountingStandardUpdateAndChangeInAccountingPrincipleLineItems' xlink:label='loc_EbpAccountingStandardUpdateAndChangeInAccountingPrincipleLineItems' xlink:type='locator' />
    <link:definitionArc order='1.0' xbrldt:closed='true' xbrldt:contextElement='segment' xlink:arcrole='http://xbrl.org/int/dim/arcrole/all' xlink:from='loc_EbpAccountingStandardUpdateAndChangeInAccountingPrincipleLineItems' xlink:to='loc_EbpAccountingStandardUpdateAndChangeInAccountingPrincipleTable' xlink:type='arc' />
  </link:definitionLink>
  <link:definitionLink xlink:role='http://fasb.org/us-gaap/role/disclosure/EBPDescriptionOfPlanEbpAccountingStandardUpdateAndChangeInAccountingPrincipleTable' xlink:type='extended'>
    <link:loc xlink:href='../elts/us-gaap-ebp-2025.xsd#us-gaap-ebp_EbpAccountingStandardUpdateAndChangeInAccountingPrincipleTable' xlink:label='loc_EbpAccountingStandardUpdateAndChangeInAccountingPrincipleTable' xlink:type='locator' />
    <link:loc xlink:href='https://xbrl.sec.gov/dei/2025/dei-2025.xsd#dei_LegalEntityAxis' xlink:label='loc_LegalEntityAxis' xlink:type='locator' />
    <link:loc xlink:href='../../elts/us-gaap-2025.xsd#us-gaap_AdjustmentsForNewAccountingPronouncementsAxis' xlink:label='loc_AdjustmentsForNewAccountingPronouncementsAxis' xlink:type='locator' />
    <link:loc xlink:href='https://xbrl.fasb.org/srt/2025/elts/srt-2025.xsd#srt_CumulativeEffectPeriodOfAdoptionAxis' xlink:label='loc_CumulativeEffectPeriodOfAdoptionAxis' xlink:type='locator' />
    <link:loc xlink:href='https://xbrl.fasb.org/srt/2025/elts/srt-2025.xsd#srt_RestatementAxis' xlink:label='loc_RestatementAxis' xlink:type='locator' />
    <link:loc xlink:href='https://xbrl.fasb.org/srt/2025/elts/srt-2025.xsd#srt_StatementScenarioAxis' xlink:label='loc_StatementScenarioAxis' xlink:type='locator' />
    <link:loc xlink:href='../../elts/us-gaap-2025.xsd#us-gaap_AdjustmentsForChangeInAccountingPrincipleAxis' xlink:label='loc_AdjustmentsForChangeInAccountingPrincipleAxis' xlink:type='locator' />
    <link:loc xlink:href='../../elts/us-gaap-2025.xsd#us-gaap_ChangeInAccountingPrincipleIndirectEffectAxis' xlink:label='loc_ChangeInAccountingPrincipleIndirectEffectAxis' xlink:type='locator' />
    <link:definitionArc order='1.0' xlink:arcrole='http://xbrl.org/int/dim/arcrole/hypercube-dimension' xlink:from='loc_EbpAccountingStandardUpdateAndChangeInAccountingPrincipleTable' xlink:to='loc_LegalEntityAxis' xlink:type='arc' />
    <link:definitionArc order='2.0' xlink:arcrole='http://xbrl.org/int/dim/arcrole/hypercube-dimension' xlink:from='loc_EbpAccountingStandardUpdateAndChangeInAccountingPrincipleTable' xlink:to='loc_AdjustmentsForNewAccountingPronouncementsAxis' xlink:type='arc' />
    <link:definitionArc order='3.0' xlink:arcrole='http://xbrl.org/int/dim/arcrole/hypercube-dimension' xlink:from='loc_EbpAccountingStandardUpdateAndChangeInAccountingPrincipleTable' xlink:to='loc_CumulativeEffectPeriodOfAdoptionAxis' xlink:type='arc' />
    <link:definitionArc order='4.0' xlink:arcrole='http://xbrl.org/int/dim/arcrole/hypercube-dimension' xlink:from='loc_EbpAccountingStandardUpdateAndChangeInAccountingPrincipleTable' xlink:to='loc_RestatementAxis' xlink:type='arc' />
    <link:definitionArc order='5.0' xlink:arcrole='http://xbrl.org/int/dim/arcrole/hypercube-dimension' xlink:from='loc_EbpAccountingStandardUpdateAndChangeInAccountingPrincipleTable' xlink:to='loc_StatementScenarioAxis' xlink:type='arc' />
    <link:definitionArc order='6.0' xlink:arcrole='http://xbrl.org/int/dim/arcrole/hypercube-dimension' xlink:from='loc_EbpAccountingStandardUpdateAndChangeInAccountingPrincipleTable' xlink:to='loc_AdjustmentsForChangeInAccountingPrincipleAxis' xlink:type='arc' />
    <link:definitionArc order='7.0' xlink:arcrole='http://xbrl.org/int/dim/arcrole/hypercube-dimension' xlink:from='loc_EbpAccountingStandardUpdateAndChangeInAccountingPrincipleTable' xlink:to='loc_ChangeInAccountingPrincipleIndirectEffectAxis' xlink:type='arc' />
  </link:definitionLink>
  <link:definitionLink xlink:role='http://fasb.org/us-gaap/role/disclosure/EBPDescriptionOfPlanEbpAccountingStandardUpdateAndChangeInAccountingPrincipleTable' xlink:type='extended'>
    <link:loc xlink:href='https://xbrl.sec.gov/dei/2025/dei-2025.xsd#dei_LegalEntityAxis' xlink:label='loc_LegalEntityAxis' xlink:type='locator' />
    <link:loc xlink:href='https://xbrl.sec.gov/dei/2025/dei-2025.xsd#dei_EntityDomain' xlink:label='loc_EntityDomain' xlink:type='locator' />
    <link:loc xlink:href='../../elts/us-gaap-2025.xsd#us-gaap_AdjustmentsForNewAccountingPronouncementsAxis' xlink:label='loc_AdjustmentsForNewAccountingPronouncementsAxis' xlink:type='locator' />
    <link:loc xlink:href='../../elts/us-gaap-2025.xsd#us-gaap_TypeOfAdoptionMember' xlink:label='loc_TypeOfAdoptionMember' xlink:type='locator' />
    <link:loc xlink:href='https://xbrl.fasb.org/srt/2025/elts/srt-2025.xsd#srt_CumulativeEffectPeriodOfAdoptionAxis' xlink:label='loc_CumulativeEffectPeriodOfAdoptionAxis' xlink:type='locator' />
    <link:loc xlink:href='https://xbrl.fasb.org/srt/2025/elts/srt-2025.xsd#srt_CumulativeEffectPeriodOfAdoptionDomain' xlink:label='loc_CumulativeEffectPeriodOfAdoptionDomain' xlink:type='locator' />
    <link:loc xlink:href='https://xbrl.fasb.org/srt/2025/elts/srt-2025.xsd#srt_RestatementAxis' xlink:label='loc_RestatementAxis' xlink:type='locator' />
    <link:loc xlink:href='https://xbrl.fasb.org/srt/2025/elts/srt-2025.xsd#srt_RestatementDomain' xlink:label='loc_RestatementDomain' xlink:type='locator' />
    <link:loc xlink:href='https://xbrl.fasb.org/srt/2025/elts/srt-2025.xsd#srt_StatementScenarioAxis' xlink:label='loc_StatementScenarioAxis' xlink:type='locator' />
    <link:loc xlink:href='https://xbrl.fasb.org/srt/2025/elts/srt-2025.xsd#srt_ScenarioUnspecifiedDomain' xlink:label='loc_ScenarioUnspecifiedDomain' xlink:type='locator' />
    <link:loc xlink:href='../../elts/us-gaap-2025.xsd#us-gaap_AdjustmentsForChangeInAccountingPrincipleAxis' xlink:label='loc_AdjustmentsForChangeInAccountingPrincipleAxis' xlink:type='locator' />
    <link:loc xlink:href='../../elts/us-gaap-2025.xsd#us-gaap_ChangeInAccountingPrincipleMember' xlink:label='loc_ChangeInAccountingPrincipleMember' xlink:type='locator' />
    <link:loc xlink:href='../../elts/us-gaap-2025.xsd#us-gaap_ChangeInAccountingPrincipleIndirectEffectAxis' xlink:label='loc_ChangeInAccountingPrincipleIndirectEffectAxis' xlink:type='locator' />
    <link:loc xlink:href='../../elts/us-gaap-2025.xsd#us-gaap_ChangeInAccountingPrincipleIndirectEffectDomain' xlink:label='loc_ChangeInAccountingPrincipleIndirectEffectDomain' xlink:type='locator' />
    <link:definitionArc order='1.0' xlink:arcrole='http://xbrl.org/int/dim/arcrole/dimension-domain' xlink:from='loc_LegalEntityAxis' xlink:to='loc_EntityDomain' xlink:type='arc' />
    <link:definitionArc order='2.0' xlink:arcrole='http://xbrl.org/int/dim/arcrole/dimension-domain' xlink:from='loc_AdjustmentsForNewAccountingPronouncementsAxis' xlink:to='loc_TypeOfAdoptionMember' xlink:type='arc' />
    <link:definitionArc order='3.0' xlink:arcrole='http://xbrl.org/int/dim/arcrole/dimension-domain' xlink:from='loc_CumulativeEffectPeriodOfAdoptionAxis' xlink:to='loc_CumulativeEffectPeriodOfAdoptionDomain' xlink:type='arc' />
    <link:definitionArc order='4.0' xlink:arcrole='http://xbrl.org/int/dim/arcrole/dimension-domain' xlink:from='loc_RestatementAxis' xlink:to='loc_RestatementDomain' xlink:type='arc' />
    <link:definitionArc order='5.0' xlink:arcrole='http://xbrl.org/int/dim/arcrole/dimension-domain' xlink:from='loc_StatementScenarioAxis' xlink:to='loc_ScenarioUnspecifiedDomain' xlink:type='arc' />
    <link:definitionArc order='6.0' xlink:arcrole='http://xbrl.org/int/dim/arcrole/dimension-domain' xlink:from='loc_AdjustmentsForChangeInAccountingPrincipleAxis' xlink:to='loc_ChangeInAccountingPrincipleMember' xlink:type='arc' />
    <link:definitionArc order='7.0' xlink:arcrole='http://xbrl.org/int/dim/arcrole/dimension-domain' xlink:from='loc_ChangeInAccountingPrincipleIndirectEffectAxis' xlink:to='loc_ChangeInAccountingPrincipleIndirectEffectDomain' xlink:type='arc' />
  </link:definitionLink>
  <link:definitionLink xlink:role='http://fasb.org/us-gaap/role/disclosure/EBPDescriptionOfPlanEbpAccountingStandardUpdateAndChangeInAccountingPrincipleTable' xlink:type='extended'>
    <link:loc xlink:href='https://xbrl.sec.gov/dei/2025/dei-2025.xsd#dei_LegalEntityAxis' xlink:label='loc_LegalEntityAxis' xlink:type='locator' />
    <link:loc xlink:href='https://xbrl.sec.gov/dei/2025/dei-2025.xsd#dei_EntityDomain' xlink:label='loc_EntityDomain' xlink:type='locator' />
    <link:loc xlink:href='../../elts/us-gaap-2025.xsd#us-gaap_AdjustmentsForNewAccountingPronouncementsAxis' xlink:label='loc_AdjustmentsForNewAccountingPronouncementsAxis' xlink:type='locator' />
    <link:loc xlink:href='../../elts/us-gaap-2025.xsd#us-gaap_TypeOfAdoptionMember' xlink:label='loc_TypeOfAdoptionMember' xlink:type='locator' />
    <link:loc xlink:href='https://xbrl.fasb.org/srt/2025/elts/srt-2025.xsd#srt_CumulativeEffectPeriodOfAdoptionAxis' xlink:label='loc_CumulativeEffectPeriodOfAdoptionAxis' xlink:type='locator' />
    <link:loc xlink:href='https://xbrl.fasb.org/srt/2025/elts/srt-2025.xsd#srt_CumulativeEffectPeriodOfAdoptionDomain' xlink:label='loc_CumulativeEffectPeriodOfAdoptionDomain' xlink:type='locator' />
    <link:loc xlink:href='https://xbrl.fasb.org/srt/2025/elts/srt-2025.xsd#srt_RestatementAxis' xlink:label='loc_RestatementAxis' xlink:type='locator' />
    <link:loc xlink:href='https://xbrl.fasb.org/srt/2025/elts/srt-2025.xsd#srt_RestatementDomain' xlink:label='loc_RestatementDomain' xlink:type='locator' />
    <link:loc xlink:href='https://xbrl.fasb.org/srt/2025/elts/srt-2025.xsd#srt_StatementScenarioAxis' xlink:label='loc_StatementScenarioAxis' xlink:type='locator' />
    <link:loc xlink:href='https://xbrl.fasb.org/srt/2025/elts/srt-2025.xsd#srt_ScenarioUnspecifiedDomain' xlink:label='loc_ScenarioUnspecifiedDomain' xlink:type='locator' />
    <link:loc xlink:href='../../elts/us-gaap-2025.xsd#us-gaap_AdjustmentsForChangeInAccountingPrincipleAxis' xlink:label='loc_AdjustmentsForChangeInAccountingPrincipleAxis' xlink:type='locator' />
    <link:loc xlink:href='../../elts/us-gaap-2025.xsd#us-gaap_ChangeInAccountingPrincipleMember' xlink:label='loc_ChangeInAccountingPrincipleMember' xlink:type='locator' />
    <link:loc xlink:href='../../elts/us-gaap-2025.xsd#us-gaap_ChangeInAccountingPrincipleIndirectEffectAxis' xlink:label='loc_ChangeInAccountingPrincipleIndirectEffectAxis' xlink:type='locator' />
    <link:loc xlink:href='../../elts/us-gaap-2025.xsd#us-gaap_ChangeInAccountingPrincipleIndirectEffectDomain' xlink:label='loc_ChangeInAccountingPrincipleIndirectEffectDomain' xlink:type='locator' />
    <link:definitionArc order='1.0' xlink:arcrole='http://xbrl.org/int/dim/arcrole/dimension-default' xlink:from='loc_LegalEntityAxis' xlink:to='loc_EntityDomain' xlink:type='arc' />
    <link:definitionArc order='2.0' xlink:arcrole='http://xbrl.org/int/dim/arcrole/dimension-default' xlink:from='loc_AdjustmentsForNewAccountingPronouncementsAxis' xlink:to='loc_TypeOfAdoptionMember' xlink:type='arc' />
    <link:definitionArc order='3.0' xlink:arcrole='http://xbrl.org/int/dim/arcrole/dimension-default' xlink:from='loc_CumulativeEffectPeriodOfAdoptionAxis' xlink:to='loc_CumulativeEffectPeriodOfAdoptionDomain' xlink:type='arc' />
    <link:definitionArc order='4.0' xlink:arcrole='http://xbrl.org/int/dim/arcrole/dimension-default' xlink:from='loc_RestatementAxis' xlink:to='loc_RestatementDomain' xlink:type='arc' />
    <link:definitionArc order='5.0' xlink:arcrole='http://xbrl.org/int/dim/arcrole/dimension-default' xlink:from='loc_StatementScenarioAxis' xlink:to='loc_ScenarioUnspecifiedDomain' xlink:type='arc' />
    <link:definitionArc order='6.0' xlink:arcrole='http://xbrl.org/int/dim/arcrole/dimension-default' xlink:from='loc_AdjustmentsForChangeInAccountingPrincipleAxis' xlink:to='loc_ChangeInAccountingPrincipleMember' xlink:type='arc' />
    <link:definitionArc order='7.0' xlink:arcrole='http://xbrl.org/int/dim/arcrole/dimension-default' xlink:from='loc_ChangeInAccountingPrincipleIndirectEffectAxis' xlink:to='loc_ChangeInAccountingPrincipleIndirectEffectDomain' xlink:type='arc' />
  </link:definitionLink>
  <link:definitionLink xlink:role='http://fasb.org/us-gaap/role/disclosure/EBPDescriptionOfPlanEbpAccountingStandardUpdateAndChangeInAccountingPrincipleTable' xlink:type='extended'>
    <link:loc xlink:href='../elts/us-gaap-ebp-2025.xsd#us-gaap-ebp_EbpAccountingStandardUpdateAndChangeInAccountingPrincipleLineItems' xlink:label='loc_EbpAccountingStandardUpdateAndChangeInAccountingPrincipleLineItems' xlink:type='locator' />
    <link:loc xlink:href='../elts/us-gaap-ebp-2025.xsd#us-gaap-ebp_EmployeeBenefitPlanDescriptionOfPlanTextBlock' xlink:label='loc_EmployeeBenefitPlanDescriptionOfPlanTextBlock' xlink:type='locator' />
    <link:loc xlink:href='../elts/us-gaap-ebp-2025.xsd#us-gaap-ebp_EbpAccountingStandardUpdateAdopted' xlink:label='loc_EbpAccountingStandardUpdateAdopted' xlink:type='locator' />
    <link:loc xlink:href='../elts/us-gaap-ebp-2025.xsd#us-gaap-ebp_EbpAccountingStandardUpdateEarlyAdoption' xlink:label='loc_EbpAccountingStandardUpdateEarlyAdoption' xlink:type='locator' />
    <link:loc xlink:href='../elts/us-gaap-ebp-2025.xsd#us-gaap-ebp_EbpAccountingStandardUpdateTransitionOptionElectedExtensibleEnumeration' xlink:label='loc_EbpAccountingStandardUpdateTransitionOptionElectedExtensibleEnumeration' xlink:type='locator' />
    <link:loc xlink:href='../elts/us-gaap-ebp-2025.xsd#us-gaap-ebp_EbpAccountingStandardUpdateAdoptionDate' xlink:label='loc_EbpAccountingStandardUpdateAdoptionDate' xlink:type='locator' />
    <link:loc xlink:href='../elts/us-gaap-ebp-2025.xsd#us-gaap-ebp_EbpAccountingStandardUpdateImmaterialEffect' xlink:label='loc_EbpAccountingStandardUpdateImmaterialEffect' xlink:type='locator' />
    <link:loc xlink:href='../elts/us-gaap-ebp-2025.xsd#us-gaap-ebp_EbpAccountingStandardUpdateEffectNotKnownOrEstimable' xlink:label='loc_EbpAccountingStandardUpdateEffectNotKnownOrEstimable' xlink:type='locator' />
    <link:loc xlink:href='../elts/us-gaap-ebp-2025.xsd#us-gaap-ebp_EbpAccountingStandardUpdateExtensibleEnumeration' xlink:label='loc_EbpAccountingStandardUpdateExtensibleEnumeration' xlink:type='locator' />
    <link:loc xlink:href='../elts/us-gaap-ebp-2025.xsd#us-gaap-ebp_EbpAccountingStandardUpdateAndChangeInAccountingPrincipleRetrospectiveApplicationImpracticableReasonAndAlternativeDescription' xlink:label='loc_EbpAccountingStandardUpdateAndChangeInAccountingPrincipleRetrospectiveApplicationImpracticableReasonAndAlternativeDescription' xlink:type='locator' />
    <link:loc xlink:href='../elts/us-gaap-ebp-2025.xsd#us-gaap-ebp_EbpAccountingStandardUpdateAndChangeInAccountingPrincipleRetrospectiveApplicationImpracticable' xlink:label='loc_EbpAccountingStandardUpdateAndChangeInAccountingPrincipleRetrospectiveApplicationImpracticable' xlink:type='locator' />
    <link:loc xlink:href='../elts/us-gaap-ebp-2025.xsd#us-gaap-ebp_EbpAccountingStandardUpdateAndChangeInAccountingPrinciplePriorPeriodRetrospectiveAdjustmentDescription' xlink:label='loc_EbpAccountingStandardUpdateAndChangeInAccountingPrinciplePriorPeriodRetrospectiveAdjustmentDescription' xlink:type='locator' />
    <link:loc xlink:href='../elts/us-gaap-ebp-2025.xsd#us-gaap-ebp_EbpAccountingStandardUpdateAndChangeInAccountingPrinciplePriorPeriodNotRestated' xlink:label='loc_EbpAccountingStandardUpdateAndChangeInAccountingPrinciplePriorPeriodNotRestated' xlink:type='locator' />
    <link:loc xlink:href='../elts/us-gaap-ebp-2025.xsd#us-gaap-ebp_EbpAccountingStandardUpdateAndChangeInAccountingPrincipleDescription' xlink:label='loc_EbpAccountingStandardUpdateAndChangeInAccountingPrincipleDescription' xlink:type='locator' />
    <link:loc xlink:href='../elts/us-gaap-ebp-2025.xsd#us-gaap-ebp_EbpChangeInAccountingPrincipleTypeExtensibleEnumeration' xlink:label='loc_EbpChangeInAccountingPrincipleTypeExtensibleEnumeration' xlink:type='locator' />
    <link:definitionArc order='1.0' xlink:arcrole='http://xbrl.org/int/dim/arcrole/domain-member' xlink:from='loc_EbpAccountingStandardUpdateAndChangeInAccountingPrincipleLineItems' xlink:to='loc_EmployeeBenefitPlanDescriptionOfPlanTextBlock' xlink:type='arc' />
    <link:definitionArc order='2.0' xlink:arcrole='http://xbrl.org/int/dim/arcrole/domain-member' xlink:from='loc_EbpAccountingStandardUpdateAndChangeInAccountingPrincipleLineItems' xlink:to='loc_EbpAccountingStandardUpdateAdopted' xlink:type='arc' />
    <link:definitionArc order='3.0' xlink:arcrole='http://xbrl.org/int/dim/arcrole/domain-member' xlink:from='loc_EbpAccountingStandardUpdateAndChangeInAccountingPrincipleLineItems' xlink:to='loc_EbpAccountingStandardUpdateEarlyAdoption' xlink:type='arc' />
    <link:definitionArc order='4.0' xlink:arcrole='http://xbrl.org/int/dim/arcrole/domain-member' xlink:from='loc_EbpAccountingStandardUpdateAndChangeInAccountingPrincipleLineItems' xlink:to='loc_EbpAccountingStandardUpdateTransitionOptionElectedExtensibleEnumeration' xlink:type='arc' />
    <link:definitionArc order='5.0' xlink:arcrole='http://xbrl.org/int/dim/arcrole/domain-member' xlink:from='loc_EbpAccountingStandardUpdateAndChangeInAccountingPrincipleLineItems' xlink:to='loc_EbpAccountingStandardUpdateAdoptionDate' xlink:type='arc' />
    <link:definitionArc order='6.0' xlink:arcrole='http://xbrl.org/int/dim/arcrole/domain-member' xlink:from='loc_EbpAccountingStandardUpdateAndChangeInAccountingPrincipleLineItems' xlink:to='loc_EbpAccountingStandardUpdateImmaterialEffect' xlink:type='arc' />
    <link:definitionArc order='7.0' xlink:arcrole='http://xbrl.org/int/dim/arcrole/domain-member' xlink:from='loc_EbpAccountingStandardUpdateAndChangeInAccountingPrincipleLineItems' xlink:to='loc_EbpAccountingStandardUpdateEffectNotKnownOrEstimable' xlink:type='arc' />
    <link:definitionArc order='8.0' xlink:arcrole='http://xbrl.org/int/dim/arcrole/domain-member' xlink:from='loc_EbpAccountingStandardUpdateAndChangeInAccountingPrincipleLineItems' xlink:to='loc_EbpAccountingStandardUpdateExtensibleEnumeration' xlink:type='arc' />
    <link:definitionArc order='9.0' xlink:arcrole='http://xbrl.org/int/dim/arcrole/domain-member' xlink:from='loc_EbpAccountingStandardUpdateAndChangeInAccountingPrincipleLineItems' xlink:to='loc_EbpAccountingStandardUpdateAndChangeInAccountingPrincipleRetrospectiveApplicationImpracticableReasonAndAlternativeDescription' xlink:type='arc' />
    <link:definitionArc order='10.0' xlink:arcrole='http://xbrl.org/int/dim/arcrole/domain-member' xlink:from='loc_EbpAccountingStandardUpdateAndChangeInAccountingPrincipleLineItems' xlink:to='loc_EbpAccountingStandardUpdateAndChangeInAccountingPrincipleRetrospectiveApplicationImpracticable' xlink:type='arc' />
    <link:definitionArc order='11.0' xlink:arcrole='http://xbrl.org/int/dim/arcrole/domain-member' xlink:from='loc_EbpAccountingStandardUpdateAndChangeInAccountingPrincipleLineItems' xlink:to='loc_EbpAccountingStandardUpdateAndChangeInAccountingPrinciplePriorPeriodRetrospectiveAdjustmentDescription' xlink:type='arc' />
    <link:definitionArc order='12.0' xlink:arcrole='http://xbrl.org/int/dim/arcrole/domain-member' xlink:from='loc_EbpAccountingStandardUpdateAndChangeInAccountingPrincipleLineItems' xlink:to='loc_EbpAccountingStandardUpdateAndChangeInAccountingPrinciplePriorPeriodNotRestated' xlink:type='arc' />
    <link:definitionArc order='13.0' xlink:arcrole='http://xbrl.org/int/dim/arcrole/domain-member' xlink:from='loc_EbpAccountingStandardUpdateAndChangeInAccountingPrincipleLineItems' xlink:to='loc_EbpAccountingStandardUpdateAndChangeInAccountingPrincipleDescription' xlink:type='arc' />
    <link:definitionArc order='14.0' xlink:arcrole='http://xbrl.org/int/dim/arcrole/domain-member' xlink:from='loc_EbpAccountingStandardUpdateAndChangeInAccountingPrincipleLineItems' xlink:to='loc_EbpChangeInAccountingPrincipleTypeExtensibleEnumeration' xlink:type='arc' />
  </link:definitionLink>
  <link:definitionLink xlink:role='http://fasb.org/us-gaap/role/disclosure/EBPDescriptionOfPlanEbpAccountingStandardUpdateAndChangeInAccountingPrincipleTable' xlink:type='extended'>
    <link:loc xlink:href='../../elts/us-gaap-2025.xsd#us-gaap_TypeOfAdoptionMember' xlink:label='loc_TypeOfAdoptionMember' xlink:type='locator' />
    <link:loc xlink:href='../../elts/us-gaap-2025.xsd#us-gaap_AccountingStandardsUpdate201613Member' xlink:label='loc_AccountingStandardsUpdate201613Member' xlink:type='locator' />
    <link:loc xlink:href='../../elts/us-gaap-2025.xsd#us-gaap_AccountingStandardsUpdate201904Member' xlink:label='loc_AccountingStandardsUpdate201904Member' xlink:type='locator' />
    <link:loc xlink:href='../../elts/us-gaap-2025.xsd#us-gaap_AccountingStandardsUpdate202203Member' xlink:label='loc_AccountingStandardsUpdate202203Member' xlink:type='locator' />
    <link:loc xlink:href='https://xbrl.fasb.org/srt/2025/elts/srt-2025.xsd#srt_CumulativeEffectPeriodOfAdoptionDomain' xlink:label='loc_CumulativeEffectPeriodOfAdoptionDomain' xlink:type='locator' />
    <link:loc xlink:href='https://xbrl.fasb.org/srt/2025/elts/srt-2025.xsd#srt_CumulativeEffectPeriodOfAdoptionAdjustedBalanceMember' xlink:label='loc_CumulativeEffectPeriodOfAdoptionAdjustedBalanceMember' xlink:type='locator' />
    <link:loc xlink:href='https://xbrl.fasb.org/srt/2025/elts/srt-2025.xsd#srt_CumulativeEffectPeriodOfAdoptionAdjustmentMember' xlink:label='loc_CumulativeEffectPeriodOfAdoptionAdjustmentMember' xlink:type='locator' />
    <link:loc xlink:href='https://xbrl.fasb.org/srt/2025/elts/srt-2025.xsd#srt_RestatementDomain' xlink:label='loc_RestatementDomain' xlink:type='locator' />
    <link:loc xlink:href='https://xbrl.fasb.org/srt/2025/elts/srt-2025.xsd#srt_ScenarioPreviouslyReportedMember' xlink:label='loc_ScenarioPreviouslyReportedMember' xlink:type='locator' />
    <link:loc xlink:href='https://xbrl.fasb.org/srt/2025/elts/srt-2025.xsd#srt_RestatementAdjustmentMember' xlink:label='loc_RestatementAdjustmentMember' xlink:type='locator' />
    <link:loc xlink:href='https://xbrl.fasb.org/srt/2025/elts/srt-2025.xsd#srt_RevisionOfPriorPeriodAccountingStandardsUpdateAdjustmentMember' xlink:label='loc_RevisionOfPriorPeriodAccountingStandardsUpdateAdjustmentMember' xlink:type='locator' />
    <link:loc xlink:href='https://xbrl.fasb.org/srt/2025/elts/srt-2025.xsd#srt_RevisionOfPriorPeriodChangeInAccountingPrincipleAdjustmentMember' xlink:label='loc_RevisionOfPriorPeriodChangeInAccountingPrincipleAdjustmentMember' xlink:type='locator' />
    <link:loc xlink:href='https://xbrl.fasb.org/srt/2025/elts/srt-2025.xsd#srt_RevisionOfPriorPeriodErrorCorrectionAdjustmentMember' xlink:label='loc_RevisionOfPriorPeriodErrorCorrectionAdjustmentMember' xlink:type='locator' />
    <link:loc xlink:href='https://xbrl.fasb.org/srt/2025/elts/srt-2025.xsd#srt_RevisionOfPriorPeriodReclassificationAdjustmentMember' xlink:label='loc_RevisionOfPriorPeriodReclassificationAdjustmentMember' xlink:type='locator' />
    <link:loc xlink:href='https://xbrl.fasb.org/srt/2025/elts/srt-2025.xsd#srt_ScenarioUnspecifiedDomain' xlink:label='loc_ScenarioUnspecifiedDomain' xlink:type='locator' />
    <link:loc xlink:href='../../elts/us-gaap-2025.xsd#us-gaap_ScenarioAdjustmentMember' xlink:label='loc_ScenarioAdjustmentMember' xlink:type='locator' />
    <link:loc xlink:href='https://xbrl.fasb.org/srt/2025/elts/srt-2025.xsd#srt_ScenarioForecastMember' xlink:label='loc_ScenarioForecastMember' xlink:type='locator' />
    <link:loc xlink:href='../../elts/us-gaap-2025.xsd#us-gaap_ScenarioPlanMember' xlink:label='loc_ScenarioPlanMember' xlink:type='locator' />
    <link:loc xlink:href='https://xbrl.fasb.org/srt/2025/elts/srt-2025.xsd#srt_ProFormaMember' xlink:label='loc_ProFormaMember' xlink:type='locator' />
    <link:loc xlink:href='../../elts/us-gaap-2025.xsd#us-gaap_ChangeInAccountingPrincipleIndirectEffectDomain' xlink:label='loc_ChangeInAccountingPrincipleIndirectEffectDomain' xlink:type='locator' />
    <link:loc xlink:href='../../elts/us-gaap-2025.xsd#us-gaap_ChangeInAccountingPrincipleIndirectEffectMember' xlink:label='loc_ChangeInAccountingPrincipleIndirectEffectMember' xlink:type='locator' />
    <link:definitionArc order='1.0' xlink:arcrole='http://xbrl.org/int/dim/arcrole/domain-member' xlink:from='loc_TypeOfAdoptionMember' xlink:to='loc_AccountingStandardsUpdate201613Member' xlink:type='arc' />
    <link:definitionArc order='2.0' xlink:arcrole='http://xbrl.org/int/dim/arcrole/domain-member' xlink:from='loc_TypeOfAdoptionMember' xlink:to='loc_AccountingStandardsUpdate201904Member' xlink:type='arc' />
    <link:definitionArc order='3.0' xlink:arcrole='http://xbrl.org/int/dim/arcrole/domain-member' xlink:from='loc_TypeOfAdoptionMember' xlink:to='loc_AccountingStandardsUpdate202203Member' xlink:type='arc' />
    <link:definitionArc order='4.0' xlink:arcrole='http://xbrl.org/int/dim/arcrole/domain-member' xlink:from='loc_CumulativeEffectPeriodOfAdoptionDomain' xlink:to='loc_CumulativeEffectPeriodOfAdoptionAdjustedBalanceMember' xlink:type='arc' />
    <link:definitionArc order='5.0' xlink:arcrole='http://xbrl.org/int/dim/arcrole/domain-member' xlink:from='loc_CumulativeEffectPeriodOfAdoptionDomain' xlink:to='loc_CumulativeEffectPeriodOfAdoptionAdjustmentMember' xlink:type='arc' />
    <link:definitionArc order='6.0' xlink:arcrole='http://xbrl.org/int/dim/arcrole/domain-member' xlink:from='loc_RestatementDomain' xlink:to='loc_ScenarioPreviouslyReportedMember' xlink:type='arc' />
    <link:definitionArc order='7.0' xlink:arcrole='http://xbrl.org/int/dim/arcrole/domain-member' xlink:from='loc_RestatementDomain' xlink:to='loc_RestatementAdjustmentMember' xlink:type='arc' />
    <link:definitionArc order='8.0' xlink:arcrole='http://xbrl.org/int/dim/arcrole/domain-member' xlink:from='loc_RestatementAdjustmentMember' xlink:to='loc_RevisionOfPriorPeriodAccountingStandardsUpdateAdjustmentMember' xlink:type='arc' />
    <link:definitionArc order='9.0' xlink:arcrole='http://xbrl.org/int/dim/arcrole/domain-member' xlink:from='loc_RestatementAdjustmentMember' xlink:to='loc_RevisionOfPriorPeriodChangeInAccountingPrincipleAdjustmentMember' xlink:type='arc' />
    <link:definitionArc order='10.0' xlink:arcrole='http://xbrl.org/int/dim/arcrole/domain-member' xlink:from='loc_RestatementAdjustmentMember' xlink:to='loc_RevisionOfPriorPeriodErrorCorrectionAdjustmentMember' xlink:type='arc' />
    <link:definitionArc order='11.0' xlink:arcrole='http://xbrl.org/int/dim/arcrole/domain-member' xlink:from='loc_RestatementAdjustmentMember' xlink:to='loc_RevisionOfPriorPeriodReclassificationAdjustmentMember' xlink:type='arc' />
    <link:definitionArc order='12.0' xlink:arcrole='http://xbrl.org/int/dim/arcrole/domain-member' xlink:from='loc_ScenarioUnspecifiedDomain' xlink:to='loc_ScenarioAdjustmentMember' xlink:type='arc' />
    <link:definitionArc order='13.0' xlink:arcrole='http://xbrl.org/int/dim/arcrole/domain-member' xlink:from='loc_ScenarioUnspecifiedDomain' xlink:to='loc_ScenarioForecastMember' xlink:type='arc' />
    <link:definitionArc order='14.0' xlink:arcrole='http://xbrl.org/int/dim/arcrole/domain-member' xlink:from='loc_ScenarioUnspecifiedDomain' xlink:to='loc_ScenarioPlanMember' xlink:type='arc' />
    <link:definitionArc order='15.0' xlink:arcrole='http://xbrl.org/int/dim/arcrole/domain-member' xlink:from='loc_ScenarioUnspecifiedDomain' xlink:to='loc_ProFormaMember' xlink:type='arc' />
    <link:definitionArc order='16.0' xlink:arcrole='http://xbrl.org/int/dim/arcrole/domain-member' xlink:from='loc_ChangeInAccountingPrincipleIndirectEffectDomain' xlink:to='loc_ChangeInAccountingPrincipleIndirectEffectMember' xlink:type='arc' />
  </link:definitionLink>
</link:linkbase>
