<?xml version='1.0' encoding='UTF-8'?>

<!--
(c) 2010-2025 Financial Accounting Foundation; (c) 2007-2010 XBRL US, Inc.  All Rights Reserved.
Notice: Authorized Uses are Set Forth at https://xbrl.fasb.org/terms/TaxonomiesTermsConditions.html
  -->
<link:linkbase xmlns:link='http://www.xbrl.org/2003/linkbase' xmlns:xlink='http://www.w3.org/1999/xlink' xmlns:xsi='http://www.w3.org/2001/XMLSchema-instance' xsi:schemaLocation='http://www.xbrl.org/2003/linkbase http://www.xbrl.org/2003/xbrl-linkbase-2003-12-31.xsd'>
  <link:roleRef roleURI='http://fasb.org/us-gaap/role/disclosure/EBPSummaryAccountingPolicy' xlink:href='../../elts/us-roles-2025.xsd#ebp-sap' xlink:type='simple' />
  <link:presentationLink xlink:role='http://fasb.org/us-gaap/role/disclosure/EBPSummaryAccountingPolicy' xlink:type='extended'>
    <link:loc xlink:href='../elts/us-gaap-ebp-2025.xsd#us-gaap-ebp_EmployeeBenefitPlanAccountingPolicyAbstract' xlink:label='loc_EmployeeBenefitPlanAccountingPolicyAbstract' xlink:type='locator' />
    <link:loc xlink:href='../elts/us-gaap-ebp-2025.xsd#us-gaap-ebp_EmployeeBenefitPlanAccountingPolicyTable' xlink:label='loc_EmployeeBenefitPlanAccountingPolicyTable' xlink:type='locator' />
    <link:loc xlink:href='https://xbrl.sec.gov/dei/2025/dei-2025.xsd#dei_LegalEntityAxis' xlink:label='loc_LegalEntityAxis' xlink:type='locator' />
    <link:loc xlink:href='../elts/us-gaap-ebp-2025.xsd#us-gaap-ebp_UseLegalEntityAxisOnEveryXbrlFactTaggedInEachEmployeeBenefitPlanFilingGuidance' xlink:label='loc_UseLegalEntityAxisOnEveryXbrlFactTaggedInEachEmployeeBenefitPlanFilingGuidance' xlink:type='locator' />
    <link:loc xlink:href='https://xbrl.sec.gov/dei/2025/dei-2025.xsd#dei_EntityDomain' xlink:label='loc_EntityDomain' xlink:type='locator' />
    <link:loc xlink:href='../elts/us-gaap-ebp-2025.xsd#us-gaap-ebp_CreatePlanSpecificMemberWithLegalEntityAxisForEmployeeBenefitPlanFilingInFollowingFormatEbpEmployerIdentificationNumbePlanNumberForExampleEbpMemberGuidance' xlink:label='loc_CreatePlanSpecificMemberWithLegalEntityAxisForEmployeeBenefitPlanFilingInFollowingFormatEbpEmployerIdentificationNumbePlanNumberForExampleEbpMemberGuidance' xlink:type='locator' />
    <link:loc xlink:href='../elts/us-gaap-ebp-2025.xsd#us-gaap-ebp_EmployeeBenefitPlanAccountingPolicyLineItems' xlink:label='loc_EmployeeBenefitPlanAccountingPolicyLineItems' xlink:type='locator' />
    <link:loc xlink:href='../elts/us-gaap-ebp-2025.xsd#us-gaap-ebp_EmployeeBenefitPlanSummaryOfAccountingPolicyTextBlock' xlink:label='loc_EmployeeBenefitPlanSummaryOfAccountingPolicyTextBlock' xlink:type='locator' />
    <link:loc xlink:href='../elts/us-gaap-ebp-2025.xsd#us-gaap-ebp_EmployeeBenefitPlanBasisOfAccountingPolicyTextBlock' xlink:label='loc_EmployeeBenefitPlanBasisOfAccountingPolicyTextBlock' xlink:type='locator' />
    <link:loc xlink:href='../elts/us-gaap-ebp-2025.xsd#us-gaap-ebp_EmployeeBenefitPlanModifiedCashBasis' xlink:label='loc_EmployeeBenefitPlanModifiedCashBasis' xlink:type='locator' />
    <link:loc xlink:href='../elts/us-gaap-ebp-2025.xsd#us-gaap-ebp_EmployeeBenefitPlanLiquidationBasisOfAccounting' xlink:label='loc_EmployeeBenefitPlanLiquidationBasisOfAccounting' xlink:type='locator' />
    <link:loc xlink:href='../elts/us-gaap-ebp-2025.xsd#us-gaap-ebp_EmployeeBenefitPlanContributionPolicyTextBlock' xlink:label='loc_EmployeeBenefitPlanContributionPolicyTextBlock' xlink:type='locator' />
    <link:loc xlink:href='../elts/us-gaap-ebp-2025.xsd#us-gaap-ebp_EmployeeBenefitPlanExcessContributionPayablePolicyTextBlock' xlink:label='loc_EmployeeBenefitPlanExcessContributionPayablePolicyTextBlock' xlink:type='locator' />
    <link:loc xlink:href='../elts/us-gaap-ebp-2025.xsd#us-gaap-ebp_EmployeeBenefitPlanExpensePolicyTextBlock' xlink:label='loc_EmployeeBenefitPlanExpensePolicyTextBlock' xlink:type='locator' />
    <link:loc xlink:href='../elts/us-gaap-ebp-2025.xsd#us-gaap-ebp_EmployeeBenefitPlanInvestmentPolicyTextBlock' xlink:label='loc_EmployeeBenefitPlanInvestmentPolicyTextBlock' xlink:type='locator' />
    <link:loc xlink:href='../elts/us-gaap-ebp-2025.xsd#us-gaap-ebp_EmployeeBenefitPlanInvestmentAccountingPolicyElectionMonthEndMeasurementDateElected' xlink:label='loc_EmployeeBenefitPlanInvestmentAccountingPolicyElectionMonthEndMeasurementDateElected' xlink:type='locator' />
    <link:loc xlink:href='../elts/us-gaap-ebp-2025.xsd#us-gaap-ebp_EmployeeBenefitPlanInvestmentAccountingPolicyElectionMeasurementDate' xlink:label='loc_EmployeeBenefitPlanInvestmentAccountingPolicyElectionMeasurementDate' xlink:type='locator' />
    <link:loc xlink:href='../elts/us-gaap-ebp-2025.xsd#us-gaap-ebp_EbpDerivativePolicyTextBlock' xlink:label='loc_EbpDerivativePolicyTextBlock' xlink:type='locator' />
    <link:loc xlink:href='../elts/us-gaap-ebp-2025.xsd#us-gaap-ebp_EmployeeBenefitPlanMasterTrustPolicyTextBlock' xlink:label='loc_EmployeeBenefitPlanMasterTrustPolicyTextBlock' xlink:type='locator' />
    <link:loc xlink:href='../elts/us-gaap-ebp-2025.xsd#us-gaap-ebp_EmployeeBenefitPlanNoteReceivableFromParticipantPolicyTextBlock' xlink:label='loc_EmployeeBenefitPlanNoteReceivableFromParticipantPolicyTextBlock' xlink:type='locator' />
    <link:loc xlink:href='../elts/us-gaap-ebp-2025.xsd#us-gaap-ebp_EmployeeBenefitPlanPaymentToParticipantPolicyTextBlock' xlink:label='loc_EmployeeBenefitPlanPaymentToParticipantPolicyTextBlock' xlink:type='locator' />
    <link:loc xlink:href='../elts/us-gaap-ebp-2025.xsd#us-gaap-ebp_EmployeeBenefitPlanPurchaseOfInsuranceContractExcludedFromPlanAssetPolicyTextBlock' xlink:label='loc_EmployeeBenefitPlanPurchaseOfInsuranceContractExcludedFromPlanAssetPolicyTextBlock' xlink:type='locator' />
    <link:loc xlink:href='../elts/us-gaap-ebp-2025.xsd#us-gaap-ebp_EmployeeBenefitPlanUnallocatedAssetPolicyTextBlock' xlink:label='loc_EmployeeBenefitPlanUnallocatedAssetPolicyTextBlock' xlink:type='locator' />
    <link:loc xlink:href='../elts/us-gaap-ebp-2025.xsd#us-gaap-ebp_EmployeeBenefitPlanSubsequentEventPolicyTextBlock' xlink:label='loc_EmployeeBenefitPlanSubsequentEventPolicyTextBlock' xlink:type='locator' />
    <link:loc xlink:href='../elts/us-gaap-ebp-2025.xsd#us-gaap-ebp_EmployeeBenefitPlanUseOfEstimatePolicyTextBlock' xlink:label='loc_EmployeeBenefitPlanUseOfEstimatePolicyTextBlock' xlink:type='locator' />
    <link:loc xlink:href='../elts/us-gaap-ebp-2025.xsd#us-gaap-ebp_EbpAccountingStandardUpdateAndChangeInAccountingPrincipleTable' xlink:label='loc_EbpAccountingStandardUpdateAndChangeInAccountingPrincipleTable' xlink:type='locator' />
    <link:loc xlink:href='../../elts/us-gaap-2025.xsd#us-gaap_AdjustmentsForNewAccountingPronouncementsAxis' xlink:label='loc_AdjustmentsForNewAccountingPronouncementsAxis' xlink:type='locator' />
    <link:loc xlink:href='../../elts/us-gaap-2025.xsd#us-gaap_TypeOfAdoptionMember' xlink:label='loc_TypeOfAdoptionMember' xlink:type='locator' />
    <link:loc xlink:href='../../elts/us-gaap-2025.xsd#us-gaap_AccountingStandardsUpdate201613Member' xlink:label='loc_AccountingStandardsUpdate201613Member' xlink:type='locator' />
    <link:loc xlink:href='../../elts/us-gaap-2025.xsd#us-gaap_AccountingStandardsUpdate201904Member' xlink:label='loc_AccountingStandardsUpdate201904Member' xlink:type='locator' />
    <link:loc xlink:href='../../elts/us-gaap-2025.xsd#us-gaap_AccountingStandardsUpdate202203Member' xlink:label='loc_AccountingStandardsUpdate202203Member' xlink:type='locator' />
    <link:loc xlink:href='https://xbrl.fasb.org/srt/2025/elts/srt-2025.xsd#srt_CumulativeEffectPeriodOfAdoptionAxis' xlink:label='loc_CumulativeEffectPeriodOfAdoptionAxis' xlink:type='locator' />
    <link:loc xlink:href='https://xbrl.fasb.org/srt/2025/elts/srt-2025.xsd#srt_CumulativeEffectPeriodOfAdoptionDomain' xlink:label='loc_CumulativeEffectPeriodOfAdoptionDomain' xlink:type='locator' />
    <link:loc xlink:href='https://xbrl.fasb.org/srt/2025/elts/srt-2025.xsd#srt_CumulativeEffectPeriodOfAdoptionAdjustedBalanceMember' xlink:label='loc_CumulativeEffectPeriodOfAdoptionAdjustedBalanceMember' xlink:type='locator' />
    <link:loc xlink:href='https://xbrl.fasb.org/srt/2025/elts/srt-2025.xsd#srt_CumulativeEffectPeriodOfAdoptionAdjustmentMember' xlink:label='loc_CumulativeEffectPeriodOfAdoptionAdjustmentMember' xlink:type='locator' />
    <link:loc xlink:href='https://xbrl.fasb.org/srt/2025/elts/srt-2025.xsd#srt_RestatementAxis' xlink:label='loc_RestatementAxis' xlink:type='locator' />
    <link:loc xlink:href='https://xbrl.fasb.org/srt/2025/elts/srt-2025.xsd#srt_RestatementDomain' xlink:label='loc_RestatementDomain' xlink:type='locator' />
    <link:loc xlink:href='https://xbrl.fasb.org/srt/2025/elts/srt-2025.xsd#srt_ScenarioPreviouslyReportedMember' xlink:label='loc_ScenarioPreviouslyReportedMember' xlink:type='locator' />
    <link:loc xlink:href='https://xbrl.fasb.org/srt/2025/elts/srt-2025.xsd#srt_RestatementAdjustmentMember' xlink:label='loc_RestatementAdjustmentMember' xlink:type='locator' />
    <link:loc xlink:href='https://xbrl.fasb.org/srt/2025/elts/srt-2025.xsd#srt_RevisionOfPriorPeriodAccountingStandardsUpdateAdjustmentMember' xlink:label='loc_RevisionOfPriorPeriodAccountingStandardsUpdateAdjustmentMember' xlink:type='locator' />
    <link:loc xlink:href='https://xbrl.fasb.org/srt/2025/elts/srt-2025.xsd#srt_RevisionOfPriorPeriodChangeInAccountingPrincipleAdjustmentMember' xlink:label='loc_RevisionOfPriorPeriodChangeInAccountingPrincipleAdjustmentMember' xlink:type='locator' />
    <link:loc xlink:href='https://xbrl.fasb.org/srt/2025/elts/srt-2025.xsd#srt_RevisionOfPriorPeriodErrorCorrectionAdjustmentMember' xlink:label='loc_RevisionOfPriorPeriodErrorCorrectionAdjustmentMember' xlink:type='locator' />
    <link:loc xlink:href='https://xbrl.fasb.org/srt/2025/elts/srt-2025.xsd#srt_RevisionOfPriorPeriodReclassificationAdjustmentMember' xlink:label='loc_RevisionOfPriorPeriodReclassificationAdjustmentMember' xlink:type='locator' />
    <link:loc xlink:href='https://xbrl.fasb.org/srt/2025/elts/srt-2025.xsd#srt_StatementScenarioAxis' xlink:label='loc_StatementScenarioAxis' xlink:type='locator' />
    <link:loc xlink:href='https://xbrl.fasb.org/srt/2025/elts/srt-2025.xsd#srt_ScenarioUnspecifiedDomain' xlink:label='loc_ScenarioUnspecifiedDomain' xlink:type='locator' />
    <link:loc xlink:href='../../elts/us-gaap-2025.xsd#us-gaap_ScenarioAdjustmentMember' xlink:label='loc_ScenarioAdjustmentMember' xlink:type='locator' />
    <link:loc xlink:href='https://xbrl.fasb.org/srt/2025/elts/srt-2025.xsd#srt_ScenarioForecastMember' xlink:label='loc_ScenarioForecastMember' xlink:type='locator' />
    <link:loc xlink:href='../../elts/us-gaap-2025.xsd#us-gaap_ScenarioPlanMember' xlink:label='loc_ScenarioPlanMember' xlink:type='locator' />
    <link:loc xlink:href='https://xbrl.fasb.org/srt/2025/elts/srt-2025.xsd#srt_ProFormaMember' xlink:label='loc_ProFormaMember' xlink:type='locator' />
    <link:loc xlink:href='../../elts/us-gaap-2025.xsd#us-gaap_AdjustmentsForChangeInAccountingPrincipleAxis' xlink:label='loc_AdjustmentsForChangeInAccountingPrincipleAxis' xlink:type='locator' />
    <link:loc xlink:href='../../elts/us-gaap-2025.xsd#us-gaap_ChangeInAccountingPrincipleMember' xlink:label='loc_ChangeInAccountingPrincipleMember' xlink:type='locator' />
    <link:loc xlink:href='../../elts/us-gaap-2025.xsd#us-gaap_ChangeInAccountingPrincipleIndirectEffectAxis' xlink:label='loc_ChangeInAccountingPrincipleIndirectEffectAxis' xlink:type='locator' />
    <link:loc xlink:href='../../elts/us-gaap-2025.xsd#us-gaap_ChangeInAccountingPrincipleIndirectEffectDomain' xlink:label='loc_ChangeInAccountingPrincipleIndirectEffectDomain' xlink:type='locator' />
    <link:loc xlink:href='../../elts/us-gaap-2025.xsd#us-gaap_ChangeInAccountingPrincipleIndirectEffectMember' xlink:label='loc_ChangeInAccountingPrincipleIndirectEffectMember' xlink:type='locator' />
    <link:loc xlink:href='../elts/us-gaap-ebp-2025.xsd#us-gaap-ebp_EbpAccountingStandardUpdateAndChangeInAccountingPrincipleLineItems' xlink:label='loc_EbpAccountingStandardUpdateAndChangeInAccountingPrincipleLineItems' xlink:type='locator' />
    <link:loc xlink:href='../elts/us-gaap-ebp-2025.xsd#us-gaap-ebp_EbpAccountingStandardUpdateAdopted' xlink:label='loc_EbpAccountingStandardUpdateAdopted' xlink:type='locator' />
    <link:loc xlink:href='../elts/us-gaap-ebp-2025.xsd#us-gaap-ebp_EbpAccountingStandardUpdateEarlyAdoption' xlink:label='loc_EbpAccountingStandardUpdateEarlyAdoption' xlink:type='locator' />
    <link:loc xlink:href='../elts/us-gaap-ebp-2025.xsd#us-gaap-ebp_EbpAccountingStandardUpdateTransitionOptionElectedExtensibleEnumeration' xlink:label='loc_EbpAccountingStandardUpdateTransitionOptionElectedExtensibleEnumeration' xlink:type='locator' />
    <link:loc xlink:href='../elts/us-gaap-ebp-2025.xsd#us-gaap-ebp_EbpAccountingStandardUpdateAdoptionDate' xlink:label='loc_EbpAccountingStandardUpdateAdoptionDate' xlink:type='locator' />
    <link:loc xlink:href='../elts/us-gaap-ebp-2025.xsd#us-gaap-ebp_EbpAccountingStandardUpdateImmaterialEffect' xlink:label='loc_EbpAccountingStandardUpdateImmaterialEffect' xlink:type='locator' />
    <link:loc xlink:href='../elts/us-gaap-ebp-2025.xsd#us-gaap-ebp_EbpAccountingStandardUpdateEffectNotKnownOrEstimable' xlink:label='loc_EbpAccountingStandardUpdateEffectNotKnownOrEstimable' xlink:type='locator' />
    <link:loc xlink:href='../elts/us-gaap-ebp-2025.xsd#us-gaap-ebp_EbpAccountingStandardUpdateExtensibleEnumeration' xlink:label='loc_EbpAccountingStandardUpdateExtensibleEnumeration' xlink:type='locator' />
    <link:loc xlink:href='../elts/us-gaap-ebp-2025.xsd#us-gaap-ebp_EbpAccountingStandardUpdateAndChangeInAccountingPrincipleRetrospectiveApplicationImpracticableReasonAndAlternativeDescription' xlink:label='loc_EbpAccountingStandardUpdateAndChangeInAccountingPrincipleRetrospectiveApplicationImpracticableReasonAndAlternativeDescription' xlink:type='locator' />
    <link:loc xlink:href='../elts/us-gaap-ebp-2025.xsd#us-gaap-ebp_EbpAccountingStandardUpdateAndChangeInAccountingPrincipleRetrospectiveApplicationImpracticable' xlink:label='loc_EbpAccountingStandardUpdateAndChangeInAccountingPrincipleRetrospectiveApplicationImpracticable' xlink:type='locator' />
    <link:loc xlink:href='../elts/us-gaap-ebp-2025.xsd#us-gaap-ebp_EbpAccountingStandardUpdateAndChangeInAccountingPrinciplePriorPeriodRetrospectiveAdjustmentDescription' xlink:label='loc_EbpAccountingStandardUpdateAndChangeInAccountingPrinciplePriorPeriodRetrospectiveAdjustmentDescription' xlink:type='locator' />
    <link:loc xlink:href='../elts/us-gaap-ebp-2025.xsd#us-gaap-ebp_EbpAccountingStandardUpdateAndChangeInAccountingPrinciplePriorPeriodNotRestated' xlink:label='loc_EbpAccountingStandardUpdateAndChangeInAccountingPrinciplePriorPeriodNotRestated' xlink:type='locator' />
    <link:loc xlink:href='../elts/us-gaap-ebp-2025.xsd#us-gaap-ebp_EbpAccountingStandardUpdateAndChangeInAccountingPrincipleDescription' xlink:label='loc_EbpAccountingStandardUpdateAndChangeInAccountingPrincipleDescription' xlink:type='locator' />
    <link:loc xlink:href='../elts/us-gaap-ebp-2025.xsd#us-gaap-ebp_EbpChangeInAccountingPrincipleTypeExtensibleEnumeration' xlink:label='loc_EbpChangeInAccountingPrincipleTypeExtensibleEnumeration' xlink:type='locator' />
    <link:presentationArc order='10' xlink:arcrole='http://www.xbrl.org/2003/arcrole/parent-child' xlink:from='loc_EmployeeBenefitPlanAccountingPolicyAbstract' xlink:to='loc_EmployeeBenefitPlanAccountingPolicyTable' xlink:type='arc' />
    <link:presentationArc order='10' xlink:arcrole='http://www.xbrl.org/2003/arcrole/parent-child' xlink:from='loc_EmployeeBenefitPlanAccountingPolicyTable' xlink:to='loc_LegalEntityAxis' xlink:type='arc' />
    <link:presentationArc order='10' xlink:arcrole='http://www.xbrl.org/2003/arcrole/parent-child' xlink:from='loc_LegalEntityAxis' xlink:to='loc_UseLegalEntityAxisOnEveryXbrlFactTaggedInEachEmployeeBenefitPlanFilingGuidance' xlink:type='arc' />
    <link:presentationArc order='20' xlink:arcrole='http://www.xbrl.org/2003/arcrole/parent-child' xlink:from='loc_LegalEntityAxis' xlink:to='loc_EntityDomain' xlink:type='arc' />
    <link:presentationArc order='10' xlink:arcrole='http://www.xbrl.org/2003/arcrole/parent-child' xlink:from='loc_EntityDomain' xlink:to='loc_CreatePlanSpecificMemberWithLegalEntityAxisForEmployeeBenefitPlanFilingInFollowingFormatEbpEmployerIdentificationNumbePlanNumberForExampleEbpMemberGuidance' xlink:type='arc' />
    <link:presentationArc order='20' xlink:arcrole='http://www.xbrl.org/2003/arcrole/parent-child' xlink:from='loc_EmployeeBenefitPlanAccountingPolicyTable' xlink:to='loc_EmployeeBenefitPlanAccountingPolicyLineItems' xlink:type='arc' />
    <link:presentationArc order='10' xlink:arcrole='http://www.xbrl.org/2003/arcrole/parent-child' xlink:from='loc_EmployeeBenefitPlanAccountingPolicyLineItems' xlink:to='loc_EmployeeBenefitPlanSummaryOfAccountingPolicyTextBlock' xlink:type='arc' />
    <link:presentationArc order='20' xlink:arcrole='http://www.xbrl.org/2003/arcrole/parent-child' xlink:from='loc_EmployeeBenefitPlanAccountingPolicyLineItems' xlink:to='loc_EmployeeBenefitPlanBasisOfAccountingPolicyTextBlock' xlink:type='arc' />
    <link:presentationArc order='10' xlink:arcrole='http://www.xbrl.org/2003/arcrole/parent-child' xlink:from='loc_EmployeeBenefitPlanBasisOfAccountingPolicyTextBlock' xlink:to='loc_EmployeeBenefitPlanModifiedCashBasis' xlink:type='arc' />
    <link:presentationArc order='20' xlink:arcrole='http://www.xbrl.org/2003/arcrole/parent-child' xlink:from='loc_EmployeeBenefitPlanBasisOfAccountingPolicyTextBlock' xlink:to='loc_EmployeeBenefitPlanLiquidationBasisOfAccounting' xlink:type='arc' />
    <link:presentationArc order='30' xlink:arcrole='http://www.xbrl.org/2003/arcrole/parent-child' xlink:from='loc_EmployeeBenefitPlanAccountingPolicyLineItems' xlink:to='loc_EmployeeBenefitPlanContributionPolicyTextBlock' xlink:type='arc' />
    <link:presentationArc order='40' xlink:arcrole='http://www.xbrl.org/2003/arcrole/parent-child' xlink:from='loc_EmployeeBenefitPlanAccountingPolicyLineItems' xlink:to='loc_EmployeeBenefitPlanExcessContributionPayablePolicyTextBlock' xlink:type='arc' />
    <link:presentationArc order='50' xlink:arcrole='http://www.xbrl.org/2003/arcrole/parent-child' xlink:from='loc_EmployeeBenefitPlanAccountingPolicyLineItems' xlink:to='loc_EmployeeBenefitPlanExpensePolicyTextBlock' xlink:type='arc' />
    <link:presentationArc order='60' xlink:arcrole='http://www.xbrl.org/2003/arcrole/parent-child' xlink:from='loc_EmployeeBenefitPlanAccountingPolicyLineItems' xlink:to='loc_EmployeeBenefitPlanInvestmentPolicyTextBlock' xlink:type='arc' />
    <link:presentationArc order='10' xlink:arcrole='http://www.xbrl.org/2003/arcrole/parent-child' xlink:from='loc_EmployeeBenefitPlanInvestmentPolicyTextBlock' xlink:to='loc_EmployeeBenefitPlanInvestmentAccountingPolicyElectionMonthEndMeasurementDateElected' xlink:type='arc' />
    <link:presentationArc order='20' xlink:arcrole='http://www.xbrl.org/2003/arcrole/parent-child' xlink:from='loc_EmployeeBenefitPlanInvestmentPolicyTextBlock' xlink:to='loc_EmployeeBenefitPlanInvestmentAccountingPolicyElectionMeasurementDate' xlink:type='arc' />
    <link:presentationArc order='70' xlink:arcrole='http://www.xbrl.org/2003/arcrole/parent-child' xlink:from='loc_EmployeeBenefitPlanAccountingPolicyLineItems' xlink:to='loc_EbpDerivativePolicyTextBlock' xlink:type='arc' />
    <link:presentationArc order='80' xlink:arcrole='http://www.xbrl.org/2003/arcrole/parent-child' xlink:from='loc_EmployeeBenefitPlanAccountingPolicyLineItems' xlink:to='loc_EmployeeBenefitPlanMasterTrustPolicyTextBlock' xlink:type='arc' />
    <link:presentationArc order='90' xlink:arcrole='http://www.xbrl.org/2003/arcrole/parent-child' xlink:from='loc_EmployeeBenefitPlanAccountingPolicyLineItems' xlink:to='loc_EmployeeBenefitPlanNoteReceivableFromParticipantPolicyTextBlock' xlink:type='arc' />
    <link:presentationArc order='100' xlink:arcrole='http://www.xbrl.org/2003/arcrole/parent-child' xlink:from='loc_EmployeeBenefitPlanAccountingPolicyLineItems' xlink:to='loc_EmployeeBenefitPlanPaymentToParticipantPolicyTextBlock' xlink:type='arc' />
    <link:presentationArc order='110' xlink:arcrole='http://www.xbrl.org/2003/arcrole/parent-child' xlink:from='loc_EmployeeBenefitPlanAccountingPolicyLineItems' xlink:to='loc_EmployeeBenefitPlanPurchaseOfInsuranceContractExcludedFromPlanAssetPolicyTextBlock' xlink:type='arc' />
    <link:presentationArc order='120' xlink:arcrole='http://www.xbrl.org/2003/arcrole/parent-child' xlink:from='loc_EmployeeBenefitPlanAccountingPolicyLineItems' xlink:to='loc_EmployeeBenefitPlanUnallocatedAssetPolicyTextBlock' xlink:type='arc' />
    <link:presentationArc order='130' xlink:arcrole='http://www.xbrl.org/2003/arcrole/parent-child' xlink:from='loc_EmployeeBenefitPlanAccountingPolicyLineItems' xlink:to='loc_EmployeeBenefitPlanSubsequentEventPolicyTextBlock' xlink:type='arc' />
    <link:presentationArc order='140' xlink:arcrole='http://www.xbrl.org/2003/arcrole/parent-child' xlink:from='loc_EmployeeBenefitPlanAccountingPolicyLineItems' xlink:to='loc_EmployeeBenefitPlanUseOfEstimatePolicyTextBlock' xlink:type='arc' />
    <link:presentationArc order='20' xlink:arcrole='http://www.xbrl.org/2003/arcrole/parent-child' xlink:from='loc_EmployeeBenefitPlanAccountingPolicyAbstract' xlink:to='loc_EbpAccountingStandardUpdateAndChangeInAccountingPrincipleTable' xlink:type='arc' />
    <link:presentationArc order='10' xlink:arcrole='http://www.xbrl.org/2003/arcrole/parent-child' xlink:from='loc_EbpAccountingStandardUpdateAndChangeInAccountingPrincipleTable' xlink:to='loc_LegalEntityAxis' xlink:type='arc' />
    <link:presentationArc order='20' xlink:arcrole='http://www.xbrl.org/2003/arcrole/parent-child' xlink:from='loc_EbpAccountingStandardUpdateAndChangeInAccountingPrincipleTable' xlink:to='loc_AdjustmentsForNewAccountingPronouncementsAxis' xlink:type='arc' />
    <link:presentationArc order='10' xlink:arcrole='http://www.xbrl.org/2003/arcrole/parent-child' xlink:from='loc_AdjustmentsForNewAccountingPronouncementsAxis' xlink:to='loc_TypeOfAdoptionMember' xlink:type='arc' />
    <link:presentationArc order='10' xlink:arcrole='http://www.xbrl.org/2003/arcrole/parent-child' xlink:from='loc_TypeOfAdoptionMember' xlink:to='loc_AccountingStandardsUpdate201613Member' xlink:type='arc' />
    <link:presentationArc order='20' xlink:arcrole='http://www.xbrl.org/2003/arcrole/parent-child' xlink:from='loc_TypeOfAdoptionMember' xlink:to='loc_AccountingStandardsUpdate201904Member' xlink:type='arc' />
    <link:presentationArc order='30' xlink:arcrole='http://www.xbrl.org/2003/arcrole/parent-child' xlink:from='loc_TypeOfAdoptionMember' xlink:to='loc_AccountingStandardsUpdate202203Member' xlink:type='arc' />
    <link:presentationArc order='30' xlink:arcrole='http://www.xbrl.org/2003/arcrole/parent-child' xlink:from='loc_EbpAccountingStandardUpdateAndChangeInAccountingPrincipleTable' xlink:to='loc_CumulativeEffectPeriodOfAdoptionAxis' xlink:type='arc' />
    <link:presentationArc order='10' xlink:arcrole='http://www.xbrl.org/2003/arcrole/parent-child' xlink:from='loc_CumulativeEffectPeriodOfAdoptionAxis' xlink:to='loc_CumulativeEffectPeriodOfAdoptionDomain' xlink:type='arc' />
    <link:presentationArc order='10' xlink:arcrole='http://www.xbrl.org/2003/arcrole/parent-child' xlink:from='loc_CumulativeEffectPeriodOfAdoptionDomain' xlink:to='loc_CumulativeEffectPeriodOfAdoptionAdjustedBalanceMember' xlink:type='arc' />
    <link:presentationArc order='20' xlink:arcrole='http://www.xbrl.org/2003/arcrole/parent-child' xlink:from='loc_CumulativeEffectPeriodOfAdoptionDomain' xlink:to='loc_CumulativeEffectPeriodOfAdoptionAdjustmentMember' xlink:type='arc' />
    <link:presentationArc order='40' xlink:arcrole='http://www.xbrl.org/2003/arcrole/parent-child' xlink:from='loc_EbpAccountingStandardUpdateAndChangeInAccountingPrincipleTable' xlink:to='loc_RestatementAxis' xlink:type='arc' />
    <link:presentationArc order='10' xlink:arcrole='http://www.xbrl.org/2003/arcrole/parent-child' xlink:from='loc_RestatementAxis' xlink:to='loc_RestatementDomain' xlink:type='arc' />
    <link:presentationArc order='10' xlink:arcrole='http://www.xbrl.org/2003/arcrole/parent-child' xlink:from='loc_RestatementDomain' xlink:to='loc_ScenarioPreviouslyReportedMember' xlink:type='arc' />
    <link:presentationArc order='20' xlink:arcrole='http://www.xbrl.org/2003/arcrole/parent-child' xlink:from='loc_RestatementDomain' xlink:to='loc_RestatementAdjustmentMember' xlink:type='arc' />
    <link:presentationArc order='10' xlink:arcrole='http://www.xbrl.org/2003/arcrole/parent-child' xlink:from='loc_RestatementAdjustmentMember' xlink:to='loc_RevisionOfPriorPeriodAccountingStandardsUpdateAdjustmentMember' xlink:type='arc' />
    <link:presentationArc order='20' xlink:arcrole='http://www.xbrl.org/2003/arcrole/parent-child' xlink:from='loc_RestatementAdjustmentMember' xlink:to='loc_RevisionOfPriorPeriodChangeInAccountingPrincipleAdjustmentMember' xlink:type='arc' />
    <link:presentationArc order='30' xlink:arcrole='http://www.xbrl.org/2003/arcrole/parent-child' xlink:from='loc_RestatementAdjustmentMember' xlink:to='loc_RevisionOfPriorPeriodErrorCorrectionAdjustmentMember' xlink:type='arc' />
    <link:presentationArc order='40' xlink:arcrole='http://www.xbrl.org/2003/arcrole/parent-child' xlink:from='loc_RestatementAdjustmentMember' xlink:to='loc_RevisionOfPriorPeriodReclassificationAdjustmentMember' xlink:type='arc' />
    <link:presentationArc order='50' xlink:arcrole='http://www.xbrl.org/2003/arcrole/parent-child' xlink:from='loc_EbpAccountingStandardUpdateAndChangeInAccountingPrincipleTable' xlink:to='loc_StatementScenarioAxis' xlink:type='arc' />
    <link:presentationArc order='10' xlink:arcrole='http://www.xbrl.org/2003/arcrole/parent-child' xlink:from='loc_StatementScenarioAxis' xlink:to='loc_ScenarioUnspecifiedDomain' xlink:type='arc' />
    <link:presentationArc order='10' xlink:arcrole='http://www.xbrl.org/2003/arcrole/parent-child' xlink:from='loc_ScenarioUnspecifiedDomain' xlink:to='loc_ScenarioAdjustmentMember' xlink:type='arc' />
    <link:presentationArc order='20' xlink:arcrole='http://www.xbrl.org/2003/arcrole/parent-child' xlink:from='loc_ScenarioUnspecifiedDomain' xlink:to='loc_ScenarioForecastMember' xlink:type='arc' />
    <link:presentationArc order='30' xlink:arcrole='http://www.xbrl.org/2003/arcrole/parent-child' xlink:from='loc_ScenarioUnspecifiedDomain' xlink:to='loc_ScenarioPlanMember' xlink:type='arc' />
    <link:presentationArc order='40' xlink:arcrole='http://www.xbrl.org/2003/arcrole/parent-child' xlink:from='loc_ScenarioUnspecifiedDomain' xlink:to='loc_ProFormaMember' xlink:type='arc' />
    <link:presentationArc order='60' xlink:arcrole='http://www.xbrl.org/2003/arcrole/parent-child' xlink:from='loc_EbpAccountingStandardUpdateAndChangeInAccountingPrincipleTable' xlink:to='loc_AdjustmentsForChangeInAccountingPrincipleAxis' xlink:type='arc' />
    <link:presentationArc order='10' xlink:arcrole='http://www.xbrl.org/2003/arcrole/parent-child' xlink:from='loc_AdjustmentsForChangeInAccountingPrincipleAxis' xlink:to='loc_ChangeInAccountingPrincipleMember' xlink:type='arc' />
    <link:presentationArc order='70' xlink:arcrole='http://www.xbrl.org/2003/arcrole/parent-child' xlink:from='loc_EbpAccountingStandardUpdateAndChangeInAccountingPrincipleTable' xlink:to='loc_ChangeInAccountingPrincipleIndirectEffectAxis' xlink:type='arc' />
    <link:presentationArc order='10' xlink:arcrole='http://www.xbrl.org/2003/arcrole/parent-child' xlink:from='loc_ChangeInAccountingPrincipleIndirectEffectAxis' xlink:to='loc_ChangeInAccountingPrincipleIndirectEffectDomain' xlink:type='arc' />
    <link:presentationArc order='10' xlink:arcrole='http://www.xbrl.org/2003/arcrole/parent-child' xlink:from='loc_ChangeInAccountingPrincipleIndirectEffectDomain' xlink:to='loc_ChangeInAccountingPrincipleIndirectEffectMember' xlink:type='arc' />
    <link:presentationArc order='80' xlink:arcrole='http://www.xbrl.org/2003/arcrole/parent-child' xlink:from='loc_EbpAccountingStandardUpdateAndChangeInAccountingPrincipleTable' xlink:to='loc_EbpAccountingStandardUpdateAndChangeInAccountingPrincipleLineItems' xlink:type='arc' />
    <link:presentationArc order='10' xlink:arcrole='http://www.xbrl.org/2003/arcrole/parent-child' xlink:from='loc_EbpAccountingStandardUpdateAndChangeInAccountingPrincipleLineItems' xlink:to='loc_EmployeeBenefitPlanSummaryOfAccountingPolicyTextBlock' xlink:type='arc' />
    <link:presentationArc order='20' xlink:arcrole='http://www.xbrl.org/2003/arcrole/parent-child' xlink:from='loc_EbpAccountingStandardUpdateAndChangeInAccountingPrincipleLineItems' xlink:to='loc_EbpAccountingStandardUpdateAdopted' xlink:type='arc' />
    <link:presentationArc order='30' xlink:arcrole='http://www.xbrl.org/2003/arcrole/parent-child' xlink:from='loc_EbpAccountingStandardUpdateAndChangeInAccountingPrincipleLineItems' xlink:to='loc_EbpAccountingStandardUpdateEarlyAdoption' xlink:type='arc' />
    <link:presentationArc order='40' xlink:arcrole='http://www.xbrl.org/2003/arcrole/parent-child' xlink:from='loc_EbpAccountingStandardUpdateAndChangeInAccountingPrincipleLineItems' xlink:to='loc_EbpAccountingStandardUpdateTransitionOptionElectedExtensibleEnumeration' xlink:type='arc' />
    <link:presentationArc order='50' xlink:arcrole='http://www.xbrl.org/2003/arcrole/parent-child' xlink:from='loc_EbpAccountingStandardUpdateAndChangeInAccountingPrincipleLineItems' xlink:to='loc_EbpAccountingStandardUpdateAdoptionDate' xlink:type='arc' />
    <link:presentationArc order='60' xlink:arcrole='http://www.xbrl.org/2003/arcrole/parent-child' xlink:from='loc_EbpAccountingStandardUpdateAndChangeInAccountingPrincipleLineItems' xlink:to='loc_EbpAccountingStandardUpdateImmaterialEffect' xlink:type='arc' />
    <link:presentationArc order='70' xlink:arcrole='http://www.xbrl.org/2003/arcrole/parent-child' xlink:from='loc_EbpAccountingStandardUpdateAndChangeInAccountingPrincipleLineItems' xlink:to='loc_EbpAccountingStandardUpdateEffectNotKnownOrEstimable' xlink:type='arc' />
    <link:presentationArc order='80' xlink:arcrole='http://www.xbrl.org/2003/arcrole/parent-child' xlink:from='loc_EbpAccountingStandardUpdateAndChangeInAccountingPrincipleLineItems' xlink:to='loc_EbpAccountingStandardUpdateExtensibleEnumeration' xlink:type='arc' />
    <link:presentationArc order='90' xlink:arcrole='http://www.xbrl.org/2003/arcrole/parent-child' xlink:from='loc_EbpAccountingStandardUpdateAndChangeInAccountingPrincipleLineItems' xlink:to='loc_EbpAccountingStandardUpdateAndChangeInAccountingPrincipleRetrospectiveApplicationImpracticableReasonAndAlternativeDescription' xlink:type='arc' />
    <link:presentationArc order='100' xlink:arcrole='http://www.xbrl.org/2003/arcrole/parent-child' xlink:from='loc_EbpAccountingStandardUpdateAndChangeInAccountingPrincipleLineItems' xlink:to='loc_EbpAccountingStandardUpdateAndChangeInAccountingPrincipleRetrospectiveApplicationImpracticable' xlink:type='arc' />
    <link:presentationArc order='110' xlink:arcrole='http://www.xbrl.org/2003/arcrole/parent-child' xlink:from='loc_EbpAccountingStandardUpdateAndChangeInAccountingPrincipleLineItems' xlink:to='loc_EbpAccountingStandardUpdateAndChangeInAccountingPrinciplePriorPeriodRetrospectiveAdjustmentDescription' xlink:type='arc' />
    <link:presentationArc order='120' xlink:arcrole='http://www.xbrl.org/2003/arcrole/parent-child' xlink:from='loc_EbpAccountingStandardUpdateAndChangeInAccountingPrincipleLineItems' xlink:to='loc_EbpAccountingStandardUpdateAndChangeInAccountingPrinciplePriorPeriodNotRestated' xlink:type='arc' />
    <link:presentationArc order='130' xlink:arcrole='http://www.xbrl.org/2003/arcrole/parent-child' xlink:from='loc_EbpAccountingStandardUpdateAndChangeInAccountingPrincipleLineItems' xlink:to='loc_EbpAccountingStandardUpdateAndChangeInAccountingPrincipleDescription' xlink:type='arc' />
    <link:presentationArc order='140' xlink:arcrole='http://www.xbrl.org/2003/arcrole/parent-child' xlink:from='loc_EbpAccountingStandardUpdateAndChangeInAccountingPrincipleLineItems' xlink:to='loc_EbpChangeInAccountingPrincipleTypeExtensibleEnumeration' xlink:type='arc' />
  </link:presentationLink>
</link:linkbase>
