<?xml version='1.0' encoding='UTF-8'?>

<!--
(c) 2010-2025 Financial Accounting Foundation; (c) 2007-2010 XBRL US, Inc.  All Rights Reserved.
Notice: Authorized Uses are Set Forth at https://xbrl.fasb.org/terms/TaxonomiesTermsConditions.html
  -->
<link:linkbase xmlns:link='http://www.xbrl.org/2003/linkbase' xmlns:xlink='http://www.w3.org/1999/xlink' xmlns:xsi='http://www.w3.org/2001/XMLSchema-instance' xsi:schemaLocation='http://www.xbrl.org/2003/linkbase http://www.xbrl.org/2003/xbrl-linkbase-2003-12-31.xsd'>
  <link:arcroleRef arcroleURI='https://xbrl.org/2023/arcrole/summation-item' xlink:href='https://www.xbrl.org/2023/calculation-1.1.xsd#summation-item' xlink:type='simple'/>
  <link:roleRef roleURI='http://fasb.org/us-gaap/role/disclosure/EBPFairValueNetAssetValuePracticalExpedient' xlink:href='../../elts/us-roles-2025.xsd#ebp-fvnav' xlink:type='simple' />
  <link:calculationLink xlink:role='http://fasb.org/us-gaap/role/disclosure/EBPFairValueNetAssetValuePracticalExpedient' xlink:type='extended'>
    <link:loc xlink:href='../elts/us-gaap-ebp-2025.xsd#us-gaap-ebp_EmployeeBenefitPlanInvestmentLevel3ReconciliationPeriodIncreaseDecrease' xlink:label='loc_EmployeeBenefitPlanInvestmentLevel3ReconciliationPeriodIncreaseDecrease' xlink:type='locator' />
    <link:loc xlink:href='../elts/us-gaap-ebp-2025.xsd#us-gaap-ebp_EbpInvestmentLevel3ReconciliationIncreaseDecreaseFromGainLoss' xlink:label='loc_EbpInvestmentLevel3ReconciliationIncreaseDecreaseFromGainLoss' xlink:type='locator' />
    <link:loc xlink:href='../elts/us-gaap-ebp-2025.xsd#us-gaap-ebp_EmployeeBenefitPlanInvestmentLevel3ReconciliationIncreaseDecreaseForRealizedGainLoss' xlink:label='loc_EmployeeBenefitPlanInvestmentLevel3ReconciliationIncreaseDecreaseForRealizedGainLoss' xlink:type='locator' />
    <link:loc xlink:href='../elts/us-gaap-ebp-2025.xsd#us-gaap-ebp_EmployeeBenefitPlanInvestmentLevel3ReconciliationIncreaseDecreaseForUnrealizedGainLoss' xlink:label='loc_EmployeeBenefitPlanInvestmentLevel3ReconciliationIncreaseDecreaseForUnrealizedGainLoss' xlink:type='locator' />
    <link:loc xlink:href='../elts/us-gaap-ebp-2025.xsd#us-gaap-ebp_EmployeeBenefitPlanInvestmentLevel3ReconciliationIncreaseForPurchase' xlink:label='loc_EmployeeBenefitPlanInvestmentLevel3ReconciliationIncreaseForPurchase' xlink:type='locator' />
    <link:loc xlink:href='../elts/us-gaap-ebp-2025.xsd#us-gaap-ebp_EmployeeBenefitPlanInvestmentLevel3ReconciliationDecreaseForSale' xlink:label='loc_EmployeeBenefitPlanInvestmentLevel3ReconciliationDecreaseForSale' xlink:type='locator' />
    <link:loc xlink:href='../elts/us-gaap-ebp-2025.xsd#us-gaap-ebp_EmployeeBenefitPlanInvestmentLevel3ReconciliationIncreaseForTransferToLevel3' xlink:label='loc_EmployeeBenefitPlanInvestmentLevel3ReconciliationIncreaseForTransferToLevel3' xlink:type='locator' />
    <link:loc xlink:href='../elts/us-gaap-ebp-2025.xsd#us-gaap-ebp_EmployeeBenefitPlanInvestmentLevel3ReconciliationDecreaseForTransferFromLevel3' xlink:label='loc_EmployeeBenefitPlanInvestmentLevel3ReconciliationDecreaseForTransferFromLevel3' xlink:type='locator' />
    <link:calculationArc order='10' weight='1.0' xlink:arcrole='https://xbrl.org/2023/arcrole/summation-item' xlink:from='loc_EmployeeBenefitPlanInvestmentLevel3ReconciliationPeriodIncreaseDecrease' xlink:to='loc_EbpInvestmentLevel3ReconciliationIncreaseDecreaseFromGainLoss' xlink:type='arc' />
    <link:calculationArc order='10' weight='1.0' xlink:arcrole='https://xbrl.org/2023/arcrole/summation-item' xlink:from='loc_EbpInvestmentLevel3ReconciliationIncreaseDecreaseFromGainLoss' xlink:to='loc_EmployeeBenefitPlanInvestmentLevel3ReconciliationIncreaseDecreaseForRealizedGainLoss' xlink:type='arc' />
    <link:calculationArc order='20' weight='1.0' xlink:arcrole='https://xbrl.org/2023/arcrole/summation-item' xlink:from='loc_EbpInvestmentLevel3ReconciliationIncreaseDecreaseFromGainLoss' xlink:to='loc_EmployeeBenefitPlanInvestmentLevel3ReconciliationIncreaseDecreaseForUnrealizedGainLoss' xlink:type='arc' />
    <link:calculationArc order='20' weight='1.0' xlink:arcrole='https://xbrl.org/2023/arcrole/summation-item' xlink:from='loc_EmployeeBenefitPlanInvestmentLevel3ReconciliationPeriodIncreaseDecrease' xlink:to='loc_EmployeeBenefitPlanInvestmentLevel3ReconciliationIncreaseForPurchase' xlink:type='arc' />
    <link:calculationArc order='30' weight='1.0' xlink:arcrole='https://xbrl.org/2023/arcrole/summation-item' xlink:from='loc_EmployeeBenefitPlanInvestmentLevel3ReconciliationPeriodIncreaseDecrease' xlink:to='loc_EmployeeBenefitPlanInvestmentLevel3ReconciliationDecreaseForSale' xlink:type='arc' />
    <link:calculationArc order='40' weight='1.0' xlink:arcrole='https://xbrl.org/2023/arcrole/summation-item' xlink:from='loc_EmployeeBenefitPlanInvestmentLevel3ReconciliationPeriodIncreaseDecrease' xlink:to='loc_EmployeeBenefitPlanInvestmentLevel3ReconciliationIncreaseForTransferToLevel3' xlink:type='arc' />
    <link:calculationArc order='50' weight='1.0' xlink:arcrole='https://xbrl.org/2023/arcrole/summation-item' xlink:from='loc_EmployeeBenefitPlanInvestmentLevel3ReconciliationPeriodIncreaseDecrease' xlink:to='loc_EmployeeBenefitPlanInvestmentLevel3ReconciliationDecreaseForTransferFromLevel3' xlink:type='arc' />
  </link:calculationLink>
</link:linkbase>
