<?xml version='1.0' encoding='UTF-8'?>

<!--
(c) 2010-2025 Financial Accounting Foundation; (c) 2007-2010 XBRL US, Inc.  All Rights Reserved.
Notice: Authorized Uses are Set Forth at https://xbrl.fasb.org/terms/TaxonomiesTermsConditions.html
  -->
<link:linkbase xmlns:link='http://www.xbrl.org/2003/linkbase' xmlns:xbrldt='http://xbrl.org/2005/xbrldt' xmlns:xlink='http://www.w3.org/1999/xlink' xmlns:xsi='http://www.w3.org/2001/XMLSchema-instance' xsi:schemaLocation='http://www.xbrl.org/2003/linkbase http://www.xbrl.org/2003/xbrl-linkbase-2003-12-31.xsd'>
  <link:roleRef roleURI='http://fasb.org/us-gaap/role/disclosure/EBPRiskUncertaintyEbpRiskAndUncertaintyTable' xlink:href='../../elts/us-roles-2025.xsd#EBPRiskUncertaintyEbpRiskAndUncertaintyTable' xlink:type='simple' />
  <link:arcroleRef arcroleURI='http://xbrl.org/int/dim/arcrole/all' xlink:href='http://www.xbrl.org/2005/xbrldt-2005.xsd#all' xlink:type='simple' />
  <link:arcroleRef arcroleURI='http://xbrl.org/int/dim/arcrole/hypercube-dimension' xlink:href='http://www.xbrl.org/2005/xbrldt-2005.xsd#hypercube-dimension' xlink:type='simple' />
  <link:arcroleRef arcroleURI='http://xbrl.org/int/dim/arcrole/dimension-domain' xlink:href='http://www.xbrl.org/2005/xbrldt-2005.xsd#dimension-domain' xlink:type='simple' />
  <link:arcroleRef arcroleURI='http://xbrl.org/int/dim/arcrole/dimension-default' xlink:href='http://www.xbrl.org/2005/xbrldt-2005.xsd#dimension-default' xlink:type='simple' />
  <link:arcroleRef arcroleURI='http://xbrl.org/int/dim/arcrole/domain-member' xlink:href='http://www.xbrl.org/2005/xbrldt-2005.xsd#domain-member' xlink:type='simple' />
  <link:definitionLink xlink:role='http://fasb.org/us-gaap/role/disclosure/EBPRiskUncertaintyEbpRiskAndUncertaintyTable' xlink:type='extended'>
    <link:loc xlink:href='../elts/us-gaap-ebp-2025.xsd#us-gaap-ebp_EbpRiskAndUncertaintyTable' xlink:label='loc_EbpRiskAndUncertaintyTable' xlink:type='locator' />
    <link:loc xlink:href='../elts/us-gaap-ebp-2025.xsd#us-gaap-ebp_EbpRiskAndUncertaintyLineItems' xlink:label='loc_EbpRiskAndUncertaintyLineItems' xlink:type='locator' />
    <link:definitionArc order='1.0' xbrldt:closed='true' xbrldt:contextElement='segment' xlink:arcrole='http://xbrl.org/int/dim/arcrole/all' xlink:from='loc_EbpRiskAndUncertaintyLineItems' xlink:to='loc_EbpRiskAndUncertaintyTable' xlink:type='arc' />
  </link:definitionLink>
  <link:definitionLink xlink:role='http://fasb.org/us-gaap/role/disclosure/EBPRiskUncertaintyEbpRiskAndUncertaintyTable' xlink:type='extended'>
    <link:loc xlink:href='../elts/us-gaap-ebp-2025.xsd#us-gaap-ebp_EbpRiskAndUncertaintyTable' xlink:label='loc_EbpRiskAndUncertaintyTable' xlink:type='locator' />
    <link:loc xlink:href='https://xbrl.sec.gov/dei/2025/dei-2025.xsd#dei_LegalEntityAxis' xlink:label='loc_LegalEntityAxis' xlink:type='locator' />
    <link:loc xlink:href='../../elts/us-gaap-2025.xsd#us-gaap_InvestmentTypeAxis' xlink:label='loc_InvestmentTypeAxis' xlink:type='locator' />
    <link:loc xlink:href='../elts/us-gaap-ebp-2025.xsd#us-gaap-ebp_EmployeeBenefitPlanNonconsolidatedMasterTrustAndPlanInterestInMasterTrustAxis' xlink:label='loc_EmployeeBenefitPlanNonconsolidatedMasterTrustAndPlanInterestInMasterTrustAxis' xlink:type='locator' />
    <link:loc xlink:href='../../elts/us-gaap-2025.xsd#us-gaap_InvestmentIssuerNameAxis' xlink:label='loc_InvestmentIssuerNameAxis' xlink:type='locator' />
    <link:definitionArc order='1.0' xlink:arcrole='http://xbrl.org/int/dim/arcrole/hypercube-dimension' xlink:from='loc_EbpRiskAndUncertaintyTable' xlink:to='loc_LegalEntityAxis' xlink:type='arc' />
    <link:definitionArc order='2.0' xlink:arcrole='http://xbrl.org/int/dim/arcrole/hypercube-dimension' xlink:from='loc_EbpRiskAndUncertaintyTable' xlink:to='loc_InvestmentTypeAxis' xlink:type='arc' />
    <link:definitionArc order='3.0' xlink:arcrole='http://xbrl.org/int/dim/arcrole/hypercube-dimension' xlink:from='loc_EbpRiskAndUncertaintyTable' xlink:to='loc_EmployeeBenefitPlanNonconsolidatedMasterTrustAndPlanInterestInMasterTrustAxis' xlink:type='arc' />
    <link:definitionArc order='4.0' xlink:arcrole='http://xbrl.org/int/dim/arcrole/hypercube-dimension' xlink:from='loc_EbpRiskAndUncertaintyTable' xlink:to='loc_InvestmentIssuerNameAxis' xlink:type='arc' />
  </link:definitionLink>
  <link:definitionLink xlink:role='http://fasb.org/us-gaap/role/disclosure/EBPRiskUncertaintyEbpRiskAndUncertaintyTable' xlink:type='extended'>
    <link:loc xlink:href='https://xbrl.sec.gov/dei/2025/dei-2025.xsd#dei_LegalEntityAxis' xlink:label='loc_LegalEntityAxis' xlink:type='locator' />
    <link:loc xlink:href='https://xbrl.sec.gov/dei/2025/dei-2025.xsd#dei_EntityDomain' xlink:label='loc_EntityDomain' xlink:type='locator' />
    <link:loc xlink:href='../../elts/us-gaap-2025.xsd#us-gaap_InvestmentTypeAxis' xlink:label='loc_InvestmentTypeAxis' xlink:type='locator' />
    <link:loc xlink:href='../../elts/us-gaap-2025.xsd#us-gaap_InvestmentTypeCategorizationMember' xlink:label='loc_InvestmentTypeCategorizationMember' xlink:type='locator' />
    <link:loc xlink:href='../elts/us-gaap-ebp-2025.xsd#us-gaap-ebp_EmployeeBenefitPlanNonconsolidatedMasterTrustAndPlanInterestInMasterTrustAxis' xlink:label='loc_EmployeeBenefitPlanNonconsolidatedMasterTrustAndPlanInterestInMasterTrustAxis' xlink:type='locator' />
    <link:loc xlink:href='../elts/us-gaap-ebp-2025.xsd#us-gaap-ebp_EmployeeBenefitPlanNonconsolidatedMasterTrustAndPlanInterestInMasterTrustDomain' xlink:label='loc_EmployeeBenefitPlanNonconsolidatedMasterTrustAndPlanInterestInMasterTrustDomain' xlink:type='locator' />
    <link:loc xlink:href='../../elts/us-gaap-2025.xsd#us-gaap_InvestmentIssuerNameAxis' xlink:label='loc_InvestmentIssuerNameAxis' xlink:type='locator' />
    <link:loc xlink:href='../../elts/us-gaap-2025.xsd#us-gaap_InvestmentIssuerNameDomain' xlink:label='loc_InvestmentIssuerNameDomain' xlink:type='locator' />
    <link:definitionArc order='1.0' xlink:arcrole='http://xbrl.org/int/dim/arcrole/dimension-domain' xlink:from='loc_LegalEntityAxis' xlink:to='loc_EntityDomain' xlink:type='arc' />
    <link:definitionArc order='2.0' xlink:arcrole='http://xbrl.org/int/dim/arcrole/dimension-domain' xlink:from='loc_InvestmentTypeAxis' xlink:to='loc_InvestmentTypeCategorizationMember' xlink:type='arc' />
    <link:definitionArc order='3.0' xlink:arcrole='http://xbrl.org/int/dim/arcrole/dimension-domain' xlink:from='loc_EmployeeBenefitPlanNonconsolidatedMasterTrustAndPlanInterestInMasterTrustAxis' xlink:to='loc_EmployeeBenefitPlanNonconsolidatedMasterTrustAndPlanInterestInMasterTrustDomain' xlink:type='arc' />
    <link:definitionArc order='4.0' xlink:arcrole='http://xbrl.org/int/dim/arcrole/dimension-domain' xlink:from='loc_InvestmentIssuerNameAxis' xlink:to='loc_InvestmentIssuerNameDomain' xlink:type='arc' />
  </link:definitionLink>
  <link:definitionLink xlink:role='http://fasb.org/us-gaap/role/disclosure/EBPRiskUncertaintyEbpRiskAndUncertaintyTable' xlink:type='extended'>
    <link:loc xlink:href='https://xbrl.sec.gov/dei/2025/dei-2025.xsd#dei_LegalEntityAxis' xlink:label='loc_LegalEntityAxis' xlink:type='locator' />
    <link:loc xlink:href='https://xbrl.sec.gov/dei/2025/dei-2025.xsd#dei_EntityDomain' xlink:label='loc_EntityDomain' xlink:type='locator' />
    <link:loc xlink:href='../../elts/us-gaap-2025.xsd#us-gaap_InvestmentTypeAxis' xlink:label='loc_InvestmentTypeAxis' xlink:type='locator' />
    <link:loc xlink:href='../../elts/us-gaap-2025.xsd#us-gaap_InvestmentTypeCategorizationMember' xlink:label='loc_InvestmentTypeCategorizationMember' xlink:type='locator' />
    <link:loc xlink:href='../elts/us-gaap-ebp-2025.xsd#us-gaap-ebp_EmployeeBenefitPlanNonconsolidatedMasterTrustAndPlanInterestInMasterTrustAxis' xlink:label='loc_EmployeeBenefitPlanNonconsolidatedMasterTrustAndPlanInterestInMasterTrustAxis' xlink:type='locator' />
    <link:loc xlink:href='../elts/us-gaap-ebp-2025.xsd#us-gaap-ebp_EmployeeBenefitPlanNonconsolidatedMasterTrustAndPlanInterestInMasterTrustDomain' xlink:label='loc_EmployeeBenefitPlanNonconsolidatedMasterTrustAndPlanInterestInMasterTrustDomain' xlink:type='locator' />
    <link:loc xlink:href='../../elts/us-gaap-2025.xsd#us-gaap_InvestmentIssuerNameAxis' xlink:label='loc_InvestmentIssuerNameAxis' xlink:type='locator' />
    <link:loc xlink:href='../../elts/us-gaap-2025.xsd#us-gaap_InvestmentIssuerNameDomain' xlink:label='loc_InvestmentIssuerNameDomain' xlink:type='locator' />
    <link:definitionArc order='1.0' xlink:arcrole='http://xbrl.org/int/dim/arcrole/dimension-default' xlink:from='loc_LegalEntityAxis' xlink:to='loc_EntityDomain' xlink:type='arc' />
    <link:definitionArc order='2.0' xlink:arcrole='http://xbrl.org/int/dim/arcrole/dimension-default' xlink:from='loc_InvestmentTypeAxis' xlink:to='loc_InvestmentTypeCategorizationMember' xlink:type='arc' />
    <link:definitionArc order='3.0' xlink:arcrole='http://xbrl.org/int/dim/arcrole/dimension-default' xlink:from='loc_EmployeeBenefitPlanNonconsolidatedMasterTrustAndPlanInterestInMasterTrustAxis' xlink:to='loc_EmployeeBenefitPlanNonconsolidatedMasterTrustAndPlanInterestInMasterTrustDomain' xlink:type='arc' />
    <link:definitionArc order='4.0' xlink:arcrole='http://xbrl.org/int/dim/arcrole/dimension-default' xlink:from='loc_InvestmentIssuerNameAxis' xlink:to='loc_InvestmentIssuerNameDomain' xlink:type='arc' />
  </link:definitionLink>
  <link:definitionLink xlink:role='http://fasb.org/us-gaap/role/disclosure/EBPRiskUncertaintyEbpRiskAndUncertaintyTable' xlink:type='extended'>
    <link:loc xlink:href='../elts/us-gaap-ebp-2025.xsd#us-gaap-ebp_EbpRiskAndUncertaintyLineItems' xlink:label='loc_EbpRiskAndUncertaintyLineItems' xlink:type='locator' />
    <link:loc xlink:href='../elts/us-gaap-ebp-2025.xsd#us-gaap-ebp_EmployeeBenefitPlanRiskAndUncertaintyTextBlock' xlink:label='loc_EmployeeBenefitPlanRiskAndUncertaintyTextBlock' xlink:type='locator' />
    <link:loc xlink:href='../elts/us-gaap-ebp-2025.xsd#us-gaap-ebp_EbpRiskAndUncertaintyPolicyTextBlock' xlink:label='loc_EbpRiskAndUncertaintyPolicyTextBlock' xlink:type='locator' />
    <link:loc xlink:href='../elts/us-gaap-ebp-2025.xsd#us-gaap-ebp_EbpRiskAndUncertaintyTableTextBlock' xlink:label='loc_EbpRiskAndUncertaintyTableTextBlock' xlink:type='locator' />
    <link:loc xlink:href='../elts/us-gaap-ebp-2025.xsd#us-gaap-ebp_EbpRiskAndUncertaintyConcentrationOfInvestmentAtFairValueToNetAssetsAmount' xlink:label='loc_EbpRiskAndUncertaintyConcentrationOfInvestmentAtFairValueToNetAssetsAmount' xlink:type='locator' />
    <link:loc xlink:href='../elts/us-gaap-ebp-2025.xsd#us-gaap-ebp_EbpRiskAndUncertaintyConcentrationOfInvestmentAtFairValueToNetAssetsPercentage' xlink:label='loc_EbpRiskAndUncertaintyConcentrationOfInvestmentAtFairValueToNetAssetsPercentage' xlink:type='locator' />
    <link:loc xlink:href='../elts/us-gaap-ebp-2025.xsd#us-gaap-ebp_EbpRiskAndUncertaintyConcentrationOfInvestmentAtFairValueToTotalInvestmentsAmount' xlink:label='loc_EbpRiskAndUncertaintyConcentrationOfInvestmentAtFairValueToTotalInvestmentsAmount' xlink:type='locator' />
    <link:loc xlink:href='../elts/us-gaap-ebp-2025.xsd#us-gaap-ebp_EbpRiskAndUncertaintyConcentrationOfInvestmentAtFairValueToTotalInvestmentsPercentage' xlink:label='loc_EbpRiskAndUncertaintyConcentrationOfInvestmentAtFairValueToTotalInvestmentsPercentage' xlink:type='locator' />
    <link:loc xlink:href='../elts/us-gaap-ebp-2025.xsd#us-gaap-ebp_EbpRiskAndUncertaintyConcentrationOfInvestmentBenchmarkThresholdPercentage' xlink:label='loc_EbpRiskAndUncertaintyConcentrationOfInvestmentBenchmarkThresholdPercentage' xlink:type='locator' />
    <link:definitionArc order='1.0' xlink:arcrole='http://xbrl.org/int/dim/arcrole/domain-member' xlink:from='loc_EbpRiskAndUncertaintyLineItems' xlink:to='loc_EmployeeBenefitPlanRiskAndUncertaintyTextBlock' xlink:type='arc' />
    <link:definitionArc order='2.0' xlink:arcrole='http://xbrl.org/int/dim/arcrole/domain-member' xlink:from='loc_EbpRiskAndUncertaintyLineItems' xlink:to='loc_EbpRiskAndUncertaintyPolicyTextBlock' xlink:type='arc' />
    <link:definitionArc order='3.0' xlink:arcrole='http://xbrl.org/int/dim/arcrole/domain-member' xlink:from='loc_EbpRiskAndUncertaintyLineItems' xlink:to='loc_EbpRiskAndUncertaintyTableTextBlock' xlink:type='arc' />
    <link:definitionArc order='4.0' xlink:arcrole='http://xbrl.org/int/dim/arcrole/domain-member' xlink:from='loc_EbpRiskAndUncertaintyLineItems' xlink:to='loc_EbpRiskAndUncertaintyConcentrationOfInvestmentAtFairValueToNetAssetsAmount' xlink:type='arc' />
    <link:definitionArc order='5.0' xlink:arcrole='http://xbrl.org/int/dim/arcrole/domain-member' xlink:from='loc_EbpRiskAndUncertaintyLineItems' xlink:to='loc_EbpRiskAndUncertaintyConcentrationOfInvestmentAtFairValueToNetAssetsPercentage' xlink:type='arc' />
    <link:definitionArc order='6.0' xlink:arcrole='http://xbrl.org/int/dim/arcrole/domain-member' xlink:from='loc_EbpRiskAndUncertaintyLineItems' xlink:to='loc_EbpRiskAndUncertaintyConcentrationOfInvestmentAtFairValueToTotalInvestmentsAmount' xlink:type='arc' />
    <link:definitionArc order='7.0' xlink:arcrole='http://xbrl.org/int/dim/arcrole/domain-member' xlink:from='loc_EbpRiskAndUncertaintyLineItems' xlink:to='loc_EbpRiskAndUncertaintyConcentrationOfInvestmentAtFairValueToTotalInvestmentsPercentage' xlink:type='arc' />
    <link:definitionArc order='8.0' xlink:arcrole='http://xbrl.org/int/dim/arcrole/domain-member' xlink:from='loc_EbpRiskAndUncertaintyLineItems' xlink:to='loc_EbpRiskAndUncertaintyConcentrationOfInvestmentBenchmarkThresholdPercentage' xlink:type='arc' />
  </link:definitionLink>
  <link:definitionLink xlink:role='http://fasb.org/us-gaap/role/disclosure/EBPRiskUncertaintyEbpRiskAndUncertaintyTable' xlink:type='extended'>
    <link:loc xlink:href='../../elts/us-gaap-2025.xsd#us-gaap_InvestmentTypeCategorizationMember' xlink:label='loc_InvestmentTypeCategorizationMember' xlink:type='locator' />
    <link:loc xlink:href='../../elts/us-gaap-2025.xsd#us-gaap_InterestBearingDepositsMember' xlink:label='loc_InterestBearingDepositsMember' xlink:type='locator' />
    <link:loc xlink:href='../../elts/us-gaap-2025.xsd#us-gaap_CertificatesOfDepositMember' xlink:label='loc_CertificatesOfDepositMember' xlink:type='locator' />
    <link:loc xlink:href='../../elts/us-gaap-2025.xsd#us-gaap_MoneyMarketFundsMember' xlink:label='loc_MoneyMarketFundsMember' xlink:type='locator' />
    <link:loc xlink:href='../../elts/us-gaap-2025.xsd#us-gaap_CommercialPaperMember' xlink:label='loc_CommercialPaperMember' xlink:type='locator' />
    <link:loc xlink:href='../../elts/us-gaap-2025.xsd#us-gaap_FixedIncomeInvestmentsMember' xlink:label='loc_FixedIncomeInvestmentsMember' xlink:type='locator' />
    <link:loc xlink:href='../../elts/us-gaap-2025.xsd#us-gaap_USTreasuryAndGovernmentMember' xlink:label='loc_USTreasuryAndGovernmentMember' xlink:type='locator' />
    <link:loc xlink:href='../../elts/us-gaap-2025.xsd#us-gaap_USTreasurySecuritiesMember' xlink:label='loc_USTreasurySecuritiesMember' xlink:type='locator' />
    <link:loc xlink:href='../../elts/us-gaap-2025.xsd#us-gaap_USTreasuryNotesSecuritiesMember' xlink:label='loc_USTreasuryNotesSecuritiesMember' xlink:type='locator' />
    <link:loc xlink:href='../../elts/us-gaap-2025.xsd#us-gaap_USTreasuryBondSecuritiesMember' xlink:label='loc_USTreasuryBondSecuritiesMember' xlink:type='locator' />
    <link:loc xlink:href='../../elts/us-gaap-2025.xsd#us-gaap_USTreasuryBillSecuritiesMember' xlink:label='loc_USTreasuryBillSecuritiesMember' xlink:type='locator' />
    <link:loc xlink:href='../../elts/us-gaap-2025.xsd#us-gaap_AssetBackedSecuritiesMember' xlink:label='loc_AssetBackedSecuritiesMember' xlink:type='locator' />
    <link:loc xlink:href='../../elts/us-gaap-2025.xsd#us-gaap_CollateralizedMortgageObligationsMember' xlink:label='loc_CollateralizedMortgageObligationsMember' xlink:type='locator' />
    <link:loc xlink:href='../../elts/us-gaap-2025.xsd#us-gaap_CorporateDebtSecuritiesMember' xlink:label='loc_CorporateDebtSecuritiesMember' xlink:type='locator' />
    <link:loc xlink:href='../../elts/us-gaap-2025.xsd#us-gaap_CorporateBondSecuritiesMember' xlink:label='loc_CorporateBondSecuritiesMember' xlink:type='locator' />
    <link:loc xlink:href='../../elts/us-gaap-2025.xsd#us-gaap_ConvertibleDebtSecuritiesMember' xlink:label='loc_ConvertibleDebtSecuritiesMember' xlink:type='locator' />
    <link:loc xlink:href='../../elts/us-gaap-2025.xsd#us-gaap_SubordinatedDebtMember' xlink:label='loc_SubordinatedDebtMember' xlink:type='locator' />
    <link:loc xlink:href='../../elts/us-gaap-2025.xsd#us-gaap_SeniorSubordinatedNotesMember' xlink:label='loc_SeniorSubordinatedNotesMember' xlink:type='locator' />
    <link:loc xlink:href='../../elts/us-gaap-2025.xsd#us-gaap_SeniorSubordinatedLoansMember' xlink:label='loc_SeniorSubordinatedLoansMember' xlink:type='locator' />
    <link:loc xlink:href='../../elts/us-gaap-2025.xsd#us-gaap_JuniorSubordinatedDebtMember' xlink:label='loc_JuniorSubordinatedDebtMember' xlink:type='locator' />
    <link:loc xlink:href='../../elts/us-gaap-2025.xsd#us-gaap_SovereignDebtSecuritiesMember' xlink:label='loc_SovereignDebtSecuritiesMember' xlink:type='locator' />
    <link:loc xlink:href='../../elts/us-gaap-2025.xsd#us-gaap_EquitySecuritiesMember' xlink:label='loc_EquitySecuritiesMember' xlink:type='locator' />
    <link:loc xlink:href='../../elts/us-gaap-2025.xsd#us-gaap_CommonStockMember' xlink:label='loc_CommonStockMember' xlink:type='locator' />
    <link:loc xlink:href='../elts/us-gaap-ebp-2025.xsd#us-gaap-ebp_EmployeeBenefitPlanEmployerCommonStockMember' xlink:label='loc_EmployeeBenefitPlanEmployerCommonStockMember' xlink:type='locator' />
    <link:loc xlink:href='../elts/us-gaap-ebp-2025.xsd#us-gaap-ebp_EmployeeBenefitPlanEmployerCommonStockClassAMember' xlink:label='loc_EmployeeBenefitPlanEmployerCommonStockClassAMember' xlink:type='locator' />
    <link:loc xlink:href='../elts/us-gaap-ebp-2025.xsd#us-gaap-ebp_EmployeeBenefitPlanEmployerCommonStockClassBMember' xlink:label='loc_EmployeeBenefitPlanEmployerCommonStockClassBMember' xlink:type='locator' />
    <link:loc xlink:href='../elts/us-gaap-ebp-2025.xsd#us-gaap-ebp_EbpNonemployerCommonStockMember' xlink:label='loc_EbpNonemployerCommonStockMember' xlink:type='locator' />
    <link:loc xlink:href='../../elts/us-gaap-2025.xsd#us-gaap_PreferredStockMember' xlink:label='loc_PreferredStockMember' xlink:type='locator' />
    <link:loc xlink:href='../elts/us-gaap-ebp-2025.xsd#us-gaap-ebp_EmployeeBenefitPlanEmployerPreferredStockMember' xlink:label='loc_EmployeeBenefitPlanEmployerPreferredStockMember' xlink:type='locator' />
    <link:loc xlink:href='../elts/us-gaap-ebp-2025.xsd#us-gaap-ebp_EbpNonemployerPreferredStockMember' xlink:label='loc_EbpNonemployerPreferredStockMember' xlink:type='locator' />
    <link:loc xlink:href='../../elts/us-gaap-2025.xsd#us-gaap_PreferredNonConvertibleStockMember' xlink:label='loc_PreferredNonConvertibleStockMember' xlink:type='locator' />
    <link:loc xlink:href='../../elts/us-gaap-2025.xsd#us-gaap_ConvertiblePreferredStockMember' xlink:label='loc_ConvertiblePreferredStockMember' xlink:type='locator' />
    <link:loc xlink:href='../../elts/us-gaap-2025.xsd#us-gaap_ContingentConvertiblePreferredStockMember' xlink:label='loc_ContingentConvertiblePreferredStockMember' xlink:type='locator' />
    <link:loc xlink:href='../../elts/us-gaap-2025.xsd#us-gaap_NonredeemablePreferredStockMember' xlink:label='loc_NonredeemablePreferredStockMember' xlink:type='locator' />
    <link:loc xlink:href='../../elts/us-gaap-2025.xsd#us-gaap_RedeemablePreferredStockMember' xlink:label='loc_RedeemablePreferredStockMember' xlink:type='locator' />
    <link:loc xlink:href='../../elts/us-gaap-2025.xsd#us-gaap_WarrantMember' xlink:label='loc_WarrantMember' xlink:type='locator' />
    <link:loc xlink:href='../../elts/us-gaap-2025.xsd#us-gaap_OtherAggregatedInvestmentsMember' xlink:label='loc_OtherAggregatedInvestmentsMember' xlink:type='locator' />
    <link:loc xlink:href='../elts/us-gaap-ebp-2025.xsd#us-gaap-ebp_EmployeeBenefitPlanEmployerCommonStockFundMember' xlink:label='loc_EmployeeBenefitPlanEmployerCommonStockFundMember' xlink:type='locator' />
    <link:loc xlink:href='../../elts/us-gaap-2025.xsd#us-gaap_PrivateEquityFundsMember' xlink:label='loc_PrivateEquityFundsMember' xlink:type='locator' />
    <link:loc xlink:href='../../elts/us-gaap-2025.xsd#us-gaap_HedgeFundsMember' xlink:label='loc_HedgeFundsMember' xlink:type='locator' />
    <link:loc xlink:href='../../elts/us-gaap-2025.xsd#us-gaap_DefinedBenefitPlanRealEstateMember' xlink:label='loc_DefinedBenefitPlanRealEstateMember' xlink:type='locator' />
    <link:loc xlink:href='../../elts/us-gaap-2025.xsd#us-gaap_DefinedBenefitPlanCommonCollectiveTrustMember' xlink:label='loc_DefinedBenefitPlanCommonCollectiveTrustMember' xlink:type='locator' />
    <link:loc xlink:href='../elts/us-gaap-ebp-2025.xsd#us-gaap-ebp_EmployeeBenefitPlanPooledSeparateAccountMember' xlink:label='loc_EmployeeBenefitPlanPooledSeparateAccountMember' xlink:type='locator' />
    <link:loc xlink:href='../../elts/us-gaap-2025.xsd#us-gaap_MutualFundMember' xlink:label='loc_MutualFundMember' xlink:type='locator' />
    <link:loc xlink:href='../../elts/us-gaap-2025.xsd#us-gaap_EquityFundsMember' xlink:label='loc_EquityFundsMember' xlink:type='locator' />
    <link:loc xlink:href='../../elts/us-gaap-2025.xsd#us-gaap_FixedIncomeFundsMember' xlink:label='loc_FixedIncomeFundsMember' xlink:type='locator' />
    <link:loc xlink:href='../../elts/us-gaap-2025.xsd#us-gaap_BalancedFundsMember' xlink:label='loc_BalancedFundsMember' xlink:type='locator' />
    <link:loc xlink:href='../elts/us-gaap-ebp-2025.xsd#us-gaap-ebp_EmployeeBenefitPlanSelfDirectedBrokerageAccountMember' xlink:label='loc_EmployeeBenefitPlanSelfDirectedBrokerageAccountMember' xlink:type='locator' />
    <link:loc xlink:href='../elts/us-gaap-ebp-2025.xsd#us-gaap-ebp_EmployeeBenefitPlanTraditionalGuaranteedInvestmentContractMember' xlink:label='loc_EmployeeBenefitPlanTraditionalGuaranteedInvestmentContractMember' xlink:type='locator' />
    <link:loc xlink:href='../elts/us-gaap-ebp-2025.xsd#us-gaap-ebp_EmployeeBenefitPlanSyntheticInvestmentContractMember' xlink:label='loc_EmployeeBenefitPlanSyntheticInvestmentContractMember' xlink:type='locator' />
    <link:loc xlink:href='../../elts/us-gaap-2025.xsd#us-gaap_DerivativeMember' xlink:label='loc_DerivativeMember' xlink:type='locator' />
    <link:loc xlink:href='../../elts/us-gaap-2025.xsd#us-gaap_InterestRateContractMember' xlink:label='loc_InterestRateContractMember' xlink:type='locator' />
    <link:loc xlink:href='../../elts/us-gaap-2025.xsd#us-gaap_InterestRateFloorMember' xlink:label='loc_InterestRateFloorMember' xlink:type='locator' />
    <link:loc xlink:href='../../elts/us-gaap-2025.xsd#us-gaap_InterestRateCapMember' xlink:label='loc_InterestRateCapMember' xlink:type='locator' />
    <link:loc xlink:href='../../elts/us-gaap-2025.xsd#us-gaap_InterestRateSwapMember' xlink:label='loc_InterestRateSwapMember' xlink:type='locator' />
    <link:loc xlink:href='../../elts/us-gaap-2025.xsd#us-gaap_InterestRateSwaptionMember' xlink:label='loc_InterestRateSwaptionMember' xlink:type='locator' />
    <link:loc xlink:href='../../elts/us-gaap-2025.xsd#us-gaap_ForeignExchangeContractMember' xlink:label='loc_ForeignExchangeContractMember' xlink:type='locator' />
    <link:loc xlink:href='../../elts/us-gaap-2025.xsd#us-gaap_CurrencySwapMember' xlink:label='loc_CurrencySwapMember' xlink:type='locator' />
    <link:loc xlink:href='../../elts/us-gaap-2025.xsd#us-gaap_ForeignExchangeForwardMember' xlink:label='loc_ForeignExchangeForwardMember' xlink:type='locator' />
    <link:loc xlink:href='../../elts/us-gaap-2025.xsd#us-gaap_ForeignExchangeFutureMember' xlink:label='loc_ForeignExchangeFutureMember' xlink:type='locator' />
    <link:loc xlink:href='../../elts/us-gaap-2025.xsd#us-gaap_EurodollarFutureMember' xlink:label='loc_EurodollarFutureMember' xlink:type='locator' />
    <link:loc xlink:href='../../elts/us-gaap-2025.xsd#us-gaap_ForeignExchangeOptionMember' xlink:label='loc_ForeignExchangeOptionMember' xlink:type='locator' />
    <link:loc xlink:href='../../elts/us-gaap-2025.xsd#us-gaap_CrossCurrencyInterestRateContractMember' xlink:label='loc_CrossCurrencyInterestRateContractMember' xlink:type='locator' />
    <link:loc xlink:href='../../elts/us-gaap-2025.xsd#us-gaap_TreasuryLockMember' xlink:label='loc_TreasuryLockMember' xlink:type='locator' />
    <link:loc xlink:href='../../elts/us-gaap-2025.xsd#us-gaap_EquityContractMember' xlink:label='loc_EquityContractMember' xlink:type='locator' />
    <link:loc xlink:href='../../elts/us-gaap-2025.xsd#us-gaap_EquitySwapMember' xlink:label='loc_EquitySwapMember' xlink:type='locator' />
    <link:loc xlink:href='../../elts/us-gaap-2025.xsd#us-gaap_StockOptionMember' xlink:label='loc_StockOptionMember' xlink:type='locator' />
    <link:loc xlink:href='../../elts/us-gaap-2025.xsd#us-gaap_CommodityContractMember' xlink:label='loc_CommodityContractMember' xlink:type='locator' />
    <link:loc xlink:href='../../elts/us-gaap-2025.xsd#us-gaap_CommodityOptionMember' xlink:label='loc_CommodityOptionMember' xlink:type='locator' />
    <link:loc xlink:href='../../elts/us-gaap-2025.xsd#us-gaap_EnergyRelatedDerivativeMember' xlink:label='loc_EnergyRelatedDerivativeMember' xlink:type='locator' />
    <link:loc xlink:href='../../elts/us-gaap-2025.xsd#us-gaap_CreditRiskContractMember' xlink:label='loc_CreditRiskContractMember' xlink:type='locator' />
    <link:loc xlink:href='../../elts/us-gaap-2025.xsd#us-gaap_EmbeddedDerivativeFinancialInstrumentsMember' xlink:label='loc_EmbeddedDerivativeFinancialInstrumentsMember' xlink:type='locator' />
    <link:loc xlink:href='../../elts/us-gaap-2025.xsd#us-gaap_CoalContractMember' xlink:label='loc_CoalContractMember' xlink:type='locator' />
    <link:loc xlink:href='../../elts/us-gaap-2025.xsd#us-gaap_OtherContractMember' xlink:label='loc_OtherContractMember' xlink:type='locator' />
    <link:loc xlink:href='../elts/us-gaap-ebp-2025.xsd#us-gaap-ebp_EbpOtherInvestmentMember' xlink:label='loc_EbpOtherInvestmentMember' xlink:type='locator' />
    <link:loc xlink:href='../elts/us-gaap-ebp-2025.xsd#us-gaap-ebp_EmployeeBenefitPlanNonconsolidatedMasterTrustAndPlanInterestInMasterTrustDomain' xlink:label='loc_EmployeeBenefitPlanNonconsolidatedMasterTrustAndPlanInterestInMasterTrustDomain' xlink:type='locator' />
    <link:loc xlink:href='../elts/us-gaap-ebp-2025.xsd#us-gaap-ebp_EmployeeBenefitPlanNonconsolidatedMasterTrustMember' xlink:label='loc_EmployeeBenefitPlanNonconsolidatedMasterTrustMember' xlink:type='locator' />
    <link:loc xlink:href='../elts/us-gaap-ebp-2025.xsd#us-gaap-ebp_EmployeeBenefitPlanNonconsolidatedPlanInterestInMasterTrustMember' xlink:label='loc_EmployeeBenefitPlanNonconsolidatedPlanInterestInMasterTrustMember' xlink:type='locator' />
    <link:definitionArc order='1.0' xlink:arcrole='http://xbrl.org/int/dim/arcrole/domain-member' xlink:from='loc_InvestmentTypeCategorizationMember' xlink:to='loc_InterestBearingDepositsMember' xlink:type='arc' />
    <link:definitionArc order='2.0' xlink:arcrole='http://xbrl.org/int/dim/arcrole/domain-member' xlink:from='loc_InvestmentTypeCategorizationMember' xlink:to='loc_CertificatesOfDepositMember' xlink:type='arc' />
    <link:definitionArc order='3.0' xlink:arcrole='http://xbrl.org/int/dim/arcrole/domain-member' xlink:from='loc_InvestmentTypeCategorizationMember' xlink:to='loc_MoneyMarketFundsMember' xlink:type='arc' />
    <link:definitionArc order='4.0' xlink:arcrole='http://xbrl.org/int/dim/arcrole/domain-member' xlink:from='loc_InvestmentTypeCategorizationMember' xlink:to='loc_CommercialPaperMember' xlink:type='arc' />
    <link:definitionArc order='5.0' xlink:arcrole='http://xbrl.org/int/dim/arcrole/domain-member' xlink:from='loc_InvestmentTypeCategorizationMember' xlink:to='loc_FixedIncomeInvestmentsMember' xlink:type='arc' />
    <link:definitionArc order='6.0' xlink:arcrole='http://xbrl.org/int/dim/arcrole/domain-member' xlink:from='loc_FixedIncomeInvestmentsMember' xlink:to='loc_USTreasuryAndGovernmentMember' xlink:type='arc' />
    <link:definitionArc order='7.0' xlink:arcrole='http://xbrl.org/int/dim/arcrole/domain-member' xlink:from='loc_USTreasuryAndGovernmentMember' xlink:to='loc_USTreasurySecuritiesMember' xlink:type='arc' />
    <link:definitionArc order='8.0' xlink:arcrole='http://xbrl.org/int/dim/arcrole/domain-member' xlink:from='loc_USTreasuryAndGovernmentMember' xlink:to='loc_USTreasuryNotesSecuritiesMember' xlink:type='arc' />
    <link:definitionArc order='9.0' xlink:arcrole='http://xbrl.org/int/dim/arcrole/domain-member' xlink:from='loc_USTreasuryAndGovernmentMember' xlink:to='loc_USTreasuryBondSecuritiesMember' xlink:type='arc' />
    <link:definitionArc order='10.0' xlink:arcrole='http://xbrl.org/int/dim/arcrole/domain-member' xlink:from='loc_USTreasuryAndGovernmentMember' xlink:to='loc_USTreasuryBillSecuritiesMember' xlink:type='arc' />
    <link:definitionArc order='11.0' xlink:arcrole='http://xbrl.org/int/dim/arcrole/domain-member' xlink:from='loc_FixedIncomeInvestmentsMember' xlink:to='loc_AssetBackedSecuritiesMember' xlink:type='arc' />
    <link:definitionArc order='12.0' xlink:arcrole='http://xbrl.org/int/dim/arcrole/domain-member' xlink:from='loc_FixedIncomeInvestmentsMember' xlink:to='loc_CollateralizedMortgageObligationsMember' xlink:type='arc' />
    <link:definitionArc order='13.0' xlink:arcrole='http://xbrl.org/int/dim/arcrole/domain-member' xlink:from='loc_FixedIncomeInvestmentsMember' xlink:to='loc_CorporateDebtSecuritiesMember' xlink:type='arc' />
    <link:definitionArc order='14.0' xlink:arcrole='http://xbrl.org/int/dim/arcrole/domain-member' xlink:from='loc_FixedIncomeInvestmentsMember' xlink:to='loc_CorporateBondSecuritiesMember' xlink:type='arc' />
    <link:definitionArc order='15.0' xlink:arcrole='http://xbrl.org/int/dim/arcrole/domain-member' xlink:from='loc_FixedIncomeInvestmentsMember' xlink:to='loc_ConvertibleDebtSecuritiesMember' xlink:type='arc' />
    <link:definitionArc order='16.0' xlink:arcrole='http://xbrl.org/int/dim/arcrole/domain-member' xlink:from='loc_FixedIncomeInvestmentsMember' xlink:to='loc_SubordinatedDebtMember' xlink:type='arc' />
    <link:definitionArc order='17.0' xlink:arcrole='http://xbrl.org/int/dim/arcrole/domain-member' xlink:from='loc_FixedIncomeInvestmentsMember' xlink:to='loc_SeniorSubordinatedNotesMember' xlink:type='arc' />
    <link:definitionArc order='18.0' xlink:arcrole='http://xbrl.org/int/dim/arcrole/domain-member' xlink:from='loc_FixedIncomeInvestmentsMember' xlink:to='loc_SeniorSubordinatedLoansMember' xlink:type='arc' />
    <link:definitionArc order='19.0' xlink:arcrole='http://xbrl.org/int/dim/arcrole/domain-member' xlink:from='loc_FixedIncomeInvestmentsMember' xlink:to='loc_JuniorSubordinatedDebtMember' xlink:type='arc' />
    <link:definitionArc order='20.0' xlink:arcrole='http://xbrl.org/int/dim/arcrole/domain-member' xlink:from='loc_FixedIncomeInvestmentsMember' xlink:to='loc_SovereignDebtSecuritiesMember' xlink:type='arc' />
    <link:definitionArc order='21.0' xlink:arcrole='http://xbrl.org/int/dim/arcrole/domain-member' xlink:from='loc_InvestmentTypeCategorizationMember' xlink:to='loc_EquitySecuritiesMember' xlink:type='arc' />
    <link:definitionArc order='22.0' xlink:arcrole='http://xbrl.org/int/dim/arcrole/domain-member' xlink:from='loc_EquitySecuritiesMember' xlink:to='loc_CommonStockMember' xlink:type='arc' />
    <link:definitionArc order='23.0' xlink:arcrole='http://xbrl.org/int/dim/arcrole/domain-member' xlink:from='loc_CommonStockMember' xlink:to='loc_EmployeeBenefitPlanEmployerCommonStockMember' xlink:type='arc' />
    <link:definitionArc order='24.0' xlink:arcrole='http://xbrl.org/int/dim/arcrole/domain-member' xlink:from='loc_EmployeeBenefitPlanEmployerCommonStockMember' xlink:to='loc_EmployeeBenefitPlanEmployerCommonStockClassAMember' xlink:type='arc' />
    <link:definitionArc order='25.0' xlink:arcrole='http://xbrl.org/int/dim/arcrole/domain-member' xlink:from='loc_EmployeeBenefitPlanEmployerCommonStockMember' xlink:to='loc_EmployeeBenefitPlanEmployerCommonStockClassBMember' xlink:type='arc' />
    <link:definitionArc order='26.0' xlink:arcrole='http://xbrl.org/int/dim/arcrole/domain-member' xlink:from='loc_CommonStockMember' xlink:to='loc_EbpNonemployerCommonStockMember' xlink:type='arc' />
    <link:definitionArc order='27.0' xlink:arcrole='http://xbrl.org/int/dim/arcrole/domain-member' xlink:from='loc_EquitySecuritiesMember' xlink:to='loc_PreferredStockMember' xlink:type='arc' />
    <link:definitionArc order='28.0' xlink:arcrole='http://xbrl.org/int/dim/arcrole/domain-member' xlink:from='loc_PreferredStockMember' xlink:to='loc_EmployeeBenefitPlanEmployerPreferredStockMember' xlink:type='arc' />
    <link:definitionArc order='29.0' xlink:arcrole='http://xbrl.org/int/dim/arcrole/domain-member' xlink:from='loc_PreferredStockMember' xlink:to='loc_EbpNonemployerPreferredStockMember' xlink:type='arc' />
    <link:definitionArc order='30.0' xlink:arcrole='http://xbrl.org/int/dim/arcrole/domain-member' xlink:from='loc_EquitySecuritiesMember' xlink:to='loc_PreferredNonConvertibleStockMember' xlink:type='arc' />
    <link:definitionArc order='31.0' xlink:arcrole='http://xbrl.org/int/dim/arcrole/domain-member' xlink:from='loc_EquitySecuritiesMember' xlink:to='loc_ConvertiblePreferredStockMember' xlink:type='arc' />
    <link:definitionArc order='32.0' xlink:arcrole='http://xbrl.org/int/dim/arcrole/domain-member' xlink:from='loc_EquitySecuritiesMember' xlink:to='loc_ContingentConvertiblePreferredStockMember' xlink:type='arc' />
    <link:definitionArc order='33.0' xlink:arcrole='http://xbrl.org/int/dim/arcrole/domain-member' xlink:from='loc_EquitySecuritiesMember' xlink:to='loc_NonredeemablePreferredStockMember' xlink:type='arc' />
    <link:definitionArc order='34.0' xlink:arcrole='http://xbrl.org/int/dim/arcrole/domain-member' xlink:from='loc_EquitySecuritiesMember' xlink:to='loc_RedeemablePreferredStockMember' xlink:type='arc' />
    <link:definitionArc order='35.0' xlink:arcrole='http://xbrl.org/int/dim/arcrole/domain-member' xlink:from='loc_EquitySecuritiesMember' xlink:to='loc_WarrantMember' xlink:type='arc' />
    <link:definitionArc order='36.0' xlink:arcrole='http://xbrl.org/int/dim/arcrole/domain-member' xlink:from='loc_InvestmentTypeCategorizationMember' xlink:to='loc_OtherAggregatedInvestmentsMember' xlink:type='arc' />
    <link:definitionArc order='37.0' xlink:arcrole='http://xbrl.org/int/dim/arcrole/domain-member' xlink:from='loc_InvestmentTypeCategorizationMember' xlink:to='loc_EmployeeBenefitPlanEmployerCommonStockFundMember' xlink:type='arc' />
    <link:definitionArc order='38.0' xlink:arcrole='http://xbrl.org/int/dim/arcrole/domain-member' xlink:from='loc_InvestmentTypeCategorizationMember' xlink:to='loc_PrivateEquityFundsMember' xlink:type='arc' />
    <link:definitionArc order='39.0' xlink:arcrole='http://xbrl.org/int/dim/arcrole/domain-member' xlink:from='loc_InvestmentTypeCategorizationMember' xlink:to='loc_HedgeFundsMember' xlink:type='arc' />
    <link:definitionArc order='40.0' xlink:arcrole='http://xbrl.org/int/dim/arcrole/domain-member' xlink:from='loc_InvestmentTypeCategorizationMember' xlink:to='loc_DefinedBenefitPlanRealEstateMember' xlink:type='arc' />
    <link:definitionArc order='41.0' xlink:arcrole='http://xbrl.org/int/dim/arcrole/domain-member' xlink:from='loc_InvestmentTypeCategorizationMember' xlink:to='loc_DefinedBenefitPlanCommonCollectiveTrustMember' xlink:type='arc' />
    <link:definitionArc order='42.0' xlink:arcrole='http://xbrl.org/int/dim/arcrole/domain-member' xlink:from='loc_InvestmentTypeCategorizationMember' xlink:to='loc_EmployeeBenefitPlanPooledSeparateAccountMember' xlink:type='arc' />
    <link:definitionArc order='43.0' xlink:arcrole='http://xbrl.org/int/dim/arcrole/domain-member' xlink:from='loc_InvestmentTypeCategorizationMember' xlink:to='loc_MutualFundMember' xlink:type='arc' />
    <link:definitionArc order='44.0' xlink:arcrole='http://xbrl.org/int/dim/arcrole/domain-member' xlink:from='loc_MutualFundMember' xlink:to='loc_EquityFundsMember' xlink:type='arc' />
    <link:definitionArc order='45.0' xlink:arcrole='http://xbrl.org/int/dim/arcrole/domain-member' xlink:from='loc_MutualFundMember' xlink:to='loc_FixedIncomeFundsMember' xlink:type='arc' />
    <link:definitionArc order='46.0' xlink:arcrole='http://xbrl.org/int/dim/arcrole/domain-member' xlink:from='loc_MutualFundMember' xlink:to='loc_BalancedFundsMember' xlink:type='arc' />
    <link:definitionArc order='47.0' xlink:arcrole='http://xbrl.org/int/dim/arcrole/domain-member' xlink:from='loc_InvestmentTypeCategorizationMember' xlink:to='loc_EmployeeBenefitPlanSelfDirectedBrokerageAccountMember' xlink:type='arc' />
    <link:definitionArc order='48.0' xlink:arcrole='http://xbrl.org/int/dim/arcrole/domain-member' xlink:from='loc_InvestmentTypeCategorizationMember' xlink:to='loc_EmployeeBenefitPlanTraditionalGuaranteedInvestmentContractMember' xlink:type='arc' />
    <link:definitionArc order='49.0' xlink:arcrole='http://xbrl.org/int/dim/arcrole/domain-member' xlink:from='loc_InvestmentTypeCategorizationMember' xlink:to='loc_EmployeeBenefitPlanSyntheticInvestmentContractMember' xlink:type='arc' />
    <link:definitionArc order='50.0' xlink:arcrole='http://xbrl.org/int/dim/arcrole/domain-member' xlink:from='loc_InvestmentTypeCategorizationMember' xlink:to='loc_DerivativeMember' xlink:type='arc' />
    <link:definitionArc order='51.0' xlink:arcrole='http://xbrl.org/int/dim/arcrole/domain-member' xlink:from='loc_DerivativeMember' xlink:to='loc_InterestRateContractMember' xlink:type='arc' />
    <link:definitionArc order='52.0' xlink:arcrole='http://xbrl.org/int/dim/arcrole/domain-member' xlink:from='loc_InterestRateContractMember' xlink:to='loc_InterestRateFloorMember' xlink:type='arc' />
    <link:definitionArc order='53.0' xlink:arcrole='http://xbrl.org/int/dim/arcrole/domain-member' xlink:from='loc_InterestRateContractMember' xlink:to='loc_InterestRateCapMember' xlink:type='arc' />
    <link:definitionArc order='54.0' xlink:arcrole='http://xbrl.org/int/dim/arcrole/domain-member' xlink:from='loc_InterestRateContractMember' xlink:to='loc_InterestRateSwapMember' xlink:type='arc' />
    <link:definitionArc order='55.0' xlink:arcrole='http://xbrl.org/int/dim/arcrole/domain-member' xlink:from='loc_InterestRateContractMember' xlink:to='loc_InterestRateSwaptionMember' xlink:type='arc' />
    <link:definitionArc order='56.0' xlink:arcrole='http://xbrl.org/int/dim/arcrole/domain-member' xlink:from='loc_DerivativeMember' xlink:to='loc_ForeignExchangeContractMember' xlink:type='arc' />
    <link:definitionArc order='57.0' xlink:arcrole='http://xbrl.org/int/dim/arcrole/domain-member' xlink:from='loc_ForeignExchangeContractMember' xlink:to='loc_CurrencySwapMember' xlink:type='arc' />
    <link:definitionArc order='58.0' xlink:arcrole='http://xbrl.org/int/dim/arcrole/domain-member' xlink:from='loc_ForeignExchangeContractMember' xlink:to='loc_ForeignExchangeForwardMember' xlink:type='arc' />
    <link:definitionArc order='59.0' xlink:arcrole='http://xbrl.org/int/dim/arcrole/domain-member' xlink:from='loc_ForeignExchangeContractMember' xlink:to='loc_ForeignExchangeFutureMember' xlink:type='arc' />
    <link:definitionArc order='60.0' xlink:arcrole='http://xbrl.org/int/dim/arcrole/domain-member' xlink:from='loc_ForeignExchangeContractMember' xlink:to='loc_EurodollarFutureMember' xlink:type='arc' />
    <link:definitionArc order='61.0' xlink:arcrole='http://xbrl.org/int/dim/arcrole/domain-member' xlink:from='loc_ForeignExchangeContractMember' xlink:to='loc_ForeignExchangeOptionMember' xlink:type='arc' />
    <link:definitionArc order='62.0' xlink:arcrole='http://xbrl.org/int/dim/arcrole/domain-member' xlink:from='loc_DerivativeMember' xlink:to='loc_CrossCurrencyInterestRateContractMember' xlink:type='arc' />
    <link:definitionArc order='63.0' xlink:arcrole='http://xbrl.org/int/dim/arcrole/domain-member' xlink:from='loc_DerivativeMember' xlink:to='loc_TreasuryLockMember' xlink:type='arc' />
    <link:definitionArc order='64.0' xlink:arcrole='http://xbrl.org/int/dim/arcrole/domain-member' xlink:from='loc_DerivativeMember' xlink:to='loc_EquityContractMember' xlink:type='arc' />
    <link:definitionArc order='65.0' xlink:arcrole='http://xbrl.org/int/dim/arcrole/domain-member' xlink:from='loc_EquityContractMember' xlink:to='loc_EquitySwapMember' xlink:type='arc' />
    <link:definitionArc order='66.0' xlink:arcrole='http://xbrl.org/int/dim/arcrole/domain-member' xlink:from='loc_EquityContractMember' xlink:to='loc_StockOptionMember' xlink:type='arc' />
    <link:definitionArc order='67.0' xlink:arcrole='http://xbrl.org/int/dim/arcrole/domain-member' xlink:from='loc_DerivativeMember' xlink:to='loc_CommodityContractMember' xlink:type='arc' />
    <link:definitionArc order='68.0' xlink:arcrole='http://xbrl.org/int/dim/arcrole/domain-member' xlink:from='loc_CommodityContractMember' xlink:to='loc_CommodityOptionMember' xlink:type='arc' />
    <link:definitionArc order='69.0' xlink:arcrole='http://xbrl.org/int/dim/arcrole/domain-member' xlink:from='loc_DerivativeMember' xlink:to='loc_EnergyRelatedDerivativeMember' xlink:type='arc' />
    <link:definitionArc order='70.0' xlink:arcrole='http://xbrl.org/int/dim/arcrole/domain-member' xlink:from='loc_DerivativeMember' xlink:to='loc_CreditRiskContractMember' xlink:type='arc' />
    <link:definitionArc order='71.0' xlink:arcrole='http://xbrl.org/int/dim/arcrole/domain-member' xlink:from='loc_DerivativeMember' xlink:to='loc_EmbeddedDerivativeFinancialInstrumentsMember' xlink:type='arc' />
    <link:definitionArc order='72.0' xlink:arcrole='http://xbrl.org/int/dim/arcrole/domain-member' xlink:from='loc_DerivativeMember' xlink:to='loc_CoalContractMember' xlink:type='arc' />
    <link:definitionArc order='73.0' xlink:arcrole='http://xbrl.org/int/dim/arcrole/domain-member' xlink:from='loc_DerivativeMember' xlink:to='loc_OtherContractMember' xlink:type='arc' />
    <link:definitionArc order='74.0' xlink:arcrole='http://xbrl.org/int/dim/arcrole/domain-member' xlink:from='loc_InvestmentTypeCategorizationMember' xlink:to='loc_EbpOtherInvestmentMember' xlink:type='arc' />
    <link:definitionArc order='75.0' xlink:arcrole='http://xbrl.org/int/dim/arcrole/domain-member' xlink:from='loc_EmployeeBenefitPlanNonconsolidatedMasterTrustAndPlanInterestInMasterTrustDomain' xlink:to='loc_EmployeeBenefitPlanNonconsolidatedMasterTrustMember' xlink:type='arc' />
    <link:definitionArc order='76.0' xlink:arcrole='http://xbrl.org/int/dim/arcrole/domain-member' xlink:from='loc_EmployeeBenefitPlanNonconsolidatedMasterTrustAndPlanInterestInMasterTrustDomain' xlink:to='loc_EmployeeBenefitPlanNonconsolidatedPlanInterestInMasterTrustMember' xlink:type='arc' />
  </link:definitionLink>
</link:linkbase>
