<?xml version='1.0' encoding='UTF-8'?>

<!--
(c) 2010-2025 Financial Accounting Foundation; (c) 2007-2010 XBRL US, Inc.  All Rights Reserved.
Notice: Authorized Uses are Set Forth at https://xbrl.fasb.org/terms/TaxonomiesTermsConditions.html
  -->
<link:linkbase xmlns:link='http://www.xbrl.org/2003/linkbase' xmlns:xlink='http://www.w3.org/1999/xlink' xmlns:xsi='http://www.w3.org/2001/XMLSchema-instance' xsi:schemaLocation='http://www.xbrl.org/2003/linkbase http://www.xbrl.org/2003/xbrl-linkbase-2003-12-31.xsd'>
  <link:roleRef roleURI='http://fasb.org/us-gaap/role/disclosure/EBPReconciliationFinancialsToForm5500' xlink:href='../../elts/us-roles-2025.xsd#ebp-recform5500' xlink:type='simple' />
  <link:presentationLink xlink:role='http://fasb.org/us-gaap/role/disclosure/EBPReconciliationFinancialsToForm5500' xlink:type='extended'>
    <link:loc xlink:href='../elts/us-gaap-ebp-2025.xsd#us-gaap-ebp_EmployeeBenefitPlanReconciliationToForm5500Abstract' xlink:label='loc_EmployeeBenefitPlanReconciliationToForm5500Abstract' xlink:type='locator' />
    <link:loc xlink:href='../elts/us-gaap-ebp-2025.xsd#us-gaap-ebp_EmployeeBenefitPlanReconciliationToForm5500Table' xlink:label='loc_EmployeeBenefitPlanReconciliationToForm5500Table' xlink:type='locator' />
    <link:loc xlink:href='https://xbrl.sec.gov/dei/2025/dei-2025.xsd#dei_LegalEntityAxis' xlink:label='loc_LegalEntityAxis' xlink:type='locator' />
    <link:loc xlink:href='../elts/us-gaap-ebp-2025.xsd#us-gaap-ebp_UseLegalEntityAxisOnEveryXbrlFactTaggedInEachEmployeeBenefitPlanFilingGuidance' xlink:label='loc_UseLegalEntityAxisOnEveryXbrlFactTaggedInEachEmployeeBenefitPlanFilingGuidance' xlink:type='locator' />
    <link:loc xlink:href='https://xbrl.sec.gov/dei/2025/dei-2025.xsd#dei_EntityDomain' xlink:label='loc_EntityDomain' xlink:type='locator' />
    <link:loc xlink:href='../elts/us-gaap-ebp-2025.xsd#us-gaap-ebp_CreatePlanSpecificMemberWithLegalEntityAxisForEmployeeBenefitPlanFilingInFollowingFormatEbpEmployerIdentificationNumbePlanNumberForExampleEbpMemberGuidance' xlink:label='loc_CreatePlanSpecificMemberWithLegalEntityAxisForEmployeeBenefitPlanFilingInFollowingFormatEbpEmployerIdentificationNumbePlanNumberForExampleEbpMemberGuidance' xlink:type='locator' />
    <link:loc xlink:href='../elts/us-gaap-ebp-2025.xsd#us-gaap-ebp_EmployeeBenefitPlanReconciliationToForm5500LineItems' xlink:label='loc_EmployeeBenefitPlanReconciliationToForm5500LineItems' xlink:type='locator' />
    <link:loc xlink:href='../elts/us-gaap-ebp-2025.xsd#us-gaap-ebp_EmployeeBenefitPlanReconciliationToForm5500TextBlock' xlink:label='loc_EmployeeBenefitPlanReconciliationToForm5500TextBlock' xlink:type='locator' />
    <link:loc xlink:href='../elts/us-gaap-ebp-2025.xsd#us-gaap-ebp_EmployeeBenefitPlanReconciliationToForm5500TableTextBlock' xlink:label='loc_EmployeeBenefitPlanReconciliationToForm5500TableTextBlock' xlink:type='locator' />
    <link:loc xlink:href='../elts/us-gaap-ebp-2025.xsd#us-gaap-ebp_EmployeeBenefitPlanForm5500CaptionNetAssetAvailableForBenefitAbstract' xlink:label='loc_EmployeeBenefitPlanForm5500CaptionNetAssetAvailableForBenefitAbstract' xlink:type='locator' />
    <link:loc xlink:href='../elts/us-gaap-ebp-2025.xsd#us-gaap-ebp_EmployeeBenefitPlanNetAssetAvailableForBenefit' xlink:label='loc_EmployeeBenefitPlanNetAssetAvailableForBenefit' xlink:type='locator' />
    <link:loc xlink:href='../elts/us-gaap-ebp-2025.xsd#us-gaap-ebp_EmployeeBenefitPlanReconciliationToForm5500NetAssetAvailableForBenefitAllocationToWithdrawingParticipantNotYetPaid' xlink:label='loc_EmployeeBenefitPlanReconciliationToForm5500NetAssetAvailableForBenefitAllocationToWithdrawingParticipantNotYetPaid' xlink:type='locator' />
    <link:loc xlink:href='../elts/us-gaap-ebp-2025.xsd#us-gaap-ebp_EmployeeBenefitPlanReconciliationToForm5500NetAssetAvailableForBenefitContractValueToCurrentValueAdjustment' xlink:label='loc_EmployeeBenefitPlanReconciliationToForm5500NetAssetAvailableForBenefitContractValueToCurrentValueAdjustment' xlink:type='locator' />
    <link:loc xlink:href='../elts/us-gaap-ebp-2025.xsd#us-gaap-ebp_EmployeeBenefitPlanReconciliationToForm5500NetAssetAvailableForBenefitDeemedDistribution' xlink:label='loc_EmployeeBenefitPlanReconciliationToForm5500NetAssetAvailableForBenefitDeemedDistribution' xlink:type='locator' />
    <link:loc xlink:href='../elts/us-gaap-ebp-2025.xsd#us-gaap-ebp_EmployeeBenefitPlanForm5500CaptionNetAssetAvailableForBenefit' xlink:label='loc_EmployeeBenefitPlanForm5500CaptionNetAssetAvailableForBenefit' xlink:type='locator' />
    <link:loc xlink:href='../elts/us-gaap-ebp-2025.xsd#us-gaap-ebp_EmployeeBenefitPlanForm5500CaptionPaymentToParticipantAbstract' xlink:label='loc_EmployeeBenefitPlanForm5500CaptionPaymentToParticipantAbstract' xlink:type='locator' />
    <link:loc xlink:href='../elts/us-gaap-ebp-2025.xsd#us-gaap-ebp_EmployeeBenefitPlanChangeInNetAssetAvailableForBenefitDecreaseForPaymentToParticipant' xlink:label='loc_EmployeeBenefitPlanChangeInNetAssetAvailableForBenefitDecreaseForPaymentToParticipant' xlink:type='locator' />
    <link:loc xlink:href='../elts/us-gaap-ebp-2025.xsd#us-gaap-ebp_EmployeeBenefitPlanReconciliationToForm5500PaymentToParticipantIncreaseDecreaseForDeemedDistributionAbstract' xlink:label='loc_EmployeeBenefitPlanReconciliationToForm5500PaymentToParticipantIncreaseDecreaseForDeemedDistributionAbstract' xlink:type='locator' />
    <link:loc xlink:href='../elts/us-gaap-ebp-2025.xsd#us-gaap-ebp_EmployeeBenefitPlanReconciliationToForm5500PaymentToParticipantIncreaseForDeemedDistributionCurrentPeriod' xlink:label='loc_EmployeeBenefitPlanReconciliationToForm5500PaymentToParticipantIncreaseForDeemedDistributionCurrentPeriod' xlink:type='locator' />
    <link:loc xlink:href='../elts/us-gaap-ebp-2025.xsd#us-gaap-ebp_EmployeeBenefitPlanReconciliationToForm5500PaymentToParticipantDecreaseForDeemedDistributionPriorPeriod' xlink:label='loc_EmployeeBenefitPlanReconciliationToForm5500PaymentToParticipantDecreaseForDeemedDistributionPriorPeriod' xlink:type='locator' />
    <link:loc xlink:href='../elts/us-gaap-ebp-2025.xsd#us-gaap-ebp_EmployeeBenefitPlanReconciliationToForm5500PaymentToParticipantIncreaseDecreaseForDeemedDistribution' xlink:label='loc_EmployeeBenefitPlanReconciliationToForm5500PaymentToParticipantIncreaseDecreaseForDeemedDistribution' xlink:type='locator' />
    <link:loc xlink:href='../elts/us-gaap-ebp-2025.xsd#us-gaap-ebp_EmployeeBenefitPlanReconciliationToForm5500PaymentToParticipantIncreaseForAllocationToWithdrawingParticipantNotYetPaid' xlink:label='loc_EmployeeBenefitPlanReconciliationToForm5500PaymentToParticipantIncreaseForAllocationToWithdrawingParticipantNotYetPaid' xlink:type='locator' />
    <link:loc xlink:href='../elts/us-gaap-ebp-2025.xsd#us-gaap-ebp_EmployeeBenefitPlanReconciliationToForm5500PaymentToParticipantDecreaseForAllocationToWithdrawingParticipantPaid' xlink:label='loc_EmployeeBenefitPlanReconciliationToForm5500PaymentToParticipantDecreaseForAllocationToWithdrawingParticipantPaid' xlink:type='locator' />
    <link:loc xlink:href='../elts/us-gaap-ebp-2025.xsd#us-gaap-ebp_EmployeeBenefitPlanForm5500CaptionPaymentToParticipant' xlink:label='loc_EmployeeBenefitPlanForm5500CaptionPaymentToParticipant' xlink:type='locator' />
    <link:loc xlink:href='../elts/us-gaap-ebp-2025.xsd#us-gaap-ebp_EmployeeBenefitPlanForm5500CaptionNetIncomeLossAbstract' xlink:label='loc_EmployeeBenefitPlanForm5500CaptionNetIncomeLossAbstract' xlink:type='locator' />
    <link:loc xlink:href='../elts/us-gaap-ebp-2025.xsd#us-gaap-ebp_EmployeeBenefitPlanChangeInNetAssetAvailableForBenefitIncreaseDecrease' xlink:label='loc_EmployeeBenefitPlanChangeInNetAssetAvailableForBenefitIncreaseDecrease' xlink:type='locator' />
    <link:loc xlink:href='../elts/us-gaap-ebp-2025.xsd#us-gaap-ebp_EmployeeBenefitPlanReconciliationToForm5500ChangeInNetAssetAvailableForBenefitIncreaseDecreaseForDeemedDistributionAbstract' xlink:label='loc_EmployeeBenefitPlanReconciliationToForm5500ChangeInNetAssetAvailableForBenefitIncreaseDecreaseForDeemedDistributionAbstract' xlink:type='locator' />
    <link:loc xlink:href='../elts/us-gaap-ebp-2025.xsd#us-gaap-ebp_EmployeeBenefitPlanReconciliationToForm5500ChangeInNetAssetAvailableForBenefitIncreaseForDeemedDistributionPriorPeriod' xlink:label='loc_EmployeeBenefitPlanReconciliationToForm5500ChangeInNetAssetAvailableForBenefitIncreaseForDeemedDistributionPriorPeriod' xlink:type='locator' />
    <link:loc xlink:href='../elts/us-gaap-ebp-2025.xsd#us-gaap-ebp_EmployeeBenefitPlanReconciliationToForm5500ChangeInNetAssetAvailableForBenefitDecreaseForDeemedDistributionCurrentPeriod' xlink:label='loc_EmployeeBenefitPlanReconciliationToForm5500ChangeInNetAssetAvailableForBenefitDecreaseForDeemedDistributionCurrentPeriod' xlink:type='locator' />
    <link:loc xlink:href='../elts/us-gaap-ebp-2025.xsd#us-gaap-ebp_EmployeeBenefitPlanReconciliationToForm5500ChangeInNetAssetAvailableForBenefitIncreaseDecreaseForDeemedDistribution' xlink:label='loc_EmployeeBenefitPlanReconciliationToForm5500ChangeInNetAssetAvailableForBenefitIncreaseDecreaseForDeemedDistribution' xlink:type='locator' />
    <link:loc xlink:href='../elts/us-gaap-ebp-2025.xsd#us-gaap-ebp_EmployeeBenefitPlanReconciliationToForm5500ChangeInNetAssetAvailableForBenefitIncreaseDecreaseForContractValueToCurrentValue' xlink:label='loc_EmployeeBenefitPlanReconciliationToForm5500ChangeInNetAssetAvailableForBenefitIncreaseDecreaseForContractValueToCurrentValue' xlink:type='locator' />
    <link:loc xlink:href='../elts/us-gaap-ebp-2025.xsd#us-gaap-ebp_EmployeeBenefitPlanForm5500CaptionNetIncomeLoss' xlink:label='loc_EmployeeBenefitPlanForm5500CaptionNetIncomeLoss' xlink:type='locator' />
    <link:loc xlink:href='../elts/us-gaap-ebp-2025.xsd#us-gaap-ebp_EmployeeBenefitPlanForm5500CaptionParticipantLoanAbstract' xlink:label='loc_EmployeeBenefitPlanForm5500CaptionParticipantLoanAbstract' xlink:type='locator' />
    <link:loc xlink:href='../elts/us-gaap-ebp-2025.xsd#us-gaap-ebp_EmployeeBenefitPlanNoteReceivableFromParticipant' xlink:label='loc_EmployeeBenefitPlanNoteReceivableFromParticipant' xlink:type='locator' />
    <link:loc xlink:href='../elts/us-gaap-ebp-2025.xsd#us-gaap-ebp_EmployeeBenefitPlanReconciliationToForm5500NoteReceivableDeemedDistribution' xlink:label='loc_EmployeeBenefitPlanReconciliationToForm5500NoteReceivableDeemedDistribution' xlink:type='locator' />
    <link:loc xlink:href='../elts/us-gaap-ebp-2025.xsd#us-gaap-ebp_EmployeeBenefitPlanForm5500CaptionParticipantLoan' xlink:label='loc_EmployeeBenefitPlanForm5500CaptionParticipantLoan' xlink:type='locator' />
    <link:loc xlink:href='../elts/us-gaap-ebp-2025.xsd#us-gaap-ebp_EmployeeBenefitPlanForm5500CaptionAbstract' xlink:label='loc_EmployeeBenefitPlanForm5500CaptionAbstract' xlink:type='locator' />
    <link:loc xlink:href='../elts/us-gaap-ebp-2025.xsd#us-gaap-ebp_EmployeeBenefitPlanForm5500CaptionReceivableEmployerContribution' xlink:label='loc_EmployeeBenefitPlanForm5500CaptionReceivableEmployerContribution' xlink:type='locator' />
    <link:loc xlink:href='../elts/us-gaap-ebp-2025.xsd#us-gaap-ebp_EmployeeBenefitPlanForm5500CaptionReceivableParticipantContribution' xlink:label='loc_EmployeeBenefitPlanForm5500CaptionReceivableParticipantContribution' xlink:type='locator' />
    <link:loc xlink:href='../elts/us-gaap-ebp-2025.xsd#us-gaap-ebp_EmployeeBenefitPlanForm5500CaptionReceivableOther' xlink:label='loc_EmployeeBenefitPlanForm5500CaptionReceivableOther' xlink:type='locator' />
    <link:loc xlink:href='../elts/us-gaap-ebp-2025.xsd#us-gaap-ebp_EmployeeBenefitPlanForm5500CaptionAsset' xlink:label='loc_EmployeeBenefitPlanForm5500CaptionAsset' xlink:type='locator' />
    <link:loc xlink:href='../elts/us-gaap-ebp-2025.xsd#us-gaap-ebp_EmployeeBenefitPlanForm5500CaptionLiability' xlink:label='loc_EmployeeBenefitPlanForm5500CaptionLiability' xlink:type='locator' />
    <link:loc xlink:href='../elts/us-gaap-ebp-2025.xsd#us-gaap-ebp_EmployeeBenefitPlanForm5500CaptionEmployerContribution' xlink:label='loc_EmployeeBenefitPlanForm5500CaptionEmployerContribution' xlink:type='locator' />
    <link:loc xlink:href='../elts/us-gaap-ebp-2025.xsd#us-gaap-ebp_EmployeeBenefitPlanForm5500CaptionParticipantContribution' xlink:label='loc_EmployeeBenefitPlanForm5500CaptionParticipantContribution' xlink:type='locator' />
    <link:loc xlink:href='../elts/us-gaap-ebp-2025.xsd#us-gaap-ebp_EmployeeBenefitPlanForm5500CaptionOtherContribution' xlink:label='loc_EmployeeBenefitPlanForm5500CaptionOtherContribution' xlink:type='locator' />
    <link:loc xlink:href='../elts/us-gaap-ebp-2025.xsd#us-gaap-ebp_EmployeeBenefitPlanForm5500CaptionNoncashContribution' xlink:label='loc_EmployeeBenefitPlanForm5500CaptionNoncashContribution' xlink:type='locator' />
    <link:loc xlink:href='../elts/us-gaap-ebp-2025.xsd#us-gaap-ebp_EmployeeBenefitPlanForm5500CaptionTotalContribution' xlink:label='loc_EmployeeBenefitPlanForm5500CaptionTotalContribution' xlink:type='locator' />
    <link:loc xlink:href='../elts/us-gaap-ebp-2025.xsd#us-gaap-ebp_EmployeeBenefitPlanForm5500CaptionTotalInterestIncome' xlink:label='loc_EmployeeBenefitPlanForm5500CaptionTotalInterestIncome' xlink:type='locator' />
    <link:loc xlink:href='../elts/us-gaap-ebp-2025.xsd#us-gaap-ebp_EmployeeBenefitPlanForm5500CaptionTotalDividendIncome' xlink:label='loc_EmployeeBenefitPlanForm5500CaptionTotalDividendIncome' xlink:type='locator' />
    <link:loc xlink:href='../elts/us-gaap-ebp-2025.xsd#us-gaap-ebp_EmployeeBenefitPlanForm5500CaptionNetGainLossOnSale' xlink:label='loc_EmployeeBenefitPlanForm5500CaptionNetGainLossOnSale' xlink:type='locator' />
    <link:loc xlink:href='../elts/us-gaap-ebp-2025.xsd#us-gaap-ebp_EmployeeBenefitPlanForm5500CaptionUnrealizedAppreciationDepreciation' xlink:label='loc_EmployeeBenefitPlanForm5500CaptionUnrealizedAppreciationDepreciation' xlink:type='locator' />
    <link:loc xlink:href='../elts/us-gaap-ebp-2025.xsd#us-gaap-ebp_EmployeeBenefitPlanForm5500CaptionOtherIncome' xlink:label='loc_EmployeeBenefitPlanForm5500CaptionOtherIncome' xlink:type='locator' />
    <link:loc xlink:href='../elts/us-gaap-ebp-2025.xsd#us-gaap-ebp_EmployeeBenefitPlanForm5500CaptionTotalIncome' xlink:label='loc_EmployeeBenefitPlanForm5500CaptionTotalIncome' xlink:type='locator' />
    <link:loc xlink:href='../elts/us-gaap-ebp-2025.xsd#us-gaap-ebp_EmployeeBenefitPlanForm5500CaptionInterestExpense' xlink:label='loc_EmployeeBenefitPlanForm5500CaptionInterestExpense' xlink:type='locator' />
    <link:loc xlink:href='../elts/us-gaap-ebp-2025.xsd#us-gaap-ebp_EmployeeBenefitPlanForm5500CaptionCorrectiveDistribution' xlink:label='loc_EmployeeBenefitPlanForm5500CaptionCorrectiveDistribution' xlink:type='locator' />
    <link:loc xlink:href='../elts/us-gaap-ebp-2025.xsd#us-gaap-ebp_EmployeeBenefitPlanForm5500CaptionDeemedDistribution' xlink:label='loc_EmployeeBenefitPlanForm5500CaptionDeemedDistribution' xlink:type='locator' />
    <link:loc xlink:href='../elts/us-gaap-ebp-2025.xsd#us-gaap-ebp_EmployeeBenefitPlanForm5500CaptionTotalAdministrativeExpense' xlink:label='loc_EmployeeBenefitPlanForm5500CaptionTotalAdministrativeExpense' xlink:type='locator' />
    <link:loc xlink:href='../elts/us-gaap-ebp-2025.xsd#us-gaap-ebp_EmployeeBenefitPlanForm5500CaptionTotalExpense' xlink:label='loc_EmployeeBenefitPlanForm5500CaptionTotalExpense' xlink:type='locator' />
    <link:loc xlink:href='../elts/us-gaap-ebp-2025.xsd#us-gaap-ebp_EmployeeBenefitPlanForm5500CaptionTransferToFromPlan' xlink:label='loc_EmployeeBenefitPlanForm5500CaptionTransferToFromPlan' xlink:type='locator' />
    <link:presentationArc order='10' xlink:arcrole='http://www.xbrl.org/2003/arcrole/parent-child' xlink:from='loc_EmployeeBenefitPlanReconciliationToForm5500Abstract' xlink:to='loc_EmployeeBenefitPlanReconciliationToForm5500Table' xlink:type='arc' />
    <link:presentationArc order='10' xlink:arcrole='http://www.xbrl.org/2003/arcrole/parent-child' xlink:from='loc_EmployeeBenefitPlanReconciliationToForm5500Table' xlink:to='loc_LegalEntityAxis' xlink:type='arc' />
    <link:presentationArc order='10' xlink:arcrole='http://www.xbrl.org/2003/arcrole/parent-child' xlink:from='loc_LegalEntityAxis' xlink:to='loc_UseLegalEntityAxisOnEveryXbrlFactTaggedInEachEmployeeBenefitPlanFilingGuidance' xlink:type='arc' />
    <link:presentationArc order='20' xlink:arcrole='http://www.xbrl.org/2003/arcrole/parent-child' xlink:from='loc_LegalEntityAxis' xlink:to='loc_EntityDomain' xlink:type='arc' />
    <link:presentationArc order='10' xlink:arcrole='http://www.xbrl.org/2003/arcrole/parent-child' xlink:from='loc_EntityDomain' xlink:to='loc_CreatePlanSpecificMemberWithLegalEntityAxisForEmployeeBenefitPlanFilingInFollowingFormatEbpEmployerIdentificationNumbePlanNumberForExampleEbpMemberGuidance' xlink:type='arc' />
    <link:presentationArc order='20' xlink:arcrole='http://www.xbrl.org/2003/arcrole/parent-child' xlink:from='loc_EmployeeBenefitPlanReconciliationToForm5500Table' xlink:to='loc_EmployeeBenefitPlanReconciliationToForm5500LineItems' xlink:type='arc' />
    <link:presentationArc order='10' xlink:arcrole='http://www.xbrl.org/2003/arcrole/parent-child' xlink:from='loc_EmployeeBenefitPlanReconciliationToForm5500LineItems' xlink:to='loc_EmployeeBenefitPlanReconciliationToForm5500TextBlock' xlink:type='arc' />
    <link:presentationArc order='20' xlink:arcrole='http://www.xbrl.org/2003/arcrole/parent-child' xlink:from='loc_EmployeeBenefitPlanReconciliationToForm5500LineItems' xlink:to='loc_EmployeeBenefitPlanReconciliationToForm5500TableTextBlock' xlink:type='arc' />
    <link:presentationArc order='30' xlink:arcrole='http://www.xbrl.org/2003/arcrole/parent-child' xlink:from='loc_EmployeeBenefitPlanReconciliationToForm5500LineItems' xlink:to='loc_EmployeeBenefitPlanForm5500CaptionNetAssetAvailableForBenefitAbstract' xlink:type='arc' />
    <link:presentationArc order='10' xlink:arcrole='http://www.xbrl.org/2003/arcrole/parent-child' xlink:from='loc_EmployeeBenefitPlanForm5500CaptionNetAssetAvailableForBenefitAbstract' xlink:to='loc_EmployeeBenefitPlanNetAssetAvailableForBenefit' xlink:type='arc' />
    <link:presentationArc order='20' xlink:arcrole='http://www.xbrl.org/2003/arcrole/parent-child' xlink:from='loc_EmployeeBenefitPlanForm5500CaptionNetAssetAvailableForBenefitAbstract' xlink:to='loc_EmployeeBenefitPlanReconciliationToForm5500NetAssetAvailableForBenefitAllocationToWithdrawingParticipantNotYetPaid' xlink:type='arc' />
    <link:presentationArc order='30' xlink:arcrole='http://www.xbrl.org/2003/arcrole/parent-child' xlink:from='loc_EmployeeBenefitPlanForm5500CaptionNetAssetAvailableForBenefitAbstract' xlink:to='loc_EmployeeBenefitPlanReconciliationToForm5500NetAssetAvailableForBenefitContractValueToCurrentValueAdjustment' xlink:type='arc' />
    <link:presentationArc order='40' xlink:arcrole='http://www.xbrl.org/2003/arcrole/parent-child' xlink:from='loc_EmployeeBenefitPlanForm5500CaptionNetAssetAvailableForBenefitAbstract' xlink:to='loc_EmployeeBenefitPlanReconciliationToForm5500NetAssetAvailableForBenefitDeemedDistribution' xlink:type='arc' />
    <link:presentationArc order='50' preferredLabel='http://www.xbrl.org/2003/role/totalLabel' xlink:arcrole='http://www.xbrl.org/2003/arcrole/parent-child' xlink:from='loc_EmployeeBenefitPlanForm5500CaptionNetAssetAvailableForBenefitAbstract' xlink:to='loc_EmployeeBenefitPlanForm5500CaptionNetAssetAvailableForBenefit' xlink:type='arc' />
    <link:presentationArc order='40' xlink:arcrole='http://www.xbrl.org/2003/arcrole/parent-child' xlink:from='loc_EmployeeBenefitPlanReconciliationToForm5500LineItems' xlink:to='loc_EmployeeBenefitPlanForm5500CaptionPaymentToParticipantAbstract' xlink:type='arc' />
    <link:presentationArc order='10' xlink:arcrole='http://www.xbrl.org/2003/arcrole/parent-child' xlink:from='loc_EmployeeBenefitPlanForm5500CaptionPaymentToParticipantAbstract' xlink:to='loc_EmployeeBenefitPlanChangeInNetAssetAvailableForBenefitDecreaseForPaymentToParticipant' xlink:type='arc' />
    <link:presentationArc order='20' xlink:arcrole='http://www.xbrl.org/2003/arcrole/parent-child' xlink:from='loc_EmployeeBenefitPlanForm5500CaptionPaymentToParticipantAbstract' xlink:to='loc_EmployeeBenefitPlanReconciliationToForm5500PaymentToParticipantIncreaseDecreaseForDeemedDistributionAbstract' xlink:type='arc' />
    <link:presentationArc order='10' xlink:arcrole='http://www.xbrl.org/2003/arcrole/parent-child' xlink:from='loc_EmployeeBenefitPlanReconciliationToForm5500PaymentToParticipantIncreaseDecreaseForDeemedDistributionAbstract' xlink:to='loc_EmployeeBenefitPlanReconciliationToForm5500PaymentToParticipantIncreaseForDeemedDistributionCurrentPeriod' xlink:type='arc' />
    <link:presentationArc order='20' xlink:arcrole='http://www.xbrl.org/2003/arcrole/parent-child' xlink:from='loc_EmployeeBenefitPlanReconciliationToForm5500PaymentToParticipantIncreaseDecreaseForDeemedDistributionAbstract' xlink:to='loc_EmployeeBenefitPlanReconciliationToForm5500PaymentToParticipantDecreaseForDeemedDistributionPriorPeriod' xlink:type='arc' />
    <link:presentationArc order='30' preferredLabel='http://www.xbrl.org/2003/role/totalLabel' xlink:arcrole='http://www.xbrl.org/2003/arcrole/parent-child' xlink:from='loc_EmployeeBenefitPlanReconciliationToForm5500PaymentToParticipantIncreaseDecreaseForDeemedDistributionAbstract' xlink:to='loc_EmployeeBenefitPlanReconciliationToForm5500PaymentToParticipantIncreaseDecreaseForDeemedDistribution' xlink:type='arc' />
    <link:presentationArc order='30' xlink:arcrole='http://www.xbrl.org/2003/arcrole/parent-child' xlink:from='loc_EmployeeBenefitPlanForm5500CaptionPaymentToParticipantAbstract' xlink:to='loc_EmployeeBenefitPlanReconciliationToForm5500PaymentToParticipantIncreaseForAllocationToWithdrawingParticipantNotYetPaid' xlink:type='arc' />
    <link:presentationArc order='40' xlink:arcrole='http://www.xbrl.org/2003/arcrole/parent-child' xlink:from='loc_EmployeeBenefitPlanForm5500CaptionPaymentToParticipantAbstract' xlink:to='loc_EmployeeBenefitPlanReconciliationToForm5500PaymentToParticipantDecreaseForAllocationToWithdrawingParticipantPaid' xlink:type='arc' />
    <link:presentationArc order='50' preferredLabel='http://www.xbrl.org/2003/role/totalLabel' xlink:arcrole='http://www.xbrl.org/2003/arcrole/parent-child' xlink:from='loc_EmployeeBenefitPlanForm5500CaptionPaymentToParticipantAbstract' xlink:to='loc_EmployeeBenefitPlanForm5500CaptionPaymentToParticipant' xlink:type='arc' />
    <link:presentationArc order='50' xlink:arcrole='http://www.xbrl.org/2003/arcrole/parent-child' xlink:from='loc_EmployeeBenefitPlanReconciliationToForm5500LineItems' xlink:to='loc_EmployeeBenefitPlanForm5500CaptionNetIncomeLossAbstract' xlink:type='arc' />
    <link:presentationArc order='10' xlink:arcrole='http://www.xbrl.org/2003/arcrole/parent-child' xlink:from='loc_EmployeeBenefitPlanForm5500CaptionNetIncomeLossAbstract' xlink:to='loc_EmployeeBenefitPlanChangeInNetAssetAvailableForBenefitIncreaseDecrease' xlink:type='arc' />
    <link:presentationArc order='20' xlink:arcrole='http://www.xbrl.org/2003/arcrole/parent-child' xlink:from='loc_EmployeeBenefitPlanForm5500CaptionNetIncomeLossAbstract' xlink:to='loc_EmployeeBenefitPlanReconciliationToForm5500ChangeInNetAssetAvailableForBenefitIncreaseDecreaseForDeemedDistributionAbstract' xlink:type='arc' />
    <link:presentationArc order='10' xlink:arcrole='http://www.xbrl.org/2003/arcrole/parent-child' xlink:from='loc_EmployeeBenefitPlanReconciliationToForm5500ChangeInNetAssetAvailableForBenefitIncreaseDecreaseForDeemedDistributionAbstract' xlink:to='loc_EmployeeBenefitPlanReconciliationToForm5500ChangeInNetAssetAvailableForBenefitIncreaseForDeemedDistributionPriorPeriod' xlink:type='arc' />
    <link:presentationArc order='20' xlink:arcrole='http://www.xbrl.org/2003/arcrole/parent-child' xlink:from='loc_EmployeeBenefitPlanReconciliationToForm5500ChangeInNetAssetAvailableForBenefitIncreaseDecreaseForDeemedDistributionAbstract' xlink:to='loc_EmployeeBenefitPlanReconciliationToForm5500ChangeInNetAssetAvailableForBenefitDecreaseForDeemedDistributionCurrentPeriod' xlink:type='arc' />
    <link:presentationArc order='30' preferredLabel='http://www.xbrl.org/2003/role/totalLabel' xlink:arcrole='http://www.xbrl.org/2003/arcrole/parent-child' xlink:from='loc_EmployeeBenefitPlanReconciliationToForm5500ChangeInNetAssetAvailableForBenefitIncreaseDecreaseForDeemedDistributionAbstract' xlink:to='loc_EmployeeBenefitPlanReconciliationToForm5500ChangeInNetAssetAvailableForBenefitIncreaseDecreaseForDeemedDistribution' xlink:type='arc' />
    <link:presentationArc order='30' xlink:arcrole='http://www.xbrl.org/2003/arcrole/parent-child' xlink:from='loc_EmployeeBenefitPlanForm5500CaptionNetIncomeLossAbstract' xlink:to='loc_EmployeeBenefitPlanReconciliationToForm5500ChangeInNetAssetAvailableForBenefitIncreaseDecreaseForContractValueToCurrentValue' xlink:type='arc' />
    <link:presentationArc order='40' preferredLabel='http://www.xbrl.org/2003/role/totalLabel' xlink:arcrole='http://www.xbrl.org/2003/arcrole/parent-child' xlink:from='loc_EmployeeBenefitPlanForm5500CaptionNetIncomeLossAbstract' xlink:to='loc_EmployeeBenefitPlanForm5500CaptionNetIncomeLoss' xlink:type='arc' />
    <link:presentationArc order='60' xlink:arcrole='http://www.xbrl.org/2003/arcrole/parent-child' xlink:from='loc_EmployeeBenefitPlanReconciliationToForm5500LineItems' xlink:to='loc_EmployeeBenefitPlanForm5500CaptionParticipantLoanAbstract' xlink:type='arc' />
    <link:presentationArc order='10' xlink:arcrole='http://www.xbrl.org/2003/arcrole/parent-child' xlink:from='loc_EmployeeBenefitPlanForm5500CaptionParticipantLoanAbstract' xlink:to='loc_EmployeeBenefitPlanNoteReceivableFromParticipant' xlink:type='arc' />
    <link:presentationArc order='20' xlink:arcrole='http://www.xbrl.org/2003/arcrole/parent-child' xlink:from='loc_EmployeeBenefitPlanForm5500CaptionParticipantLoanAbstract' xlink:to='loc_EmployeeBenefitPlanReconciliationToForm5500NoteReceivableDeemedDistribution' xlink:type='arc' />
    <link:presentationArc order='30' preferredLabel='http://www.xbrl.org/2003/role/totalLabel' xlink:arcrole='http://www.xbrl.org/2003/arcrole/parent-child' xlink:from='loc_EmployeeBenefitPlanForm5500CaptionParticipantLoanAbstract' xlink:to='loc_EmployeeBenefitPlanForm5500CaptionParticipantLoan' xlink:type='arc' />
    <link:presentationArc order='70' xlink:arcrole='http://www.xbrl.org/2003/arcrole/parent-child' xlink:from='loc_EmployeeBenefitPlanReconciliationToForm5500LineItems' xlink:to='loc_EmployeeBenefitPlanForm5500CaptionAbstract' xlink:type='arc' />
    <link:presentationArc order='10' xlink:arcrole='http://www.xbrl.org/2003/arcrole/parent-child' xlink:from='loc_EmployeeBenefitPlanForm5500CaptionAbstract' xlink:to='loc_EmployeeBenefitPlanForm5500CaptionReceivableEmployerContribution' xlink:type='arc' />
    <link:presentationArc order='20' xlink:arcrole='http://www.xbrl.org/2003/arcrole/parent-child' xlink:from='loc_EmployeeBenefitPlanForm5500CaptionAbstract' xlink:to='loc_EmployeeBenefitPlanForm5500CaptionReceivableParticipantContribution' xlink:type='arc' />
    <link:presentationArc order='30' xlink:arcrole='http://www.xbrl.org/2003/arcrole/parent-child' xlink:from='loc_EmployeeBenefitPlanForm5500CaptionAbstract' xlink:to='loc_EmployeeBenefitPlanForm5500CaptionReceivableOther' xlink:type='arc' />
    <link:presentationArc order='40' xlink:arcrole='http://www.xbrl.org/2003/arcrole/parent-child' xlink:from='loc_EmployeeBenefitPlanForm5500CaptionAbstract' xlink:to='loc_EmployeeBenefitPlanForm5500CaptionAsset' xlink:type='arc' />
    <link:presentationArc order='50' xlink:arcrole='http://www.xbrl.org/2003/arcrole/parent-child' xlink:from='loc_EmployeeBenefitPlanForm5500CaptionAbstract' xlink:to='loc_EmployeeBenefitPlanForm5500CaptionLiability' xlink:type='arc' />
    <link:presentationArc order='60' xlink:arcrole='http://www.xbrl.org/2003/arcrole/parent-child' xlink:from='loc_EmployeeBenefitPlanForm5500CaptionAbstract' xlink:to='loc_EmployeeBenefitPlanForm5500CaptionEmployerContribution' xlink:type='arc' />
    <link:presentationArc order='70' xlink:arcrole='http://www.xbrl.org/2003/arcrole/parent-child' xlink:from='loc_EmployeeBenefitPlanForm5500CaptionAbstract' xlink:to='loc_EmployeeBenefitPlanForm5500CaptionParticipantContribution' xlink:type='arc' />
    <link:presentationArc order='80' xlink:arcrole='http://www.xbrl.org/2003/arcrole/parent-child' xlink:from='loc_EmployeeBenefitPlanForm5500CaptionAbstract' xlink:to='loc_EmployeeBenefitPlanForm5500CaptionOtherContribution' xlink:type='arc' />
    <link:presentationArc order='90' xlink:arcrole='http://www.xbrl.org/2003/arcrole/parent-child' xlink:from='loc_EmployeeBenefitPlanForm5500CaptionAbstract' xlink:to='loc_EmployeeBenefitPlanForm5500CaptionNoncashContribution' xlink:type='arc' />
    <link:presentationArc order='100' xlink:arcrole='http://www.xbrl.org/2003/arcrole/parent-child' xlink:from='loc_EmployeeBenefitPlanForm5500CaptionAbstract' xlink:to='loc_EmployeeBenefitPlanForm5500CaptionTotalContribution' xlink:type='arc' />
    <link:presentationArc order='110' xlink:arcrole='http://www.xbrl.org/2003/arcrole/parent-child' xlink:from='loc_EmployeeBenefitPlanForm5500CaptionAbstract' xlink:to='loc_EmployeeBenefitPlanForm5500CaptionTotalInterestIncome' xlink:type='arc' />
    <link:presentationArc order='120' xlink:arcrole='http://www.xbrl.org/2003/arcrole/parent-child' xlink:from='loc_EmployeeBenefitPlanForm5500CaptionAbstract' xlink:to='loc_EmployeeBenefitPlanForm5500CaptionTotalDividendIncome' xlink:type='arc' />
    <link:presentationArc order='130' xlink:arcrole='http://www.xbrl.org/2003/arcrole/parent-child' xlink:from='loc_EmployeeBenefitPlanForm5500CaptionAbstract' xlink:to='loc_EmployeeBenefitPlanForm5500CaptionNetGainLossOnSale' xlink:type='arc' />
    <link:presentationArc order='140' xlink:arcrole='http://www.xbrl.org/2003/arcrole/parent-child' xlink:from='loc_EmployeeBenefitPlanForm5500CaptionAbstract' xlink:to='loc_EmployeeBenefitPlanForm5500CaptionUnrealizedAppreciationDepreciation' xlink:type='arc' />
    <link:presentationArc order='150' xlink:arcrole='http://www.xbrl.org/2003/arcrole/parent-child' xlink:from='loc_EmployeeBenefitPlanForm5500CaptionAbstract' xlink:to='loc_EmployeeBenefitPlanForm5500CaptionOtherIncome' xlink:type='arc' />
    <link:presentationArc order='160' xlink:arcrole='http://www.xbrl.org/2003/arcrole/parent-child' xlink:from='loc_EmployeeBenefitPlanForm5500CaptionAbstract' xlink:to='loc_EmployeeBenefitPlanForm5500CaptionTotalIncome' xlink:type='arc' />
    <link:presentationArc order='170' xlink:arcrole='http://www.xbrl.org/2003/arcrole/parent-child' xlink:from='loc_EmployeeBenefitPlanForm5500CaptionAbstract' xlink:to='loc_EmployeeBenefitPlanForm5500CaptionInterestExpense' xlink:type='arc' />
    <link:presentationArc order='180' xlink:arcrole='http://www.xbrl.org/2003/arcrole/parent-child' xlink:from='loc_EmployeeBenefitPlanForm5500CaptionAbstract' xlink:to='loc_EmployeeBenefitPlanForm5500CaptionCorrectiveDistribution' xlink:type='arc' />
    <link:presentationArc order='190' xlink:arcrole='http://www.xbrl.org/2003/arcrole/parent-child' xlink:from='loc_EmployeeBenefitPlanForm5500CaptionAbstract' xlink:to='loc_EmployeeBenefitPlanForm5500CaptionDeemedDistribution' xlink:type='arc' />
    <link:presentationArc order='200' xlink:arcrole='http://www.xbrl.org/2003/arcrole/parent-child' xlink:from='loc_EmployeeBenefitPlanForm5500CaptionAbstract' xlink:to='loc_EmployeeBenefitPlanForm5500CaptionTotalAdministrativeExpense' xlink:type='arc' />
    <link:presentationArc order='210' xlink:arcrole='http://www.xbrl.org/2003/arcrole/parent-child' xlink:from='loc_EmployeeBenefitPlanForm5500CaptionAbstract' xlink:to='loc_EmployeeBenefitPlanForm5500CaptionTotalExpense' xlink:type='arc' />
    <link:presentationArc order='220' xlink:arcrole='http://www.xbrl.org/2003/arcrole/parent-child' xlink:from='loc_EmployeeBenefitPlanForm5500CaptionAbstract' xlink:to='loc_EmployeeBenefitPlanForm5500CaptionTransferToFromPlan' xlink:type='arc' />
  </link:presentationLink>
</link:linkbase>
