<?xml version='1.0' encoding='UTF-8'?>

<!--
(c) 2010-2025 Financial Accounting Foundation; (c) 2007-2010 XBRL US, Inc.  All Rights Reserved.
Notice: Authorized Uses are Set Forth at https://xbrl.fasb.org/terms/TaxonomiesTermsConditions.html
  -->
<link:linkbase xmlns:link='http://www.xbrl.org/2003/linkbase' xmlns:xlink='http://www.w3.org/1999/xlink' xmlns:xsi='http://www.w3.org/2001/XMLSchema-instance' xsi:schemaLocation='http://www.xbrl.org/2003/linkbase http://www.xbrl.org/2003/xbrl-linkbase-2003-12-31.xsd'>
  <link:arcroleRef arcroleURI='https://xbrl.org/2023/arcrole/summation-item' xlink:href='https://www.xbrl.org/2023/calculation-1.1.xsd#summation-item' xlink:type='simple'/>
  <link:roleRef roleURI='http://fasb.org/us-gaap/role/disclosure/EBPReconciliationFinancialsToForm5500' xlink:href='../../elts/us-roles-2025.xsd#ebp-recform5500' xlink:type='simple' />
  <link:calculationLink xlink:role='http://fasb.org/us-gaap/role/disclosure/EBPReconciliationFinancialsToForm5500' xlink:type='extended'>
    <link:loc xlink:href='../elts/us-gaap-ebp-2025.xsd#us-gaap-ebp_EmployeeBenefitPlanForm5500CaptionNetAssetAvailableForBenefit' xlink:label='loc_EmployeeBenefitPlanForm5500CaptionNetAssetAvailableForBenefit' xlink:type='locator' />
    <link:loc xlink:href='../elts/us-gaap-ebp-2025.xsd#us-gaap-ebp_EmployeeBenefitPlanNetAssetAvailableForBenefit' xlink:label='loc_EmployeeBenefitPlanNetAssetAvailableForBenefit' xlink:type='locator' />
    <link:loc xlink:href='../elts/us-gaap-ebp-2025.xsd#us-gaap-ebp_EmployeeBenefitPlanReconciliationToForm5500NetAssetAvailableForBenefitAllocationToWithdrawingParticipantNotYetPaid' xlink:label='loc_EmployeeBenefitPlanReconciliationToForm5500NetAssetAvailableForBenefitAllocationToWithdrawingParticipantNotYetPaid' xlink:type='locator' />
    <link:loc xlink:href='../elts/us-gaap-ebp-2025.xsd#us-gaap-ebp_EmployeeBenefitPlanReconciliationToForm5500NetAssetAvailableForBenefitDeemedDistribution' xlink:label='loc_EmployeeBenefitPlanReconciliationToForm5500NetAssetAvailableForBenefitDeemedDistribution' xlink:type='locator' />
    <link:loc xlink:href='../elts/us-gaap-ebp-2025.xsd#us-gaap-ebp_EmployeeBenefitPlanReconciliationToForm5500NetAssetAvailableForBenefitContractValueToCurrentValueAdjustment' xlink:label='loc_EmployeeBenefitPlanReconciliationToForm5500NetAssetAvailableForBenefitContractValueToCurrentValueAdjustment' xlink:type='locator' />
    <link:loc xlink:href='../elts/us-gaap-ebp-2025.xsd#us-gaap-ebp_EmployeeBenefitPlanForm5500CaptionParticipantLoan' xlink:label='loc_EmployeeBenefitPlanForm5500CaptionParticipantLoan' xlink:type='locator' />
    <link:loc xlink:href='../elts/us-gaap-ebp-2025.xsd#us-gaap-ebp_EmployeeBenefitPlanNoteReceivableFromParticipant' xlink:label='loc_EmployeeBenefitPlanNoteReceivableFromParticipant' xlink:type='locator' />
    <link:loc xlink:href='../elts/us-gaap-ebp-2025.xsd#us-gaap-ebp_EmployeeBenefitPlanReconciliationToForm5500NoteReceivableDeemedDistribution' xlink:label='loc_EmployeeBenefitPlanReconciliationToForm5500NoteReceivableDeemedDistribution' xlink:type='locator' />
    <link:loc xlink:href='../elts/us-gaap-ebp-2025.xsd#us-gaap-ebp_EmployeeBenefitPlanForm5500CaptionNetIncomeLoss' xlink:label='loc_EmployeeBenefitPlanForm5500CaptionNetIncomeLoss' xlink:type='locator' />
    <link:loc xlink:href='../elts/us-gaap-ebp-2025.xsd#us-gaap-ebp_EmployeeBenefitPlanChangeInNetAssetAvailableForBenefitIncreaseDecrease' xlink:label='loc_EmployeeBenefitPlanChangeInNetAssetAvailableForBenefitIncreaseDecrease' xlink:type='locator' />
    <link:loc xlink:href='../elts/us-gaap-ebp-2025.xsd#us-gaap-ebp_EmployeeBenefitPlanReconciliationToForm5500ChangeInNetAssetAvailableForBenefitIncreaseDecreaseForDeemedDistribution' xlink:label='loc_EmployeeBenefitPlanReconciliationToForm5500ChangeInNetAssetAvailableForBenefitIncreaseDecreaseForDeemedDistribution' xlink:type='locator' />
    <link:loc xlink:href='../elts/us-gaap-ebp-2025.xsd#us-gaap-ebp_EmployeeBenefitPlanReconciliationToForm5500ChangeInNetAssetAvailableForBenefitIncreaseForDeemedDistributionPriorPeriod' xlink:label='loc_EmployeeBenefitPlanReconciliationToForm5500ChangeInNetAssetAvailableForBenefitIncreaseForDeemedDistributionPriorPeriod' xlink:type='locator' />
    <link:loc xlink:href='../elts/us-gaap-ebp-2025.xsd#us-gaap-ebp_EmployeeBenefitPlanReconciliationToForm5500ChangeInNetAssetAvailableForBenefitDecreaseForDeemedDistributionCurrentPeriod' xlink:label='loc_EmployeeBenefitPlanReconciliationToForm5500ChangeInNetAssetAvailableForBenefitDecreaseForDeemedDistributionCurrentPeriod' xlink:type='locator' />
    <link:loc xlink:href='../elts/us-gaap-ebp-2025.xsd#us-gaap-ebp_EmployeeBenefitPlanReconciliationToForm5500ChangeInNetAssetAvailableForBenefitIncreaseDecreaseForContractValueToCurrentValue' xlink:label='loc_EmployeeBenefitPlanReconciliationToForm5500ChangeInNetAssetAvailableForBenefitIncreaseDecreaseForContractValueToCurrentValue' xlink:type='locator' />
    <link:loc xlink:href='../elts/us-gaap-ebp-2025.xsd#us-gaap-ebp_EmployeeBenefitPlanForm5500CaptionPaymentToParticipant' xlink:label='loc_EmployeeBenefitPlanForm5500CaptionPaymentToParticipant' xlink:type='locator' />
    <link:loc xlink:href='../elts/us-gaap-ebp-2025.xsd#us-gaap-ebp_EmployeeBenefitPlanChangeInNetAssetAvailableForBenefitDecreaseForPaymentToParticipant' xlink:label='loc_EmployeeBenefitPlanChangeInNetAssetAvailableForBenefitDecreaseForPaymentToParticipant' xlink:type='locator' />
    <link:loc xlink:href='../elts/us-gaap-ebp-2025.xsd#us-gaap-ebp_EmployeeBenefitPlanReconciliationToForm5500PaymentToParticipantIncreaseDecreaseForDeemedDistribution' xlink:label='loc_EmployeeBenefitPlanReconciliationToForm5500PaymentToParticipantIncreaseDecreaseForDeemedDistribution' xlink:type='locator' />
    <link:loc xlink:href='../elts/us-gaap-ebp-2025.xsd#us-gaap-ebp_EmployeeBenefitPlanReconciliationToForm5500PaymentToParticipantIncreaseForDeemedDistributionCurrentPeriod' xlink:label='loc_EmployeeBenefitPlanReconciliationToForm5500PaymentToParticipantIncreaseForDeemedDistributionCurrentPeriod' xlink:type='locator' />
    <link:loc xlink:href='../elts/us-gaap-ebp-2025.xsd#us-gaap-ebp_EmployeeBenefitPlanReconciliationToForm5500PaymentToParticipantDecreaseForDeemedDistributionPriorPeriod' xlink:label='loc_EmployeeBenefitPlanReconciliationToForm5500PaymentToParticipantDecreaseForDeemedDistributionPriorPeriod' xlink:type='locator' />
    <link:loc xlink:href='../elts/us-gaap-ebp-2025.xsd#us-gaap-ebp_EmployeeBenefitPlanReconciliationToForm5500PaymentToParticipantIncreaseForAllocationToWithdrawingParticipantNotYetPaid' xlink:label='loc_EmployeeBenefitPlanReconciliationToForm5500PaymentToParticipantIncreaseForAllocationToWithdrawingParticipantNotYetPaid' xlink:type='locator' />
    <link:loc xlink:href='../elts/us-gaap-ebp-2025.xsd#us-gaap-ebp_EmployeeBenefitPlanReconciliationToForm5500PaymentToParticipantDecreaseForAllocationToWithdrawingParticipantPaid' xlink:label='loc_EmployeeBenefitPlanReconciliationToForm5500PaymentToParticipantDecreaseForAllocationToWithdrawingParticipantPaid' xlink:type='locator' />
    <link:calculationArc order='10' weight='1.0' xlink:arcrole='https://xbrl.org/2023/arcrole/summation-item' xlink:from='loc_EmployeeBenefitPlanForm5500CaptionNetAssetAvailableForBenefit' xlink:to='loc_EmployeeBenefitPlanNetAssetAvailableForBenefit' xlink:type='arc' />
    <link:calculationArc order='20' weight='-1.0' xlink:arcrole='https://xbrl.org/2023/arcrole/summation-item' xlink:from='loc_EmployeeBenefitPlanForm5500CaptionNetAssetAvailableForBenefit' xlink:to='loc_EmployeeBenefitPlanReconciliationToForm5500NetAssetAvailableForBenefitAllocationToWithdrawingParticipantNotYetPaid' xlink:type='arc' />
    <link:calculationArc order='30' weight='-1.0' xlink:arcrole='https://xbrl.org/2023/arcrole/summation-item' xlink:from='loc_EmployeeBenefitPlanForm5500CaptionNetAssetAvailableForBenefit' xlink:to='loc_EmployeeBenefitPlanReconciliationToForm5500NetAssetAvailableForBenefitDeemedDistribution' xlink:type='arc' />
    <link:calculationArc order='40' weight='1.0' xlink:arcrole='https://xbrl.org/2023/arcrole/summation-item' xlink:from='loc_EmployeeBenefitPlanForm5500CaptionNetAssetAvailableForBenefit' xlink:to='loc_EmployeeBenefitPlanReconciliationToForm5500NetAssetAvailableForBenefitContractValueToCurrentValueAdjustment' xlink:type='arc' />
    <link:calculationArc order='10' weight='1.0' xlink:arcrole='https://xbrl.org/2023/arcrole/summation-item' xlink:from='loc_EmployeeBenefitPlanForm5500CaptionParticipantLoan' xlink:to='loc_EmployeeBenefitPlanNoteReceivableFromParticipant' xlink:type='arc' />
    <link:calculationArc order='20' weight='-1.0' xlink:arcrole='https://xbrl.org/2023/arcrole/summation-item' xlink:from='loc_EmployeeBenefitPlanForm5500CaptionParticipantLoan' xlink:to='loc_EmployeeBenefitPlanReconciliationToForm5500NoteReceivableDeemedDistribution' xlink:type='arc' />
    <link:calculationArc order='10' weight='1.0' xlink:arcrole='https://xbrl.org/2023/arcrole/summation-item' xlink:from='loc_EmployeeBenefitPlanForm5500CaptionNetIncomeLoss' xlink:to='loc_EmployeeBenefitPlanChangeInNetAssetAvailableForBenefitIncreaseDecrease' xlink:type='arc' />
    <link:calculationArc order='20' weight='1.0' xlink:arcrole='https://xbrl.org/2023/arcrole/summation-item' xlink:from='loc_EmployeeBenefitPlanForm5500CaptionNetIncomeLoss' xlink:to='loc_EmployeeBenefitPlanReconciliationToForm5500ChangeInNetAssetAvailableForBenefitIncreaseDecreaseForDeemedDistribution' xlink:type='arc' />
    <link:calculationArc order='10' weight='1.0' xlink:arcrole='https://xbrl.org/2023/arcrole/summation-item' xlink:from='loc_EmployeeBenefitPlanReconciliationToForm5500ChangeInNetAssetAvailableForBenefitIncreaseDecreaseForDeemedDistribution' xlink:to='loc_EmployeeBenefitPlanReconciliationToForm5500ChangeInNetAssetAvailableForBenefitIncreaseForDeemedDistributionPriorPeriod' xlink:type='arc' />
    <link:calculationArc order='20' weight='-1.0' xlink:arcrole='https://xbrl.org/2023/arcrole/summation-item' xlink:from='loc_EmployeeBenefitPlanReconciliationToForm5500ChangeInNetAssetAvailableForBenefitIncreaseDecreaseForDeemedDistribution' xlink:to='loc_EmployeeBenefitPlanReconciliationToForm5500ChangeInNetAssetAvailableForBenefitDecreaseForDeemedDistributionCurrentPeriod' xlink:type='arc' />
    <link:calculationArc order='30' weight='1.0' xlink:arcrole='https://xbrl.org/2023/arcrole/summation-item' xlink:from='loc_EmployeeBenefitPlanForm5500CaptionNetIncomeLoss' xlink:to='loc_EmployeeBenefitPlanReconciliationToForm5500ChangeInNetAssetAvailableForBenefitIncreaseDecreaseForContractValueToCurrentValue' xlink:type='arc' />
    <link:calculationArc order='10' weight='1.0' xlink:arcrole='https://xbrl.org/2023/arcrole/summation-item' xlink:from='loc_EmployeeBenefitPlanForm5500CaptionPaymentToParticipant' xlink:to='loc_EmployeeBenefitPlanChangeInNetAssetAvailableForBenefitDecreaseForPaymentToParticipant' xlink:type='arc' />
    <link:calculationArc order='20' weight='1.0' xlink:arcrole='https://xbrl.org/2023/arcrole/summation-item' xlink:from='loc_EmployeeBenefitPlanForm5500CaptionPaymentToParticipant' xlink:to='loc_EmployeeBenefitPlanReconciliationToForm5500PaymentToParticipantIncreaseDecreaseForDeemedDistribution' xlink:type='arc' />
    <link:calculationArc order='10' weight='1.0' xlink:arcrole='https://xbrl.org/2023/arcrole/summation-item' xlink:from='loc_EmployeeBenefitPlanReconciliationToForm5500PaymentToParticipantIncreaseDecreaseForDeemedDistribution' xlink:to='loc_EmployeeBenefitPlanReconciliationToForm5500PaymentToParticipantIncreaseForDeemedDistributionCurrentPeriod' xlink:type='arc' />
    <link:calculationArc order='20' weight='-1.0' xlink:arcrole='https://xbrl.org/2023/arcrole/summation-item' xlink:from='loc_EmployeeBenefitPlanReconciliationToForm5500PaymentToParticipantIncreaseDecreaseForDeemedDistribution' xlink:to='loc_EmployeeBenefitPlanReconciliationToForm5500PaymentToParticipantDecreaseForDeemedDistributionPriorPeriod' xlink:type='arc' />
    <link:calculationArc order='30' weight='1.0' xlink:arcrole='https://xbrl.org/2023/arcrole/summation-item' xlink:from='loc_EmployeeBenefitPlanForm5500CaptionPaymentToParticipant' xlink:to='loc_EmployeeBenefitPlanReconciliationToForm5500PaymentToParticipantIncreaseForAllocationToWithdrawingParticipantNotYetPaid' xlink:type='arc' />
    <link:calculationArc order='40' weight='-1.0' xlink:arcrole='https://xbrl.org/2023/arcrole/summation-item' xlink:from='loc_EmployeeBenefitPlanForm5500CaptionPaymentToParticipant' xlink:to='loc_EmployeeBenefitPlanReconciliationToForm5500PaymentToParticipantDecreaseForAllocationToWithdrawingParticipantPaid' xlink:type='arc' />
  </link:calculationLink>
</link:linkbase>
