<?xml version='1.0' encoding='UTF-8'?>

<!--
(c) 2010-2025 Financial Accounting Foundation; (c) 2007-2010 XBRL US, Inc.  All Rights Reserved.
Notice: Authorized Uses are Set Forth at https://xbrl.fasb.org/terms/TaxonomiesTermsConditions.html
  -->
<link:linkbase xmlns:link='http://www.xbrl.org/2003/linkbase' xmlns:xlink='http://www.w3.org/1999/xlink' xmlns:xsi='http://www.w3.org/2001/XMLSchema-instance' xsi:schemaLocation='http://www.xbrl.org/2003/linkbase http://www.xbrl.org/2003/xbrl-linkbase-2003-12-31.xsd'>
  <link:arcroleRef arcroleURI='https://xbrl.org/2023/arcrole/summation-item' xlink:href='https://www.xbrl.org/2023/calculation-1.1.xsd#summation-item' xlink:type='simple'/>
  <link:roleRef roleURI='http://fasb.org/us-gaap/role/disclosure/EBPDebt' xlink:href='../../elts/us-roles-2025.xsd#ebp-debt' xlink:type='simple' />
  <link:calculationLink xlink:role='http://fasb.org/us-gaap/role/disclosure/EBPDebt' xlink:type='extended'>
    <link:loc xlink:href='../elts/us-gaap-ebp-2025.xsd#us-gaap-ebp_EmployeeBenefitPlanDebt' xlink:label='loc_EmployeeBenefitPlanDebt' xlink:type='locator' />
    <link:loc xlink:href='../elts/us-gaap-ebp-2025.xsd#us-gaap-ebp_EmployeeBenefitPlanDebtYearOne' xlink:label='loc_EmployeeBenefitPlanDebtYearOne' xlink:type='locator' />
    <link:loc xlink:href='../elts/us-gaap-ebp-2025.xsd#us-gaap-ebp_EmployeeBenefitPlanDebtYearTwo' xlink:label='loc_EmployeeBenefitPlanDebtYearTwo' xlink:type='locator' />
    <link:loc xlink:href='../elts/us-gaap-ebp-2025.xsd#us-gaap-ebp_EmployeeBenefitPlanDebtYearThree' xlink:label='loc_EmployeeBenefitPlanDebtYearThree' xlink:type='locator' />
    <link:loc xlink:href='../elts/us-gaap-ebp-2025.xsd#us-gaap-ebp_EmployeeBenefitPlanDebtYearFour' xlink:label='loc_EmployeeBenefitPlanDebtYearFour' xlink:type='locator' />
    <link:loc xlink:href='../elts/us-gaap-ebp-2025.xsd#us-gaap-ebp_EmployeeBenefitPlanDebtYearFive' xlink:label='loc_EmployeeBenefitPlanDebtYearFive' xlink:type='locator' />
    <link:loc xlink:href='../elts/us-gaap-ebp-2025.xsd#us-gaap-ebp_EmployeeBenefitPlanDebtAfterYearFive' xlink:label='loc_EmployeeBenefitPlanDebtAfterYearFive' xlink:type='locator' />
    <link:calculationArc order='10' weight='1.0' xlink:arcrole='https://xbrl.org/2023/arcrole/summation-item' xlink:from='loc_EmployeeBenefitPlanDebt' xlink:to='loc_EmployeeBenefitPlanDebtYearOne' xlink:type='arc' />
    <link:calculationArc order='20' weight='1.0' xlink:arcrole='https://xbrl.org/2023/arcrole/summation-item' xlink:from='loc_EmployeeBenefitPlanDebt' xlink:to='loc_EmployeeBenefitPlanDebtYearTwo' xlink:type='arc' />
    <link:calculationArc order='30' weight='1.0' xlink:arcrole='https://xbrl.org/2023/arcrole/summation-item' xlink:from='loc_EmployeeBenefitPlanDebt' xlink:to='loc_EmployeeBenefitPlanDebtYearThree' xlink:type='arc' />
    <link:calculationArc order='40' weight='1.0' xlink:arcrole='https://xbrl.org/2023/arcrole/summation-item' xlink:from='loc_EmployeeBenefitPlanDebt' xlink:to='loc_EmployeeBenefitPlanDebtYearFour' xlink:type='arc' />
    <link:calculationArc order='50' weight='1.0' xlink:arcrole='https://xbrl.org/2023/arcrole/summation-item' xlink:from='loc_EmployeeBenefitPlanDebt' xlink:to='loc_EmployeeBenefitPlanDebtYearFive' xlink:type='arc' />
    <link:calculationArc order='60' weight='1.0' xlink:arcrole='https://xbrl.org/2023/arcrole/summation-item' xlink:from='loc_EmployeeBenefitPlanDebt' xlink:to='loc_EmployeeBenefitPlanDebtAfterYearFive' xlink:type='arc' />
  </link:calculationLink>
</link:linkbase>
