<?xml version='1.0' encoding='UTF-8'?>

<!--
(c) 2010-2025 Financial Accounting Foundation; (c) 2007-2010 XBRL US, Inc.  All Rights Reserved.
Notice: Authorized Uses are Set Forth at https://xbrl.fasb.org/terms/TaxonomiesTermsConditions.html
  -->
<link:linkbase xmlns:link='http://www.xbrl.org/2003/linkbase' xmlns:xbrldt='http://xbrl.org/2005/xbrldt' xmlns:xlink='http://www.w3.org/1999/xlink' xmlns:xsi='http://www.w3.org/2001/XMLSchema-instance' xsi:schemaLocation='http://www.xbrl.org/2003/linkbase http://www.xbrl.org/2003/xbrl-linkbase-2003-12-31.xsd'>
  <link:roleRef roleURI='http://fasb.org/us-gaap/role/disclosure/SECScheduleArticle12-18SupplementalInformationForProperty-CasualtyInsuranceUnderwritersSupplementalInformationForPropertyCasualtyInsuranceUnderwritersTable' xlink:href='../elts/us-roles-2025.xsd#SECScheduleArticle12-18SupplementalInformationForProperty-CasualtyInsuranceUnderwritersSupplementalInformationForPropertyCasualtyInsuranceUnderwritersTable' xlink:type='simple' />
  <link:arcroleRef arcroleURI='http://xbrl.org/int/dim/arcrole/all' xlink:href='http://www.xbrl.org/2005/xbrldt-2005.xsd#all' xlink:type='simple' />
  <link:arcroleRef arcroleURI='http://xbrl.org/int/dim/arcrole/hypercube-dimension' xlink:href='http://www.xbrl.org/2005/xbrldt-2005.xsd#hypercube-dimension' xlink:type='simple' />
  <link:arcroleRef arcroleURI='http://xbrl.org/int/dim/arcrole/dimension-domain' xlink:href='http://www.xbrl.org/2005/xbrldt-2005.xsd#dimension-domain' xlink:type='simple' />
  <link:arcroleRef arcroleURI='http://xbrl.org/int/dim/arcrole/dimension-default' xlink:href='http://www.xbrl.org/2005/xbrldt-2005.xsd#dimension-default' xlink:type='simple' />
  <link:arcroleRef arcroleURI='http://xbrl.org/int/dim/arcrole/domain-member' xlink:href='http://www.xbrl.org/2005/xbrldt-2005.xsd#domain-member' xlink:type='simple' />
  <link:definitionLink xlink:role='http://fasb.org/us-gaap/role/disclosure/SECScheduleArticle12-18SupplementalInformationForProperty-CasualtyInsuranceUnderwritersSupplementalInformationForPropertyCasualtyInsuranceUnderwritersTable' xlink:type='extended'>
    <link:loc xlink:href='https://xbrl.fasb.org/srt/2025/elts/srt-2025.xsd#srt_SupplementalInformationForPropertyCasualtyInsuranceUnderwritersTable' xlink:label='loc_SupplementalInformationForPropertyCasualtyInsuranceUnderwritersTable' xlink:type='locator' />
    <link:loc xlink:href='https://xbrl.fasb.org/srt/2025/elts/srt-2025.xsd#srt_SupplementalInformationForPropertyCasualtyInsuranceUnderwritersLineItems' xlink:label='loc_SupplementalInformationForPropertyCasualtyInsuranceUnderwritersLineItems' xlink:type='locator' />
    <link:definitionArc order='1.0' xbrldt:closed='true' xbrldt:contextElement='segment' xlink:arcrole='http://xbrl.org/int/dim/arcrole/all' xlink:from='loc_SupplementalInformationForPropertyCasualtyInsuranceUnderwritersLineItems' xlink:to='loc_SupplementalInformationForPropertyCasualtyInsuranceUnderwritersTable' xlink:type='arc' />
  </link:definitionLink>
  <link:definitionLink xlink:role='http://fasb.org/us-gaap/role/disclosure/SECScheduleArticle12-18SupplementalInformationForProperty-CasualtyInsuranceUnderwritersSupplementalInformationForPropertyCasualtyInsuranceUnderwritersTable' xlink:type='extended'>
    <link:loc xlink:href='https://xbrl.fasb.org/srt/2025/elts/srt-2025.xsd#srt_SupplementalInformationForPropertyCasualtyInsuranceUnderwritersTable' xlink:label='loc_SupplementalInformationForPropertyCasualtyInsuranceUnderwritersTable' xlink:type='locator' />
    <link:loc xlink:href='https://xbrl.fasb.org/srt/2025/elts/srt-2025.xsd#srt_SupplementalInformationForPropertyCasualtyInsuranceUnderwritersByAffiliationWithRegistrantAxis' xlink:label='loc_SupplementalInformationForPropertyCasualtyInsuranceUnderwritersByAffiliationWithRegistrantAxis' xlink:type='locator' />
    <link:loc xlink:href='https://xbrl.fasb.org/srt/2025/elts/srt-2025.xsd#srt_RangeAxis' xlink:label='loc_RangeAxis' xlink:type='locator' />
    <link:definitionArc order='1.0' xlink:arcrole='http://xbrl.org/int/dim/arcrole/hypercube-dimension' xlink:from='loc_SupplementalInformationForPropertyCasualtyInsuranceUnderwritersTable' xlink:to='loc_SupplementalInformationForPropertyCasualtyInsuranceUnderwritersByAffiliationWithRegistrantAxis' xlink:type='arc' />
    <link:definitionArc order='2.0' xlink:arcrole='http://xbrl.org/int/dim/arcrole/hypercube-dimension' xlink:from='loc_SupplementalInformationForPropertyCasualtyInsuranceUnderwritersTable' xlink:to='loc_RangeAxis' xlink:type='arc' />
  </link:definitionLink>
  <link:definitionLink xlink:role='http://fasb.org/us-gaap/role/disclosure/SECScheduleArticle12-18SupplementalInformationForProperty-CasualtyInsuranceUnderwritersSupplementalInformationForPropertyCasualtyInsuranceUnderwritersTable' xlink:type='extended'>
    <link:loc xlink:href='https://xbrl.fasb.org/srt/2025/elts/srt-2025.xsd#srt_SupplementalInformationForPropertyCasualtyInsuranceUnderwritersByAffiliationWithRegistrantAxis' xlink:label='loc_SupplementalInformationForPropertyCasualtyInsuranceUnderwritersByAffiliationWithRegistrantAxis' xlink:type='locator' />
    <link:loc xlink:href='https://xbrl.fasb.org/srt/2025/elts/srt-2025.xsd#srt_PropertyCasualtyInsuranceUnderwritersAffiliationWithRegistrantDomain' xlink:label='loc_PropertyCasualtyInsuranceUnderwritersAffiliationWithRegistrantDomain' xlink:type='locator' />
    <link:loc xlink:href='https://xbrl.fasb.org/srt/2025/elts/srt-2025.xsd#srt_RangeAxis' xlink:label='loc_RangeAxis' xlink:type='locator' />
    <link:loc xlink:href='https://xbrl.fasb.org/srt/2025/elts/srt-2025.xsd#srt_RangeMember' xlink:label='loc_RangeMember' xlink:type='locator' />
    <link:definitionArc order='1.0' xlink:arcrole='http://xbrl.org/int/dim/arcrole/dimension-domain' xlink:from='loc_SupplementalInformationForPropertyCasualtyInsuranceUnderwritersByAffiliationWithRegistrantAxis' xlink:to='loc_PropertyCasualtyInsuranceUnderwritersAffiliationWithRegistrantDomain' xlink:type='arc' />
    <link:definitionArc order='2.0' xlink:arcrole='http://xbrl.org/int/dim/arcrole/dimension-domain' xlink:from='loc_RangeAxis' xlink:to='loc_RangeMember' xlink:type='arc' />
  </link:definitionLink>
  <link:definitionLink xlink:role='http://fasb.org/us-gaap/role/disclosure/SECScheduleArticle12-18SupplementalInformationForProperty-CasualtyInsuranceUnderwritersSupplementalInformationForPropertyCasualtyInsuranceUnderwritersTable' xlink:type='extended'>
    <link:loc xlink:href='https://xbrl.fasb.org/srt/2025/elts/srt-2025.xsd#srt_SupplementalInformationForPropertyCasualtyInsuranceUnderwritersByAffiliationWithRegistrantAxis' xlink:label='loc_SupplementalInformationForPropertyCasualtyInsuranceUnderwritersByAffiliationWithRegistrantAxis' xlink:type='locator' />
    <link:loc xlink:href='https://xbrl.fasb.org/srt/2025/elts/srt-2025.xsd#srt_PropertyCasualtyInsuranceUnderwritersAffiliationWithRegistrantDomain' xlink:label='loc_PropertyCasualtyInsuranceUnderwritersAffiliationWithRegistrantDomain' xlink:type='locator' />
    <link:loc xlink:href='https://xbrl.fasb.org/srt/2025/elts/srt-2025.xsd#srt_RangeAxis' xlink:label='loc_RangeAxis' xlink:type='locator' />
    <link:loc xlink:href='https://xbrl.fasb.org/srt/2025/elts/srt-2025.xsd#srt_RangeMember' xlink:label='loc_RangeMember' xlink:type='locator' />
    <link:definitionArc order='1.0' xlink:arcrole='http://xbrl.org/int/dim/arcrole/dimension-default' xlink:from='loc_SupplementalInformationForPropertyCasualtyInsuranceUnderwritersByAffiliationWithRegistrantAxis' xlink:to='loc_PropertyCasualtyInsuranceUnderwritersAffiliationWithRegistrantDomain' xlink:type='arc' />
    <link:definitionArc order='2.0' xlink:arcrole='http://xbrl.org/int/dim/arcrole/dimension-default' xlink:from='loc_RangeAxis' xlink:to='loc_RangeMember' xlink:type='arc' />
  </link:definitionLink>
  <link:definitionLink xlink:role='http://fasb.org/us-gaap/role/disclosure/SECScheduleArticle12-18SupplementalInformationForProperty-CasualtyInsuranceUnderwritersSupplementalInformationForPropertyCasualtyInsuranceUnderwritersTable' xlink:type='extended'>
    <link:loc xlink:href='https://xbrl.fasb.org/srt/2025/elts/srt-2025.xsd#srt_SupplementalInformationForPropertyCasualtyInsuranceUnderwritersLineItems' xlink:label='loc_SupplementalInformationForPropertyCasualtyInsuranceUnderwritersLineItems' xlink:type='locator' />
    <link:loc xlink:href='../elts/us-gaap-2025.xsd#us-gaap_SupplementalInformationForPropertyCasualtyInsuranceUnderwritersDeferredPolicyAcquisitionCosts' xlink:label='loc_SupplementalInformationForPropertyCasualtyInsuranceUnderwritersDeferredPolicyAcquisitionCosts' xlink:type='locator' />
    <link:loc xlink:href='../elts/us-gaap-2025.xsd#us-gaap_SupplementalInformationForPropertyCasualtyInsuranceUnderwritersReservesForUnpaidClaimsAndClaimsAdjustmentExpense' xlink:label='loc_SupplementalInformationForPropertyCasualtyInsuranceUnderwritersReservesForUnpaidClaimsAndClaimsAdjustmentExpense' xlink:type='locator' />
    <link:loc xlink:href='../elts/us-gaap-2025.xsd#us-gaap_SupplementalInformationForPropertyCasualtyInsuranceUnderwritersDiscountDeductedFromReserves' xlink:label='loc_SupplementalInformationForPropertyCasualtyInsuranceUnderwritersDiscountDeductedFromReserves' xlink:type='locator' />
    <link:loc xlink:href='../elts/us-gaap-2025.xsd#us-gaap_SupplementalInformationForPropertyCasualtyInsuranceUnderwritersUnearnedPremiums' xlink:label='loc_SupplementalInformationForPropertyCasualtyInsuranceUnderwritersUnearnedPremiums' xlink:type='locator' />
    <link:loc xlink:href='../elts/us-gaap-2025.xsd#us-gaap_SupplementalInformationForPropertyCasualtyInsuranceUnderwritersEarnedPremiums' xlink:label='loc_SupplementalInformationForPropertyCasualtyInsuranceUnderwritersEarnedPremiums' xlink:type='locator' />
    <link:loc xlink:href='../elts/us-gaap-2025.xsd#us-gaap_SupplementalInformationForPropertyCasualtyInsuranceUnderwritersNetInvestmentIncome' xlink:label='loc_SupplementalInformationForPropertyCasualtyInsuranceUnderwritersNetInvestmentIncome' xlink:type='locator' />
    <link:loc xlink:href='../elts/us-gaap-2025.xsd#us-gaap_SecSchedule1218SupplementalInformationPropertyCasualtyInsuranceUnderwritersCurrentYearClaimAndClaimAdjustmentExpense' xlink:label='loc_SecSchedule1218SupplementalInformationPropertyCasualtyInsuranceUnderwritersCurrentYearClaimAndClaimAdjustmentExpense' xlink:type='locator' />
    <link:loc xlink:href='../elts/us-gaap-2025.xsd#us-gaap_SecSchedule1218SupplementalInformationPropertyCasualtyInsuranceUnderwritersPriorYearClaimAndClaimAdjustmentExpense' xlink:label='loc_SecSchedule1218SupplementalInformationPropertyCasualtyInsuranceUnderwritersPriorYearClaimAndClaimAdjustmentExpense' xlink:type='locator' />
    <link:loc xlink:href='../elts/us-gaap-2025.xsd#us-gaap_SupplementalInformationForPropertyCasualtyInsuranceUnderwritersAmortizationOfDeferredPolicyAcquisitionCosts' xlink:label='loc_SupplementalInformationForPropertyCasualtyInsuranceUnderwritersAmortizationOfDeferredPolicyAcquisitionCosts' xlink:type='locator' />
    <link:loc xlink:href='../elts/us-gaap-2025.xsd#us-gaap_SupplementalInformationForPropertyCasualtyInsuranceUnderwritersPaidClaimsAndClaimsAdjustmentExpense' xlink:label='loc_SupplementalInformationForPropertyCasualtyInsuranceUnderwritersPaidClaimsAndClaimsAdjustmentExpense' xlink:type='locator' />
    <link:loc xlink:href='../elts/us-gaap-2025.xsd#us-gaap_SupplementalInformationForPropertyCasualtyInsuranceUnderwritersPremiumsWritten' xlink:label='loc_SupplementalInformationForPropertyCasualtyInsuranceUnderwritersPremiumsWritten' xlink:type='locator' />
    <link:loc xlink:href='../elts/us-gaap-2025.xsd#us-gaap_SupplementalInformationForPropertyCasualtyInsuranceUnderwritersInterestRateAtWhichDiscountComputed' xlink:label='loc_SupplementalInformationForPropertyCasualtyInsuranceUnderwritersInterestRateAtWhichDiscountComputed' xlink:type='locator' />
    <link:loc xlink:href='https://xbrl.fasb.org/srt/2025/elts/srt-2025.xsd#srt_SecSchedule1218SupplementalInformationPropertyCasualtyInsuranceUnderwritersAffiliatedRegistrantNameExtensibleEnumeration' xlink:label='loc_SecSchedule1218SupplementalInformationPropertyCasualtyInsuranceUnderwritersAffiliatedRegistrantNameExtensibleEnumeration' xlink:type='locator' />
    <link:loc xlink:href='https://xbrl.fasb.org/srt/2025/elts/srt-2025.xsd#srt_SecSchedule1218SupplementalInformationPropertyCasualtyInsuranceUnderwritersAffiliatedRegistrantOmittedInformation' xlink:label='loc_SecSchedule1218SupplementalInformationPropertyCasualtyInsuranceUnderwritersAffiliatedRegistrantOmittedInformation' xlink:type='locator' />
    <link:loc xlink:href='https://xbrl.fasb.org/srt/2025/elts/srt-2025.xsd#srt_SecSchedule1218SupplementalInformationPropertyCasualtyInsuranceUnderwritersAffiliatedRegistrantSeparateFiling' xlink:label='loc_SecSchedule1218SupplementalInformationPropertyCasualtyInsuranceUnderwritersAffiliatedRegistrantSeparateFiling' xlink:type='locator' />
    <link:definitionArc order='1.0' xlink:arcrole='http://xbrl.org/int/dim/arcrole/domain-member' xlink:from='loc_SupplementalInformationForPropertyCasualtyInsuranceUnderwritersLineItems' xlink:to='loc_SupplementalInformationForPropertyCasualtyInsuranceUnderwritersDeferredPolicyAcquisitionCosts' xlink:type='arc' />
    <link:definitionArc order='2.0' xlink:arcrole='http://xbrl.org/int/dim/arcrole/domain-member' xlink:from='loc_SupplementalInformationForPropertyCasualtyInsuranceUnderwritersLineItems' xlink:to='loc_SupplementalInformationForPropertyCasualtyInsuranceUnderwritersReservesForUnpaidClaimsAndClaimsAdjustmentExpense' xlink:type='arc' />
    <link:definitionArc order='3.0' xlink:arcrole='http://xbrl.org/int/dim/arcrole/domain-member' xlink:from='loc_SupplementalInformationForPropertyCasualtyInsuranceUnderwritersLineItems' xlink:to='loc_SupplementalInformationForPropertyCasualtyInsuranceUnderwritersDiscountDeductedFromReserves' xlink:type='arc' />
    <link:definitionArc order='4.0' xlink:arcrole='http://xbrl.org/int/dim/arcrole/domain-member' xlink:from='loc_SupplementalInformationForPropertyCasualtyInsuranceUnderwritersLineItems' xlink:to='loc_SupplementalInformationForPropertyCasualtyInsuranceUnderwritersUnearnedPremiums' xlink:type='arc' />
    <link:definitionArc order='5.0' xlink:arcrole='http://xbrl.org/int/dim/arcrole/domain-member' xlink:from='loc_SupplementalInformationForPropertyCasualtyInsuranceUnderwritersLineItems' xlink:to='loc_SupplementalInformationForPropertyCasualtyInsuranceUnderwritersEarnedPremiums' xlink:type='arc' />
    <link:definitionArc order='6.0' xlink:arcrole='http://xbrl.org/int/dim/arcrole/domain-member' xlink:from='loc_SupplementalInformationForPropertyCasualtyInsuranceUnderwritersLineItems' xlink:to='loc_SupplementalInformationForPropertyCasualtyInsuranceUnderwritersNetInvestmentIncome' xlink:type='arc' />
    <link:definitionArc order='7.0' xlink:arcrole='http://xbrl.org/int/dim/arcrole/domain-member' xlink:from='loc_SupplementalInformationForPropertyCasualtyInsuranceUnderwritersLineItems' xlink:to='loc_SecSchedule1218SupplementalInformationPropertyCasualtyInsuranceUnderwritersCurrentYearClaimAndClaimAdjustmentExpense' xlink:type='arc' />
    <link:definitionArc order='8.0' xlink:arcrole='http://xbrl.org/int/dim/arcrole/domain-member' xlink:from='loc_SupplementalInformationForPropertyCasualtyInsuranceUnderwritersLineItems' xlink:to='loc_SecSchedule1218SupplementalInformationPropertyCasualtyInsuranceUnderwritersPriorYearClaimAndClaimAdjustmentExpense' xlink:type='arc' />
    <link:definitionArc order='9.0' xlink:arcrole='http://xbrl.org/int/dim/arcrole/domain-member' xlink:from='loc_SupplementalInformationForPropertyCasualtyInsuranceUnderwritersLineItems' xlink:to='loc_SupplementalInformationForPropertyCasualtyInsuranceUnderwritersAmortizationOfDeferredPolicyAcquisitionCosts' xlink:type='arc' />
    <link:definitionArc order='10.0' xlink:arcrole='http://xbrl.org/int/dim/arcrole/domain-member' xlink:from='loc_SupplementalInformationForPropertyCasualtyInsuranceUnderwritersLineItems' xlink:to='loc_SupplementalInformationForPropertyCasualtyInsuranceUnderwritersPaidClaimsAndClaimsAdjustmentExpense' xlink:type='arc' />
    <link:definitionArc order='11.0' xlink:arcrole='http://xbrl.org/int/dim/arcrole/domain-member' xlink:from='loc_SupplementalInformationForPropertyCasualtyInsuranceUnderwritersLineItems' xlink:to='loc_SupplementalInformationForPropertyCasualtyInsuranceUnderwritersPremiumsWritten' xlink:type='arc' />
    <link:definitionArc order='12.0' xlink:arcrole='http://xbrl.org/int/dim/arcrole/domain-member' xlink:from='loc_SupplementalInformationForPropertyCasualtyInsuranceUnderwritersLineItems' xlink:to='loc_SupplementalInformationForPropertyCasualtyInsuranceUnderwritersInterestRateAtWhichDiscountComputed' xlink:type='arc' />
    <link:definitionArc order='13.0' xlink:arcrole='http://xbrl.org/int/dim/arcrole/domain-member' xlink:from='loc_SupplementalInformationForPropertyCasualtyInsuranceUnderwritersLineItems' xlink:to='loc_SecSchedule1218SupplementalInformationPropertyCasualtyInsuranceUnderwritersAffiliatedRegistrantNameExtensibleEnumeration' xlink:type='arc' />
    <link:definitionArc order='14.0' xlink:arcrole='http://xbrl.org/int/dim/arcrole/domain-member' xlink:from='loc_SupplementalInformationForPropertyCasualtyInsuranceUnderwritersLineItems' xlink:to='loc_SecSchedule1218SupplementalInformationPropertyCasualtyInsuranceUnderwritersAffiliatedRegistrantOmittedInformation' xlink:type='arc' />
    <link:definitionArc order='15.0' xlink:arcrole='http://xbrl.org/int/dim/arcrole/domain-member' xlink:from='loc_SupplementalInformationForPropertyCasualtyInsuranceUnderwritersLineItems' xlink:to='loc_SecSchedule1218SupplementalInformationPropertyCasualtyInsuranceUnderwritersAffiliatedRegistrantSeparateFiling' xlink:type='arc' />
  </link:definitionLink>
  <link:definitionLink xlink:role='http://fasb.org/us-gaap/role/disclosure/SECScheduleArticle12-18SupplementalInformationForProperty-CasualtyInsuranceUnderwritersSupplementalInformationForPropertyCasualtyInsuranceUnderwritersTable' xlink:type='extended'>
    <link:loc xlink:href='https://xbrl.fasb.org/srt/2025/elts/srt-2025.xsd#srt_PropertyCasualtyInsuranceUnderwritersAffiliationWithRegistrantDomain' xlink:label='loc_PropertyCasualtyInsuranceUnderwritersAffiliationWithRegistrantDomain' xlink:type='locator' />
    <link:loc xlink:href='https://xbrl.fasb.org/srt/2025/elts/srt-2025.xsd#srt_ConsolidatedPropertyAndCasualtyInsuranceEntityMember' xlink:label='loc_ConsolidatedPropertyAndCasualtyInsuranceEntityMember' xlink:type='locator' />
    <link:loc xlink:href='https://xbrl.fasb.org/srt/2025/elts/srt-2025.xsd#srt_UnconsolidatedPropertyAndCasualtyInsuranceEntityMember' xlink:label='loc_UnconsolidatedPropertyAndCasualtyInsuranceEntityMember' xlink:type='locator' />
    <link:loc xlink:href='https://xbrl.fasb.org/srt/2025/elts/srt-2025.xsd#srt_EquityInvestmentInPropertyAndCasualtyInsuranceInvesteeMember' xlink:label='loc_EquityInvestmentInPropertyAndCasualtyInsuranceInvesteeMember' xlink:type='locator' />
    <link:loc xlink:href='https://xbrl.fasb.org/srt/2025/elts/srt-2025.xsd#srt_RangeMember' xlink:label='loc_RangeMember' xlink:type='locator' />
    <link:loc xlink:href='https://xbrl.fasb.org/srt/2025/elts/srt-2025.xsd#srt_MaximumMember' xlink:label='loc_MaximumMember' xlink:type='locator' />
    <link:loc xlink:href='https://xbrl.fasb.org/srt/2025/elts/srt-2025.xsd#srt_MinimumMember' xlink:label='loc_MinimumMember' xlink:type='locator' />
    <link:definitionArc order='1.0' xlink:arcrole='http://xbrl.org/int/dim/arcrole/domain-member' xlink:from='loc_PropertyCasualtyInsuranceUnderwritersAffiliationWithRegistrantDomain' xlink:to='loc_ConsolidatedPropertyAndCasualtyInsuranceEntityMember' xlink:type='arc' />
    <link:definitionArc order='2.0' xlink:arcrole='http://xbrl.org/int/dim/arcrole/domain-member' xlink:from='loc_PropertyCasualtyInsuranceUnderwritersAffiliationWithRegistrantDomain' xlink:to='loc_UnconsolidatedPropertyAndCasualtyInsuranceEntityMember' xlink:type='arc' />
    <link:definitionArc order='3.0' xlink:arcrole='http://xbrl.org/int/dim/arcrole/domain-member' xlink:from='loc_PropertyCasualtyInsuranceUnderwritersAffiliationWithRegistrantDomain' xlink:to='loc_EquityInvestmentInPropertyAndCasualtyInsuranceInvesteeMember' xlink:type='arc' />
    <link:definitionArc order='4.0' xlink:arcrole='http://xbrl.org/int/dim/arcrole/domain-member' xlink:from='loc_RangeMember' xlink:to='loc_MaximumMember' xlink:type='arc' />
    <link:definitionArc order='5.0' xlink:arcrole='http://xbrl.org/int/dim/arcrole/domain-member' xlink:from='loc_RangeMember' xlink:to='loc_MinimumMember' xlink:type='arc' />
  </link:definitionLink>
</link:linkbase>
