<?xml version='1.0' encoding='UTF-8'?>

<!--
(c) 2010-2025 Financial Accounting Foundation; (c) 2007-2010 XBRL US, Inc.  All Rights Reserved.
Notice: Authorized Uses are Set Forth at https://xbrl.fasb.org/terms/TaxonomiesTermsConditions.html
  -->
<link:linkbase xmlns:link='http://www.xbrl.org/2003/linkbase' xmlns:xlink='http://www.w3.org/1999/xlink' xmlns:xsi='http://www.w3.org/2001/XMLSchema-instance' xsi:schemaLocation='http://www.xbrl.org/2003/linkbase http://www.xbrl.org/2003/xbrl-linkbase-2003-12-31.xsd'>
  <link:arcroleRef arcroleURI='https://xbrl.org/2023/arcrole/summation-item' xlink:href='https://www.xbrl.org/2023/calculation-1.1.xsd#summation-item' xlink:type='simple'/>
  <link:roleRef roleURI='http://fasb.org/us-gaap/role/disclosure/InvestmentHoldings' xlink:href='../elts/us-roles-2025.xsd#schedoi-hold' xlink:type='simple' />
  <link:calculationLink xlink:role='http://fasb.org/us-gaap/role/disclosure/InvestmentHoldings' xlink:type='extended'>
    <link:loc xlink:href='../elts/us-gaap-2025.xsd#us-gaap_AssetsNet' xlink:label='loc_AssetsNet' xlink:type='locator' />
    <link:loc xlink:href='../elts/us-gaap-2025.xsd#us-gaap_InvestmentOwnedAtFairValue' xlink:label='loc_InvestmentOwnedAtFairValue' xlink:type='locator' />
    <link:loc xlink:href='../elts/us-gaap-2025.xsd#us-gaap_NonInvestmentAssetsLessNonInvestmentLiabilities' xlink:label='loc_NonInvestmentAssetsLessNonInvestmentLiabilities' xlink:type='locator' />
    <link:loc xlink:href='../elts/us-gaap-2025.xsd#us-gaap_TaxBasisOfInvestmentsUnrealizedAppreciationDepreciationNet' xlink:label='loc_TaxBasisOfInvestmentsUnrealizedAppreciationDepreciationNet' xlink:type='locator' />
    <link:loc xlink:href='../elts/us-gaap-2025.xsd#us-gaap_TaxBasisOfInvestmentsGrossUnrealizedAppreciation' xlink:label='loc_TaxBasisOfInvestmentsGrossUnrealizedAppreciation' xlink:type='locator' />
    <link:loc xlink:href='../elts/us-gaap-2025.xsd#us-gaap_TaxBasisOfInvestmentsGrossUnrealizedDepreciation' xlink:label='loc_TaxBasisOfInvestmentsGrossUnrealizedDepreciation' xlink:type='locator' />
    <link:loc xlink:href='../elts/us-gaap-2025.xsd#us-gaap_InvestmentsInAndAdvancesToAffiliatesAtFairValuePeriodIncreaseDecrease' xlink:label='loc_InvestmentsInAndAdvancesToAffiliatesAtFairValuePeriodIncreaseDecrease' xlink:type='locator' />
    <link:loc xlink:href='../elts/us-gaap-2025.xsd#us-gaap_InvestmentsInAndAdvancesToAffiliatesAtFairValueGrossAdditions' xlink:label='loc_InvestmentsInAndAdvancesToAffiliatesAtFairValueGrossAdditions' xlink:type='locator' />
    <link:loc xlink:href='../elts/us-gaap-2025.xsd#us-gaap_InvestmentsInAndAdvancesToAffiliatesAtFairValueGrossReductions' xlink:label='loc_InvestmentsInAndAdvancesToAffiliatesAtFairValueGrossReductions' xlink:type='locator' />
    <link:loc xlink:href='../elts/us-gaap-2025.xsd#us-gaap_RealizedAndUnrealizedGainLossInvestmentDerivativeAndForeignCurrencyTransactionOperatingAfterTax' xlink:label='loc_RealizedAndUnrealizedGainLossInvestmentDerivativeAndForeignCurrencyTransactionOperatingAfterTax' xlink:type='locator' />
    <link:loc xlink:href='../elts/us-gaap-2025.xsd#us-gaap_InvestmentCompanyRealizedAndUnrealizedGainLossOnInvestmentAndForeignCurrency' xlink:label='loc_InvestmentCompanyRealizedAndUnrealizedGainLossOnInvestmentAndForeignCurrency' xlink:type='locator' />
    <link:loc xlink:href='../elts/us-gaap-2025.xsd#us-gaap_RealizedGainLossInvestmentAndDerivativeOperatingBeforeTax' xlink:label='loc_RealizedGainLossInvestmentAndDerivativeOperatingBeforeTax' xlink:type='locator' />
    <link:loc xlink:href='../elts/us-gaap-2025.xsd#us-gaap_DebtAndEquitySecuritiesRealizedGainLoss' xlink:label='loc_DebtAndEquitySecuritiesRealizedGainLoss' xlink:type='locator' />
    <link:loc xlink:href='../elts/us-gaap-2025.xsd#us-gaap_RealizedGainLossSecuritySoldShortOperating' xlink:label='loc_RealizedGainLossSecuritySoldShortOperating' xlink:type='locator' />
    <link:loc xlink:href='../elts/us-gaap-2025.xsd#us-gaap_GainLossOnSaleOfDerivatives' xlink:label='loc_GainLossOnSaleOfDerivatives' xlink:type='locator' />
    <link:loc xlink:href='../elts/us-gaap-2025.xsd#us-gaap_ForeignCurrencyTransactionGainLossRealized' xlink:label='loc_ForeignCurrencyTransactionGainLossRealized' xlink:type='locator' />
    <link:loc xlink:href='../elts/us-gaap-2025.xsd#us-gaap_UnrealizedGainLossInvestmentAndDerivativeOperatingBeforeTax' xlink:label='loc_UnrealizedGainLossInvestmentAndDerivativeOperatingBeforeTax' xlink:type='locator' />
    <link:loc xlink:href='../elts/us-gaap-2025.xsd#us-gaap_DebtAndEquitySecuritiesUnrealizedGainLoss' xlink:label='loc_DebtAndEquitySecuritiesUnrealizedGainLoss' xlink:type='locator' />
    <link:loc xlink:href='../elts/us-gaap-2025.xsd#us-gaap_UnrealizedGainLossSecuritySoldShortOperating' xlink:label='loc_UnrealizedGainLossSecuritySoldShortOperating' xlink:type='locator' />
    <link:loc xlink:href='../elts/us-gaap-2025.xsd#us-gaap_UnrealizedGainLossOnDerivatives' xlink:label='loc_UnrealizedGainLossOnDerivatives' xlink:type='locator' />
    <link:loc xlink:href='../elts/us-gaap-2025.xsd#us-gaap_ForeignCurrencyTransactionGainLossUnrealized' xlink:label='loc_ForeignCurrencyTransactionGainLossUnrealized' xlink:type='locator' />
    <link:loc xlink:href='../elts/us-gaap-2025.xsd#us-gaap_RealizedAndUnrealizedGainLossInvestmentAndDerivativeOperatingTaxExpenseBenefit' xlink:label='loc_RealizedAndUnrealizedGainLossInvestmentAndDerivativeOperatingTaxExpenseBenefit' xlink:type='locator' />
    <link:loc xlink:href='../elts/us-gaap-2025.xsd#us-gaap_RealizedAndUnrealizedGainLossInvestmentAndDerivativeOperatingDeferredTaxExpenseBenefit' xlink:label='loc_RealizedAndUnrealizedGainLossInvestmentAndDerivativeOperatingDeferredTaxExpenseBenefit' xlink:type='locator' />
    <link:loc xlink:href='../elts/us-gaap-2025.xsd#us-gaap_RealizedAndUnrealizedGainLossInvestmentAndDerivativeOperatingFederalDeferredTaxExpenseBenefit' xlink:label='loc_RealizedAndUnrealizedGainLossInvestmentAndDerivativeOperatingFederalDeferredTaxExpenseBenefit' xlink:type='locator' />
    <link:loc xlink:href='../elts/us-gaap-2025.xsd#us-gaap_RealizedAndUnrealizedGainLossInvestmentAndDerivativeOperatingNonfederalDeferredTaxExpenseBenefit' xlink:label='loc_RealizedAndUnrealizedGainLossInvestmentAndDerivativeOperatingNonfederalDeferredTaxExpenseBenefit' xlink:type='locator' />
    <link:loc xlink:href='../elts/us-gaap-2025.xsd#us-gaap_RealizedAndUnrealizedGainLossInvestmentAndDerivativeOperatingCurrentTaxExpenseBenefit' xlink:label='loc_RealizedAndUnrealizedGainLossInvestmentAndDerivativeOperatingCurrentTaxExpenseBenefit' xlink:type='locator' />
    <link:loc xlink:href='../elts/us-gaap-2025.xsd#us-gaap_RealizedAndUnrealizedGainLossInvestmentAndDerivativeOperatingFederalCurrentTaxExpenseBenefit' xlink:label='loc_RealizedAndUnrealizedGainLossInvestmentAndDerivativeOperatingFederalCurrentTaxExpenseBenefit' xlink:type='locator' />
    <link:loc xlink:href='../elts/us-gaap-2025.xsd#us-gaap_RealizedAndUnrealizedGainLossInvestmentAndDerivativeOperatingNonfederalCurrentTaxExpenseBenefit' xlink:label='loc_RealizedAndUnrealizedGainLossInvestmentAndDerivativeOperatingNonfederalCurrentTaxExpenseBenefit' xlink:type='locator' />
    <link:calculationArc order='10' weight='1.0' xlink:arcrole='https://xbrl.org/2023/arcrole/summation-item' xlink:from='loc_AssetsNet' xlink:to='loc_InvestmentOwnedAtFairValue' xlink:type='arc' />
    <link:calculationArc order='20' weight='1.0' xlink:arcrole='https://xbrl.org/2023/arcrole/summation-item' xlink:from='loc_AssetsNet' xlink:to='loc_NonInvestmentAssetsLessNonInvestmentLiabilities' xlink:type='arc' />
    <link:calculationArc order='10' weight='1.0' xlink:arcrole='https://xbrl.org/2023/arcrole/summation-item' xlink:from='loc_TaxBasisOfInvestmentsUnrealizedAppreciationDepreciationNet' xlink:to='loc_TaxBasisOfInvestmentsGrossUnrealizedAppreciation' xlink:type='arc' />
    <link:calculationArc order='20' weight='-1.0' xlink:arcrole='https://xbrl.org/2023/arcrole/summation-item' xlink:from='loc_TaxBasisOfInvestmentsUnrealizedAppreciationDepreciationNet' xlink:to='loc_TaxBasisOfInvestmentsGrossUnrealizedDepreciation' xlink:type='arc' />
    <link:calculationArc order='10' weight='1.0' xlink:arcrole='https://xbrl.org/2023/arcrole/summation-item' xlink:from='loc_InvestmentsInAndAdvancesToAffiliatesAtFairValuePeriodIncreaseDecrease' xlink:to='loc_InvestmentsInAndAdvancesToAffiliatesAtFairValueGrossAdditions' xlink:type='arc' />
    <link:calculationArc order='20' weight='-1.0' xlink:arcrole='https://xbrl.org/2023/arcrole/summation-item' xlink:from='loc_InvestmentsInAndAdvancesToAffiliatesAtFairValuePeriodIncreaseDecrease' xlink:to='loc_InvestmentsInAndAdvancesToAffiliatesAtFairValueGrossReductions' xlink:type='arc' />
    <link:calculationArc order='10' weight='1.0' xlink:arcrole='https://xbrl.org/2023/arcrole/summation-item' xlink:from='loc_RealizedAndUnrealizedGainLossInvestmentDerivativeAndForeignCurrencyTransactionOperatingAfterTax' xlink:to='loc_InvestmentCompanyRealizedAndUnrealizedGainLossOnInvestmentAndForeignCurrency' xlink:type='arc' />
    <link:calculationArc order='10' weight='1.0' xlink:arcrole='https://xbrl.org/2023/arcrole/summation-item' xlink:from='loc_InvestmentCompanyRealizedAndUnrealizedGainLossOnInvestmentAndForeignCurrency' xlink:to='loc_RealizedGainLossInvestmentAndDerivativeOperatingBeforeTax' xlink:type='arc' />
    <link:calculationArc order='10' weight='1.0' xlink:arcrole='https://xbrl.org/2023/arcrole/summation-item' xlink:from='loc_RealizedGainLossInvestmentAndDerivativeOperatingBeforeTax' xlink:to='loc_DebtAndEquitySecuritiesRealizedGainLoss' xlink:type='arc' />
    <link:calculationArc order='20' weight='1.0' xlink:arcrole='https://xbrl.org/2023/arcrole/summation-item' xlink:from='loc_RealizedGainLossInvestmentAndDerivativeOperatingBeforeTax' xlink:to='loc_RealizedGainLossSecuritySoldShortOperating' xlink:type='arc' />
    <link:calculationArc order='30' weight='1.0' xlink:arcrole='https://xbrl.org/2023/arcrole/summation-item' xlink:from='loc_RealizedGainLossInvestmentAndDerivativeOperatingBeforeTax' xlink:to='loc_GainLossOnSaleOfDerivatives' xlink:type='arc' />
    <link:calculationArc order='20' weight='1.0' xlink:arcrole='https://xbrl.org/2023/arcrole/summation-item' xlink:from='loc_InvestmentCompanyRealizedAndUnrealizedGainLossOnInvestmentAndForeignCurrency' xlink:to='loc_ForeignCurrencyTransactionGainLossRealized' xlink:type='arc' />
    <link:calculationArc order='30' weight='1.0' xlink:arcrole='https://xbrl.org/2023/arcrole/summation-item' xlink:from='loc_InvestmentCompanyRealizedAndUnrealizedGainLossOnInvestmentAndForeignCurrency' xlink:to='loc_UnrealizedGainLossInvestmentAndDerivativeOperatingBeforeTax' xlink:type='arc' />
    <link:calculationArc order='10' weight='1.0' xlink:arcrole='https://xbrl.org/2023/arcrole/summation-item' xlink:from='loc_UnrealizedGainLossInvestmentAndDerivativeOperatingBeforeTax' xlink:to='loc_DebtAndEquitySecuritiesUnrealizedGainLoss' xlink:type='arc' />
    <link:calculationArc order='20' weight='1.0' xlink:arcrole='https://xbrl.org/2023/arcrole/summation-item' xlink:from='loc_UnrealizedGainLossInvestmentAndDerivativeOperatingBeforeTax' xlink:to='loc_UnrealizedGainLossSecuritySoldShortOperating' xlink:type='arc' />
    <link:calculationArc order='30' weight='1.0' xlink:arcrole='https://xbrl.org/2023/arcrole/summation-item' xlink:from='loc_UnrealizedGainLossInvestmentAndDerivativeOperatingBeforeTax' xlink:to='loc_UnrealizedGainLossOnDerivatives' xlink:type='arc' />
    <link:calculationArc order='40' weight='1.0' xlink:arcrole='https://xbrl.org/2023/arcrole/summation-item' xlink:from='loc_InvestmentCompanyRealizedAndUnrealizedGainLossOnInvestmentAndForeignCurrency' xlink:to='loc_ForeignCurrencyTransactionGainLossUnrealized' xlink:type='arc' />
    <link:calculationArc order='20' weight='-1.0' xlink:arcrole='https://xbrl.org/2023/arcrole/summation-item' xlink:from='loc_RealizedAndUnrealizedGainLossInvestmentDerivativeAndForeignCurrencyTransactionOperatingAfterTax' xlink:to='loc_RealizedAndUnrealizedGainLossInvestmentAndDerivativeOperatingTaxExpenseBenefit' xlink:type='arc' />
    <link:calculationArc order='10' weight='1.0' xlink:arcrole='https://xbrl.org/2023/arcrole/summation-item' xlink:from='loc_RealizedAndUnrealizedGainLossInvestmentAndDerivativeOperatingTaxExpenseBenefit' xlink:to='loc_RealizedAndUnrealizedGainLossInvestmentAndDerivativeOperatingDeferredTaxExpenseBenefit' xlink:type='arc' />
    <link:calculationArc order='10' weight='1.0' xlink:arcrole='https://xbrl.org/2023/arcrole/summation-item' xlink:from='loc_RealizedAndUnrealizedGainLossInvestmentAndDerivativeOperatingDeferredTaxExpenseBenefit' xlink:to='loc_RealizedAndUnrealizedGainLossInvestmentAndDerivativeOperatingFederalDeferredTaxExpenseBenefit' xlink:type='arc' />
    <link:calculationArc order='20' weight='1.0' xlink:arcrole='https://xbrl.org/2023/arcrole/summation-item' xlink:from='loc_RealizedAndUnrealizedGainLossInvestmentAndDerivativeOperatingDeferredTaxExpenseBenefit' xlink:to='loc_RealizedAndUnrealizedGainLossInvestmentAndDerivativeOperatingNonfederalDeferredTaxExpenseBenefit' xlink:type='arc' />
    <link:calculationArc order='20' weight='1.0' xlink:arcrole='https://xbrl.org/2023/arcrole/summation-item' xlink:from='loc_RealizedAndUnrealizedGainLossInvestmentAndDerivativeOperatingTaxExpenseBenefit' xlink:to='loc_RealizedAndUnrealizedGainLossInvestmentAndDerivativeOperatingCurrentTaxExpenseBenefit' xlink:type='arc' />
    <link:calculationArc order='10' weight='1.0' xlink:arcrole='https://xbrl.org/2023/arcrole/summation-item' xlink:from='loc_RealizedAndUnrealizedGainLossInvestmentAndDerivativeOperatingCurrentTaxExpenseBenefit' xlink:to='loc_RealizedAndUnrealizedGainLossInvestmentAndDerivativeOperatingFederalCurrentTaxExpenseBenefit' xlink:type='arc' />
    <link:calculationArc order='20' weight='1.0' xlink:arcrole='https://xbrl.org/2023/arcrole/summation-item' xlink:from='loc_RealizedAndUnrealizedGainLossInvestmentAndDerivativeOperatingCurrentTaxExpenseBenefit' xlink:to='loc_RealizedAndUnrealizedGainLossInvestmentAndDerivativeOperatingNonfederalCurrentTaxExpenseBenefit' xlink:type='arc' />
  </link:calculationLink>
</link:linkbase>
