<?xml version='1.0' encoding='UTF-8'?>

<!--
(c) 2010-2025 Financial Accounting Foundation; (c) 2007-2010 XBRL US, Inc.  All Rights Reserved.
Notice: Authorized Uses are Set Forth at https://xbrl.fasb.org/terms/TaxonomiesTermsConditions.html
  -->
<link:linkbase xmlns:link='http://www.xbrl.org/2003/linkbase' xmlns:xbrldt='http://xbrl.org/2005/xbrldt' xmlns:xlink='http://www.w3.org/1999/xlink' xmlns:xsi='http://www.w3.org/2001/XMLSchema-instance' xsi:schemaLocation='http://www.xbrl.org/2003/linkbase http://www.xbrl.org/2003/xbrl-linkbase-2003-12-31.xsd'>
  <link:roleRef roleURI='http://fasb.org/us-gaap/role/disclosure/RealEstate' xlink:href='../elts/us-roles-2025.xsd#re' xlink:type='simple' />
  <link:arcroleRef arcroleURI='http://xbrl.org/int/dim/arcrole/all' xlink:href='http://www.xbrl.org/2005/xbrldt-2005.xsd#all' xlink:type='simple' />
  <link:arcroleRef arcroleURI='http://xbrl.org/int/dim/arcrole/hypercube-dimension' xlink:href='http://www.xbrl.org/2005/xbrldt-2005.xsd#hypercube-dimension' xlink:type='simple' />
  <link:arcroleRef arcroleURI='http://xbrl.org/int/dim/arcrole/dimension-domain' xlink:href='http://www.xbrl.org/2005/xbrldt-2005.xsd#dimension-domain' xlink:type='simple' />
  <link:arcroleRef arcroleURI='http://xbrl.org/int/dim/arcrole/dimension-default' xlink:href='http://www.xbrl.org/2005/xbrldt-2005.xsd#dimension-default' xlink:type='simple' />
  <link:arcroleRef arcroleURI='http://xbrl.org/int/dim/arcrole/domain-member' xlink:href='http://www.xbrl.org/2005/xbrldt-2005.xsd#domain-member' xlink:type='simple' />
  <link:definitionLink xlink:role='http://fasb.org/us-gaap/role/disclosure/RealEstate' xlink:type='extended'>
    <link:loc xlink:href='../elts/us-gaap-2025.xsd#us-gaap_RealEstateTable' xlink:label='loc_RealEstateTable' xlink:type='locator' />
    <link:loc xlink:href='../elts/us-gaap-2025.xsd#us-gaap_RealEstateLineItems' xlink:label='loc_RealEstateLineItems' xlink:type='locator' />
    <link:definitionArc order='1.0' xbrldt:closed='true' xbrldt:contextElement='segment' xlink:arcrole='http://xbrl.org/int/dim/arcrole/all' xlink:from='loc_RealEstateLineItems' xlink:to='loc_RealEstateTable' xlink:type='arc' />
  </link:definitionLink>
  <link:definitionLink xlink:role='http://fasb.org/us-gaap/role/disclosure/RealEstate' xlink:type='extended'>
    <link:loc xlink:href='../elts/us-gaap-2025.xsd#us-gaap_RealEstateTable' xlink:label='loc_RealEstateTable' xlink:type='locator' />
    <link:loc xlink:href='https://xbrl.fasb.org/srt/2025/elts/srt-2025.xsd#srt_RangeAxis' xlink:label='loc_RangeAxis' xlink:type='locator' />
    <link:definitionArc order='1.0' xlink:arcrole='http://xbrl.org/int/dim/arcrole/hypercube-dimension' xlink:from='loc_RealEstateTable' xlink:to='loc_RangeAxis' xlink:type='arc' />
  </link:definitionLink>
  <link:definitionLink xlink:role='http://fasb.org/us-gaap/role/disclosure/RealEstate' xlink:type='extended'>
    <link:loc xlink:href='https://xbrl.fasb.org/srt/2025/elts/srt-2025.xsd#srt_RangeAxis' xlink:label='loc_RangeAxis' xlink:type='locator' />
    <link:loc xlink:href='https://xbrl.fasb.org/srt/2025/elts/srt-2025.xsd#srt_RangeMember' xlink:label='loc_RangeMember' xlink:type='locator' />
    <link:definitionArc order='1.0' xlink:arcrole='http://xbrl.org/int/dim/arcrole/dimension-domain' xlink:from='loc_RangeAxis' xlink:to='loc_RangeMember' xlink:type='arc' />
  </link:definitionLink>
  <link:definitionLink xlink:role='http://fasb.org/us-gaap/role/disclosure/RealEstate' xlink:type='extended'>
    <link:loc xlink:href='https://xbrl.fasb.org/srt/2025/elts/srt-2025.xsd#srt_RangeAxis' xlink:label='loc_RangeAxis' xlink:type='locator' />
    <link:loc xlink:href='https://xbrl.fasb.org/srt/2025/elts/srt-2025.xsd#srt_RangeMember' xlink:label='loc_RangeMember' xlink:type='locator' />
    <link:definitionArc order='1.0' xlink:arcrole='http://xbrl.org/int/dim/arcrole/dimension-default' xlink:from='loc_RangeAxis' xlink:to='loc_RangeMember' xlink:type='arc' />
  </link:definitionLink>
  <link:definitionLink xlink:role='http://fasb.org/us-gaap/role/disclosure/RealEstate' xlink:type='extended'>
    <link:loc xlink:href='../elts/us-gaap-2025.xsd#us-gaap_RealEstateLineItems' xlink:label='loc_RealEstateLineItems' xlink:type='locator' />
    <link:loc xlink:href='../elts/us-gaap-2025.xsd#us-gaap_RealEstateInvestmentTrustOperatingSupportAbstract' xlink:label='loc_RealEstateInvestmentTrustOperatingSupportAbstract' xlink:type='locator' />
    <link:loc xlink:href='../elts/us-gaap-2025.xsd#us-gaap_OperatingSupportFromAdviserDescription' xlink:label='loc_OperatingSupportFromAdviserDescription' xlink:type='locator' />
    <link:loc xlink:href='../elts/us-gaap-2025.xsd#us-gaap_OperatingSupportFromAdviserAmount' xlink:label='loc_OperatingSupportFromAdviserAmount' xlink:type='locator' />
    <link:loc xlink:href='../elts/us-gaap-2025.xsd#us-gaap_RealEstateInvestmentTrustDistributionTaxStatusAbstract' xlink:label='loc_RealEstateInvestmentTrustDistributionTaxStatusAbstract' xlink:type='locator' />
    <link:loc xlink:href='../elts/us-gaap-2025.xsd#us-gaap_RealEstateInvestmentTrustDistributionTaxStatusOrdinaryIncomePerUnit' xlink:label='loc_RealEstateInvestmentTrustDistributionTaxStatusOrdinaryIncomePerUnit' xlink:type='locator' />
    <link:loc xlink:href='../elts/us-gaap-2025.xsd#us-gaap_RealEstateInvestmentTrustDistributionTaxStatusCapitalGainPerUnit' xlink:label='loc_RealEstateInvestmentTrustDistributionTaxStatusCapitalGainPerUnit' xlink:type='locator' />
    <link:loc xlink:href='../elts/us-gaap-2025.xsd#us-gaap_RealEstateInvestmentTrustDistributionTaxStatusReturnOfCapitalPerUnit' xlink:label='loc_RealEstateInvestmentTrustDistributionTaxStatusReturnOfCapitalPerUnit' xlink:type='locator' />
    <link:loc xlink:href='../elts/us-gaap-2025.xsd#us-gaap_NumberOfPropertiesSubjectToGroundLeases' xlink:label='loc_NumberOfPropertiesSubjectToGroundLeases' xlink:type='locator' />
    <link:loc xlink:href='../elts/us-gaap-2025.xsd#us-gaap_LandSubjectToGroundLeases' xlink:label='loc_LandSubjectToGroundLeases' xlink:type='locator' />
    <link:loc xlink:href='../elts/us-gaap-2025.xsd#us-gaap_RealEstateCompaniesDisclosuresAbstract' xlink:label='loc_RealEstateCompaniesDisclosuresAbstract' xlink:type='locator' />
    <link:loc xlink:href='../elts/us-gaap-2025.xsd#us-gaap_AreaOfLand' xlink:label='loc_AreaOfLand' xlink:type='locator' />
    <link:loc xlink:href='../elts/us-gaap-2025.xsd#us-gaap_NetRentableArea' xlink:label='loc_NetRentableArea' xlink:type='locator' />
    <link:loc xlink:href='../elts/us-gaap-2025.xsd#us-gaap_StraightLineRentAdjustments' xlink:label='loc_StraightLineRentAdjustments' xlink:type='locator' />
    <link:loc xlink:href='../elts/us-gaap-2025.xsd#us-gaap_RealEstateHeldforsale' xlink:label='loc_RealEstateHeldforsale' xlink:type='locator' />
    <link:loc xlink:href='../elts/us-gaap-2025.xsd#us-gaap_LandAvailableForSale' xlink:label='loc_LandAvailableForSale' xlink:type='locator' />
    <link:loc xlink:href='../elts/us-gaap-2025.xsd#us-gaap_RealEstateInvestmentsAbstract' xlink:label='loc_RealEstateInvestmentsAbstract' xlink:type='locator' />
    <link:loc xlink:href='../elts/us-gaap-2025.xsd#us-gaap_RealEstateInvestmentPropertyNetAbstract' xlink:label='loc_RealEstateInvestmentPropertyNetAbstract' xlink:type='locator' />
    <link:loc xlink:href='../elts/us-gaap-2025.xsd#us-gaap_RealEstateInvestmentPropertyAtCostAbstract' xlink:label='loc_RealEstateInvestmentPropertyAtCostAbstract' xlink:type='locator' />
    <link:loc xlink:href='../elts/us-gaap-2025.xsd#us-gaap_LandAvailableForDevelopment' xlink:label='loc_LandAvailableForDevelopment' xlink:type='locator' />
    <link:loc xlink:href='../elts/us-gaap-2025.xsd#us-gaap_LandAndLandImprovementsAbstract' xlink:label='loc_LandAndLandImprovementsAbstract' xlink:type='locator' />
    <link:loc xlink:href='../elts/us-gaap-2025.xsd#us-gaap_Land' xlink:label='loc_Land' xlink:type='locator' />
    <link:loc xlink:href='../elts/us-gaap-2025.xsd#us-gaap_LandImprovements' xlink:label='loc_LandImprovements' xlink:type='locator' />
    <link:loc xlink:href='../elts/us-gaap-2025.xsd#us-gaap_LandAndLandImprovements' xlink:label='loc_LandAndLandImprovements' xlink:type='locator' />
    <link:loc xlink:href='../elts/us-gaap-2025.xsd#us-gaap_InvestmentBuildingAndBuildingImprovements' xlink:label='loc_InvestmentBuildingAndBuildingImprovements' xlink:type='locator' />
    <link:loc xlink:href='../elts/us-gaap-2025.xsd#us-gaap_DevelopmentInProcess' xlink:label='loc_DevelopmentInProcess' xlink:type='locator' />
    <link:loc xlink:href='../elts/us-gaap-2025.xsd#us-gaap_RealEstateAcquiredThroughForeclosure' xlink:label='loc_RealEstateAcquiredThroughForeclosure' xlink:type='locator' />
    <link:loc xlink:href='../elts/us-gaap-2025.xsd#us-gaap_RentalProperties' xlink:label='loc_RentalProperties' xlink:type='locator' />
    <link:loc xlink:href='../elts/us-gaap-2025.xsd#us-gaap_TenantImprovements' xlink:label='loc_TenantImprovements' xlink:type='locator' />
    <link:loc xlink:href='../elts/us-gaap-2025.xsd#us-gaap_FixturesAndEquipmentGross' xlink:label='loc_FixturesAndEquipmentGross' xlink:type='locator' />
    <link:loc xlink:href='../elts/us-gaap-2025.xsd#us-gaap_RealEstateInvestmentsOther' xlink:label='loc_RealEstateInvestmentsOther' xlink:type='locator' />
    <link:loc xlink:href='../elts/us-gaap-2025.xsd#us-gaap_RealEstateInvestmentPropertyAtCost' xlink:label='loc_RealEstateInvestmentPropertyAtCost' xlink:type='locator' />
    <link:loc xlink:href='../elts/us-gaap-2025.xsd#us-gaap_RealEstateInvestmentPropertyAccumulatedDepreciation' xlink:label='loc_RealEstateInvestmentPropertyAccumulatedDepreciation' xlink:type='locator' />
    <link:loc xlink:href='../elts/us-gaap-2025.xsd#us-gaap_RealEstateInvestmentPropertyNet' xlink:label='loc_RealEstateInvestmentPropertyNet' xlink:type='locator' />
    <link:loc xlink:href='../elts/us-gaap-2025.xsd#us-gaap_RealEstateInvestmentsJointVentures' xlink:label='loc_RealEstateInvestmentsJointVentures' xlink:type='locator' />
    <link:loc xlink:href='../elts/us-gaap-2025.xsd#us-gaap_RealEstateInvestmentsUnconsolidatedRealEstateAndOtherJointVentures' xlink:label='loc_RealEstateInvestmentsUnconsolidatedRealEstateAndOtherJointVentures' xlink:type='locator' />
    <link:loc xlink:href='../elts/us-gaap-2025.xsd#us-gaap_RealEstateInvestments' xlink:label='loc_RealEstateInvestments' xlink:type='locator' />
    <link:loc xlink:href='../elts/us-gaap-2025.xsd#us-gaap_RealEstateInvestmentNonincomeProducing' xlink:label='loc_RealEstateInvestmentNonincomeProducing' xlink:type='locator' />
    <link:loc xlink:href='../elts/us-gaap-2025.xsd#us-gaap_RetailLandSalesDescriptionTextBlock' xlink:label='loc_RetailLandSalesDescriptionTextBlock' xlink:type='locator' />
    <link:loc xlink:href='../elts/us-gaap-2025.xsd#us-gaap_RetailLandSalesMaturityOfAccountsReceivableAbstract' xlink:label='loc_RetailLandSalesMaturityOfAccountsReceivableAbstract' xlink:type='locator' />
    <link:loc xlink:href='../elts/us-gaap-2025.xsd#us-gaap_RetailLandSalesMaturityOfAccountsReceivableYearOne' xlink:label='loc_RetailLandSalesMaturityOfAccountsReceivableYearOne' xlink:type='locator' />
    <link:loc xlink:href='../elts/us-gaap-2025.xsd#us-gaap_RetailLandSalesMaturityOfAccountsReceivableYearTwo' xlink:label='loc_RetailLandSalesMaturityOfAccountsReceivableYearTwo' xlink:type='locator' />
    <link:loc xlink:href='../elts/us-gaap-2025.xsd#us-gaap_RetailLandSalesMaturityOfAccountsReceivableYearThree' xlink:label='loc_RetailLandSalesMaturityOfAccountsReceivableYearThree' xlink:type='locator' />
    <link:loc xlink:href='../elts/us-gaap-2025.xsd#us-gaap_RetailLandSalesMaturityOfAccountsReceivableYearFour' xlink:label='loc_RetailLandSalesMaturityOfAccountsReceivableYearFour' xlink:type='locator' />
    <link:loc xlink:href='../elts/us-gaap-2025.xsd#us-gaap_RetailLandSalesMaturityOfAccountsReceivableYearFive' xlink:label='loc_RetailLandSalesMaturityOfAccountsReceivableYearFive' xlink:type='locator' />
    <link:loc xlink:href='../elts/us-gaap-2025.xsd#us-gaap_RetailLandSalesDelinquentAccountsReceivable' xlink:label='loc_RetailLandSalesDelinquentAccountsReceivable' xlink:type='locator' />
    <link:loc xlink:href='../elts/us-gaap-2025.xsd#us-gaap_RetailLandSalesReceivablesMethodForDeterminingDelinquencies' xlink:label='loc_RetailLandSalesReceivablesMethodForDeterminingDelinquencies' xlink:type='locator' />
    <link:loc xlink:href='../elts/us-gaap-2025.xsd#us-gaap_RetailLandSalesLiabilityForImprovements' xlink:label='loc_RetailLandSalesLiabilityForImprovements' xlink:type='locator' />
    <link:loc xlink:href='../elts/us-gaap-2025.xsd#us-gaap_RetailLandSalesReceivablesStatedInterestRate' xlink:label='loc_RetailLandSalesReceivablesStatedInterestRate' xlink:type='locator' />
    <link:loc xlink:href='../elts/us-gaap-2025.xsd#us-gaap_RetailLandSalesEstimatedCostOfMajorImprovementsAbstract' xlink:label='loc_RetailLandSalesEstimatedCostOfMajorImprovementsAbstract' xlink:type='locator' />
    <link:loc xlink:href='../elts/us-gaap-2025.xsd#us-gaap_RetailLandSalesEstimatedCostOfMajorImprovementsFirstYear' xlink:label='loc_RetailLandSalesEstimatedCostOfMajorImprovementsFirstYear' xlink:type='locator' />
    <link:loc xlink:href='../elts/us-gaap-2025.xsd#us-gaap_RetailLandSalesEstimatedCostOfMajorImprovementsSecondYear' xlink:label='loc_RetailLandSalesEstimatedCostOfMajorImprovementsSecondYear' xlink:type='locator' />
    <link:loc xlink:href='../elts/us-gaap-2025.xsd#us-gaap_RetailLandSalesEstimatedCostOfMajorImprovementsThirdYear' xlink:label='loc_RetailLandSalesEstimatedCostOfMajorImprovementsThirdYear' xlink:type='locator' />
    <link:loc xlink:href='../elts/us-gaap-2025.xsd#us-gaap_RetailLandSalesEstimatedCostOfMajorImprovementsFourthYear' xlink:label='loc_RetailLandSalesEstimatedCostOfMajorImprovementsFourthYear' xlink:type='locator' />
    <link:loc xlink:href='../elts/us-gaap-2025.xsd#us-gaap_RetailLandSalesEstimatedCostOfMajorImprovementsFifthYear' xlink:label='loc_RetailLandSalesEstimatedCostOfMajorImprovementsFifthYear' xlink:type='locator' />
    <link:loc xlink:href='../elts/us-gaap-2025.xsd#us-gaap_RetailLandSalesEstimatedCostOfMajorImprovements' xlink:label='loc_RetailLandSalesEstimatedCostOfMajorImprovements' xlink:type='locator' />
    <link:loc xlink:href='../elts/us-gaap-2025.xsd#us-gaap_TimeSharingTransactionsAbstract' xlink:label='loc_TimeSharingTransactionsAbstract' xlink:type='locator' />
    <link:loc xlink:href='../elts/us-gaap-2025.xsd#us-gaap_TimeSharingTransactionsAllowanceForUncollectibleAccountsRollForward' xlink:label='loc_TimeSharingTransactionsAllowanceForUncollectibleAccountsRollForward' xlink:type='locator' />
    <link:loc xlink:href='../elts/us-gaap-2025.xsd#us-gaap_TimeSharingTransactionsAllowanceForUncollectibleAccounts' xlink:label='loc_TimeSharingTransactionsAllowanceForUncollectibleAccounts' xlink:type='locator' />
    <link:loc xlink:href='../elts/us-gaap-2025.xsd#us-gaap_TimeSharingTransactionsAllowanceForUncollectibleAccountsAdditionsForCurrentPeriodSales' xlink:label='loc_TimeSharingTransactionsAllowanceForUncollectibleAccountsAdditionsForCurrentPeriodSales' xlink:type='locator' />
    <link:loc xlink:href='../elts/us-gaap-2025.xsd#us-gaap_TimeSharingTransactionsDirectWriteOffsChargedAgainstAllowance' xlink:label='loc_TimeSharingTransactionsDirectWriteOffsChargedAgainstAllowance' xlink:type='locator' />
    <link:loc xlink:href='../elts/us-gaap-2025.xsd#us-gaap_TimeSharingTransactionsChangesInEstimateAssociatedWithPriorPeriodSales' xlink:label='loc_TimeSharingTransactionsChangesInEstimateAssociatedWithPriorPeriodSales' xlink:type='locator' />
    <link:loc xlink:href='../elts/us-gaap-2025.xsd#us-gaap_TimeSharingTransactionsPeriodIncreaseDecrease' xlink:label='loc_TimeSharingTransactionsPeriodIncreaseDecrease' xlink:type='locator' />
    <link:loc xlink:href='../elts/us-gaap-2025.xsd#us-gaap_TimeSharingTransactionsMaturitiesOfNotesReceivableNetAbstract' xlink:label='loc_TimeSharingTransactionsMaturitiesOfNotesReceivableNetAbstract' xlink:type='locator' />
    <link:loc xlink:href='../elts/us-gaap-2025.xsd#us-gaap_TimeSharingTransactionsAggregateMaturitiesOfNotesReceivableGrossAbstract' xlink:label='loc_TimeSharingTransactionsAggregateMaturitiesOfNotesReceivableGrossAbstract' xlink:type='locator' />
    <link:loc xlink:href='../elts/us-gaap-2025.xsd#us-gaap_TimeSharingTransactionsMaturitiesOfNotesReceivableYearOne' xlink:label='loc_TimeSharingTransactionsMaturitiesOfNotesReceivableYearOne' xlink:type='locator' />
    <link:loc xlink:href='../elts/us-gaap-2025.xsd#us-gaap_TimeSharingTransactionsMaturitiesOfNotesReceivableYearTwo' xlink:label='loc_TimeSharingTransactionsMaturitiesOfNotesReceivableYearTwo' xlink:type='locator' />
    <link:loc xlink:href='../elts/us-gaap-2025.xsd#us-gaap_TimeSharingTransactionsMaturitiesOfNotesReceivableYearThree' xlink:label='loc_TimeSharingTransactionsMaturitiesOfNotesReceivableYearThree' xlink:type='locator' />
    <link:loc xlink:href='../elts/us-gaap-2025.xsd#us-gaap_TimeSharingTransactionsMaturitiesOfNotesReceivableYearFour' xlink:label='loc_TimeSharingTransactionsMaturitiesOfNotesReceivableYearFour' xlink:type='locator' />
    <link:loc xlink:href='../elts/us-gaap-2025.xsd#us-gaap_TimeSharingTransactionsMaturitiesOfNotesReceivableYearFive' xlink:label='loc_TimeSharingTransactionsMaturitiesOfNotesReceivableYearFive' xlink:type='locator' />
    <link:loc xlink:href='../elts/us-gaap-2025.xsd#us-gaap_TimeSharingTransactionsMaturitiesOfNotesReceivableFutureYears' xlink:label='loc_TimeSharingTransactionsMaturitiesOfNotesReceivableFutureYears' xlink:type='locator' />
    <link:loc xlink:href='../elts/us-gaap-2025.xsd#us-gaap_TimeSharingTransactionsAggregateMaturitiesOfNotesReceivableGross' xlink:label='loc_TimeSharingTransactionsAggregateMaturitiesOfNotesReceivableGross' xlink:type='locator' />
    <link:loc xlink:href='../elts/us-gaap-2025.xsd#us-gaap_TimeSharingTransactionsMaturitiesOfNotesReceivableNet' xlink:label='loc_TimeSharingTransactionsMaturitiesOfNotesReceivableNet' xlink:type='locator' />
    <link:loc xlink:href='../elts/us-gaap-2025.xsd#us-gaap_TimeSharingTransactionsOtherDisclosuresAbstract' xlink:label='loc_TimeSharingTransactionsOtherDisclosuresAbstract' xlink:type='locator' />
    <link:loc xlink:href='../elts/us-gaap-2025.xsd#us-gaap_TimesharingTransactionsStatedInterestRateForNotesReceivable' xlink:label='loc_TimesharingTransactionsStatedInterestRateForNotesReceivable' xlink:type='locator' />
    <link:loc xlink:href='../elts/us-gaap-2025.xsd#us-gaap_TimeSharingTransactionsEstimatedCostToCompleteImprovementsAndPromisedAmenities' xlink:label='loc_TimeSharingTransactionsEstimatedCostToCompleteImprovementsAndPromisedAmenities' xlink:type='locator' />
    <link:loc xlink:href='../elts/us-gaap-2025.xsd#us-gaap_TimeSharingTransactionsEffectOfChangesInEstimateInRelativeSalesValueMethod' xlink:label='loc_TimeSharingTransactionsEffectOfChangesInEstimateInRelativeSalesValueMethod' xlink:type='locator' />
    <link:definitionArc order='1.0' xlink:arcrole='http://xbrl.org/int/dim/arcrole/domain-member' xlink:from='loc_RealEstateLineItems' xlink:to='loc_RealEstateInvestmentTrustOperatingSupportAbstract' xlink:type='arc' />
    <link:definitionArc order='2.0' xlink:arcrole='http://xbrl.org/int/dim/arcrole/domain-member' xlink:from='loc_RealEstateInvestmentTrustOperatingSupportAbstract' xlink:to='loc_OperatingSupportFromAdviserDescription' xlink:type='arc' />
    <link:definitionArc order='3.0' xlink:arcrole='http://xbrl.org/int/dim/arcrole/domain-member' xlink:from='loc_RealEstateInvestmentTrustOperatingSupportAbstract' xlink:to='loc_OperatingSupportFromAdviserAmount' xlink:type='arc' />
    <link:definitionArc order='4.0' xlink:arcrole='http://xbrl.org/int/dim/arcrole/domain-member' xlink:from='loc_RealEstateLineItems' xlink:to='loc_RealEstateInvestmentTrustDistributionTaxStatusAbstract' xlink:type='arc' />
    <link:definitionArc order='5.0' xlink:arcrole='http://xbrl.org/int/dim/arcrole/domain-member' xlink:from='loc_RealEstateInvestmentTrustDistributionTaxStatusAbstract' xlink:to='loc_RealEstateInvestmentTrustDistributionTaxStatusOrdinaryIncomePerUnit' xlink:type='arc' />
    <link:definitionArc order='6.0' xlink:arcrole='http://xbrl.org/int/dim/arcrole/domain-member' xlink:from='loc_RealEstateInvestmentTrustDistributionTaxStatusAbstract' xlink:to='loc_RealEstateInvestmentTrustDistributionTaxStatusCapitalGainPerUnit' xlink:type='arc' />
    <link:definitionArc order='7.0' xlink:arcrole='http://xbrl.org/int/dim/arcrole/domain-member' xlink:from='loc_RealEstateInvestmentTrustDistributionTaxStatusAbstract' xlink:to='loc_RealEstateInvestmentTrustDistributionTaxStatusReturnOfCapitalPerUnit' xlink:type='arc' />
    <link:definitionArc order='8.0' xlink:arcrole='http://xbrl.org/int/dim/arcrole/domain-member' xlink:from='loc_RealEstateLineItems' xlink:to='loc_NumberOfPropertiesSubjectToGroundLeases' xlink:type='arc' />
    <link:definitionArc order='9.0' xlink:arcrole='http://xbrl.org/int/dim/arcrole/domain-member' xlink:from='loc_RealEstateLineItems' xlink:to='loc_LandSubjectToGroundLeases' xlink:type='arc' />
    <link:definitionArc order='10.0' xlink:arcrole='http://xbrl.org/int/dim/arcrole/domain-member' xlink:from='loc_RealEstateLineItems' xlink:to='loc_RealEstateCompaniesDisclosuresAbstract' xlink:type='arc' />
    <link:definitionArc order='11.0' xlink:arcrole='http://xbrl.org/int/dim/arcrole/domain-member' xlink:from='loc_RealEstateCompaniesDisclosuresAbstract' xlink:to='loc_AreaOfLand' xlink:type='arc' />
    <link:definitionArc order='12.0' xlink:arcrole='http://xbrl.org/int/dim/arcrole/domain-member' xlink:from='loc_RealEstateCompaniesDisclosuresAbstract' xlink:to='loc_NetRentableArea' xlink:type='arc' />
    <link:definitionArc order='13.0' xlink:arcrole='http://xbrl.org/int/dim/arcrole/domain-member' xlink:from='loc_RealEstateCompaniesDisclosuresAbstract' xlink:to='loc_StraightLineRentAdjustments' xlink:type='arc' />
    <link:definitionArc order='14.0' xlink:arcrole='http://xbrl.org/int/dim/arcrole/domain-member' xlink:from='loc_RealEstateCompaniesDisclosuresAbstract' xlink:to='loc_RealEstateHeldforsale' xlink:type='arc' />
    <link:definitionArc order='15.0' xlink:arcrole='http://xbrl.org/int/dim/arcrole/domain-member' xlink:from='loc_RealEstateHeldforsale' xlink:to='loc_LandAvailableForSale' xlink:type='arc' />
    <link:definitionArc order='16.0' xlink:arcrole='http://xbrl.org/int/dim/arcrole/domain-member' xlink:from='loc_RealEstateCompaniesDisclosuresAbstract' xlink:to='loc_RealEstateInvestmentsAbstract' xlink:type='arc' />
    <link:definitionArc order='17.0' xlink:arcrole='http://xbrl.org/int/dim/arcrole/domain-member' xlink:from='loc_RealEstateInvestmentsAbstract' xlink:to='loc_RealEstateInvestmentPropertyNetAbstract' xlink:type='arc' />
    <link:definitionArc order='18.0' xlink:arcrole='http://xbrl.org/int/dim/arcrole/domain-member' xlink:from='loc_RealEstateInvestmentPropertyNetAbstract' xlink:to='loc_RealEstateInvestmentPropertyAtCostAbstract' xlink:type='arc' />
    <link:definitionArc order='19.0' xlink:arcrole='http://xbrl.org/int/dim/arcrole/domain-member' xlink:from='loc_RealEstateInvestmentPropertyAtCostAbstract' xlink:to='loc_LandAvailableForDevelopment' xlink:type='arc' />
    <link:definitionArc order='20.0' xlink:arcrole='http://xbrl.org/int/dim/arcrole/domain-member' xlink:from='loc_RealEstateInvestmentPropertyAtCostAbstract' xlink:to='loc_LandAndLandImprovementsAbstract' xlink:type='arc' />
    <link:definitionArc order='21.0' xlink:arcrole='http://xbrl.org/int/dim/arcrole/domain-member' xlink:from='loc_LandAndLandImprovementsAbstract' xlink:to='loc_Land' xlink:type='arc' />
    <link:definitionArc order='22.0' xlink:arcrole='http://xbrl.org/int/dim/arcrole/domain-member' xlink:from='loc_LandAndLandImprovementsAbstract' xlink:to='loc_LandImprovements' xlink:type='arc' />
    <link:definitionArc order='23.0' xlink:arcrole='http://xbrl.org/int/dim/arcrole/domain-member' xlink:from='loc_LandAndLandImprovementsAbstract' xlink:to='loc_LandAndLandImprovements' xlink:type='arc' />
    <link:definitionArc order='24.0' xlink:arcrole='http://xbrl.org/int/dim/arcrole/domain-member' xlink:from='loc_RealEstateInvestmentPropertyAtCostAbstract' xlink:to='loc_InvestmentBuildingAndBuildingImprovements' xlink:type='arc' />
    <link:definitionArc order='25.0' xlink:arcrole='http://xbrl.org/int/dim/arcrole/domain-member' xlink:from='loc_RealEstateInvestmentPropertyAtCostAbstract' xlink:to='loc_DevelopmentInProcess' xlink:type='arc' />
    <link:definitionArc order='26.0' xlink:arcrole='http://xbrl.org/int/dim/arcrole/domain-member' xlink:from='loc_RealEstateInvestmentPropertyAtCostAbstract' xlink:to='loc_RealEstateAcquiredThroughForeclosure' xlink:type='arc' />
    <link:definitionArc order='27.0' xlink:arcrole='http://xbrl.org/int/dim/arcrole/domain-member' xlink:from='loc_RealEstateInvestmentPropertyAtCostAbstract' xlink:to='loc_RentalProperties' xlink:type='arc' />
    <link:definitionArc order='28.0' xlink:arcrole='http://xbrl.org/int/dim/arcrole/domain-member' xlink:from='loc_RealEstateInvestmentPropertyAtCostAbstract' xlink:to='loc_TenantImprovements' xlink:type='arc' />
    <link:definitionArc order='29.0' xlink:arcrole='http://xbrl.org/int/dim/arcrole/domain-member' xlink:from='loc_RealEstateInvestmentPropertyAtCostAbstract' xlink:to='loc_FixturesAndEquipmentGross' xlink:type='arc' />
    <link:definitionArc order='30.0' xlink:arcrole='http://xbrl.org/int/dim/arcrole/domain-member' xlink:from='loc_RealEstateInvestmentPropertyAtCostAbstract' xlink:to='loc_RealEstateInvestmentsOther' xlink:type='arc' />
    <link:definitionArc order='31.0' xlink:arcrole='http://xbrl.org/int/dim/arcrole/domain-member' xlink:from='loc_RealEstateInvestmentPropertyAtCostAbstract' xlink:to='loc_RealEstateInvestmentPropertyAtCost' xlink:type='arc' />
    <link:definitionArc order='32.0' xlink:arcrole='http://xbrl.org/int/dim/arcrole/domain-member' xlink:from='loc_RealEstateInvestmentPropertyNetAbstract' xlink:to='loc_RealEstateInvestmentPropertyAccumulatedDepreciation' xlink:type='arc' />
    <link:definitionArc order='33.0' xlink:arcrole='http://xbrl.org/int/dim/arcrole/domain-member' xlink:from='loc_RealEstateInvestmentPropertyNetAbstract' xlink:to='loc_RealEstateInvestmentPropertyNet' xlink:type='arc' />
    <link:definitionArc order='34.0' xlink:arcrole='http://xbrl.org/int/dim/arcrole/domain-member' xlink:from='loc_RealEstateInvestmentsAbstract' xlink:to='loc_RealEstateInvestmentsJointVentures' xlink:type='arc' />
    <link:definitionArc order='35.0' xlink:arcrole='http://xbrl.org/int/dim/arcrole/domain-member' xlink:from='loc_RealEstateInvestmentsAbstract' xlink:to='loc_RealEstateInvestmentsUnconsolidatedRealEstateAndOtherJointVentures' xlink:type='arc' />
    <link:definitionArc order='36.0' xlink:arcrole='http://xbrl.org/int/dim/arcrole/domain-member' xlink:from='loc_RealEstateInvestmentsAbstract' xlink:to='loc_RealEstateInvestments' xlink:type='arc' />
    <link:definitionArc order='37.0' xlink:arcrole='http://xbrl.org/int/dim/arcrole/domain-member' xlink:from='loc_RealEstateCompaniesDisclosuresAbstract' xlink:to='loc_RealEstateInvestmentNonincomeProducing' xlink:type='arc' />
    <link:definitionArc order='38.0' xlink:arcrole='http://xbrl.org/int/dim/arcrole/domain-member' xlink:from='loc_RealEstateLineItems' xlink:to='loc_RetailLandSalesDescriptionTextBlock' xlink:type='arc' />
    <link:definitionArc order='39.0' xlink:arcrole='http://xbrl.org/int/dim/arcrole/domain-member' xlink:from='loc_RetailLandSalesDescriptionTextBlock' xlink:to='loc_RetailLandSalesMaturityOfAccountsReceivableAbstract' xlink:type='arc' />
    <link:definitionArc order='40.0' xlink:arcrole='http://xbrl.org/int/dim/arcrole/domain-member' xlink:from='loc_RetailLandSalesMaturityOfAccountsReceivableAbstract' xlink:to='loc_RetailLandSalesMaturityOfAccountsReceivableYearOne' xlink:type='arc' />
    <link:definitionArc order='41.0' xlink:arcrole='http://xbrl.org/int/dim/arcrole/domain-member' xlink:from='loc_RetailLandSalesMaturityOfAccountsReceivableAbstract' xlink:to='loc_RetailLandSalesMaturityOfAccountsReceivableYearTwo' xlink:type='arc' />
    <link:definitionArc order='42.0' xlink:arcrole='http://xbrl.org/int/dim/arcrole/domain-member' xlink:from='loc_RetailLandSalesMaturityOfAccountsReceivableAbstract' xlink:to='loc_RetailLandSalesMaturityOfAccountsReceivableYearThree' xlink:type='arc' />
    <link:definitionArc order='43.0' xlink:arcrole='http://xbrl.org/int/dim/arcrole/domain-member' xlink:from='loc_RetailLandSalesMaturityOfAccountsReceivableAbstract' xlink:to='loc_RetailLandSalesMaturityOfAccountsReceivableYearFour' xlink:type='arc' />
    <link:definitionArc order='44.0' xlink:arcrole='http://xbrl.org/int/dim/arcrole/domain-member' xlink:from='loc_RetailLandSalesMaturityOfAccountsReceivableAbstract' xlink:to='loc_RetailLandSalesMaturityOfAccountsReceivableYearFive' xlink:type='arc' />
    <link:definitionArc order='45.0' xlink:arcrole='http://xbrl.org/int/dim/arcrole/domain-member' xlink:from='loc_RetailLandSalesDescriptionTextBlock' xlink:to='loc_RetailLandSalesDelinquentAccountsReceivable' xlink:type='arc' />
    <link:definitionArc order='46.0' xlink:arcrole='http://xbrl.org/int/dim/arcrole/domain-member' xlink:from='loc_RetailLandSalesDescriptionTextBlock' xlink:to='loc_RetailLandSalesReceivablesMethodForDeterminingDelinquencies' xlink:type='arc' />
    <link:definitionArc order='47.0' xlink:arcrole='http://xbrl.org/int/dim/arcrole/domain-member' xlink:from='loc_RetailLandSalesDescriptionTextBlock' xlink:to='loc_RetailLandSalesLiabilityForImprovements' xlink:type='arc' />
    <link:definitionArc order='48.0' xlink:arcrole='http://xbrl.org/int/dim/arcrole/domain-member' xlink:from='loc_RetailLandSalesDescriptionTextBlock' xlink:to='loc_RetailLandSalesReceivablesStatedInterestRate' xlink:type='arc' />
    <link:definitionArc order='49.0' xlink:arcrole='http://xbrl.org/int/dim/arcrole/domain-member' xlink:from='loc_RetailLandSalesDescriptionTextBlock' xlink:to='loc_RetailLandSalesEstimatedCostOfMajorImprovementsAbstract' xlink:type='arc' />
    <link:definitionArc order='50.0' xlink:arcrole='http://xbrl.org/int/dim/arcrole/domain-member' xlink:from='loc_RetailLandSalesEstimatedCostOfMajorImprovementsAbstract' xlink:to='loc_RetailLandSalesEstimatedCostOfMajorImprovementsFirstYear' xlink:type='arc' />
    <link:definitionArc order='51.0' xlink:arcrole='http://xbrl.org/int/dim/arcrole/domain-member' xlink:from='loc_RetailLandSalesEstimatedCostOfMajorImprovementsAbstract' xlink:to='loc_RetailLandSalesEstimatedCostOfMajorImprovementsSecondYear' xlink:type='arc' />
    <link:definitionArc order='52.0' xlink:arcrole='http://xbrl.org/int/dim/arcrole/domain-member' xlink:from='loc_RetailLandSalesEstimatedCostOfMajorImprovementsAbstract' xlink:to='loc_RetailLandSalesEstimatedCostOfMajorImprovementsThirdYear' xlink:type='arc' />
    <link:definitionArc order='53.0' xlink:arcrole='http://xbrl.org/int/dim/arcrole/domain-member' xlink:from='loc_RetailLandSalesEstimatedCostOfMajorImprovementsAbstract' xlink:to='loc_RetailLandSalesEstimatedCostOfMajorImprovementsFourthYear' xlink:type='arc' />
    <link:definitionArc order='54.0' xlink:arcrole='http://xbrl.org/int/dim/arcrole/domain-member' xlink:from='loc_RetailLandSalesEstimatedCostOfMajorImprovementsAbstract' xlink:to='loc_RetailLandSalesEstimatedCostOfMajorImprovementsFifthYear' xlink:type='arc' />
    <link:definitionArc order='55.0' xlink:arcrole='http://xbrl.org/int/dim/arcrole/domain-member' xlink:from='loc_RetailLandSalesEstimatedCostOfMajorImprovementsAbstract' xlink:to='loc_RetailLandSalesEstimatedCostOfMajorImprovements' xlink:type='arc' />
    <link:definitionArc order='56.0' xlink:arcrole='http://xbrl.org/int/dim/arcrole/domain-member' xlink:from='loc_RetailLandSalesDescriptionTextBlock' xlink:to='loc_TimeSharingTransactionsAbstract' xlink:type='arc' />
    <link:definitionArc order='57.0' xlink:arcrole='http://xbrl.org/int/dim/arcrole/domain-member' xlink:from='loc_TimeSharingTransactionsAbstract' xlink:to='loc_TimeSharingTransactionsAllowanceForUncollectibleAccountsRollForward' xlink:type='arc' />
    <link:definitionArc order='58.0' xlink:arcrole='http://xbrl.org/int/dim/arcrole/domain-member' xlink:from='loc_TimeSharingTransactionsAllowanceForUncollectibleAccountsRollForward' xlink:to='loc_TimeSharingTransactionsAllowanceForUncollectibleAccounts' xlink:type='arc' />
    <link:definitionArc order='59.0' xlink:arcrole='http://xbrl.org/int/dim/arcrole/domain-member' xlink:from='loc_TimeSharingTransactionsAllowanceForUncollectibleAccountsRollForward' xlink:to='loc_TimeSharingTransactionsAllowanceForUncollectibleAccountsAdditionsForCurrentPeriodSales' xlink:type='arc' />
    <link:definitionArc order='60.0' xlink:arcrole='http://xbrl.org/int/dim/arcrole/domain-member' xlink:from='loc_TimeSharingTransactionsAllowanceForUncollectibleAccountsRollForward' xlink:to='loc_TimeSharingTransactionsDirectWriteOffsChargedAgainstAllowance' xlink:type='arc' />
    <link:definitionArc order='61.0' xlink:arcrole='http://xbrl.org/int/dim/arcrole/domain-member' xlink:from='loc_TimeSharingTransactionsAllowanceForUncollectibleAccountsRollForward' xlink:to='loc_TimeSharingTransactionsChangesInEstimateAssociatedWithPriorPeriodSales' xlink:type='arc' />
    <link:definitionArc order='62.0' xlink:arcrole='http://xbrl.org/int/dim/arcrole/domain-member' xlink:from='loc_TimeSharingTransactionsAllowanceForUncollectibleAccountsRollForward' xlink:to='loc_TimeSharingTransactionsPeriodIncreaseDecrease' xlink:type='arc' />
    <link:definitionArc order='63.0' xlink:arcrole='http://xbrl.org/int/dim/arcrole/domain-member' xlink:from='loc_TimeSharingTransactionsAbstract' xlink:to='loc_TimeSharingTransactionsMaturitiesOfNotesReceivableNetAbstract' xlink:type='arc' />
    <link:definitionArc order='64.0' xlink:arcrole='http://xbrl.org/int/dim/arcrole/domain-member' xlink:from='loc_TimeSharingTransactionsMaturitiesOfNotesReceivableNetAbstract' xlink:to='loc_TimeSharingTransactionsAggregateMaturitiesOfNotesReceivableGrossAbstract' xlink:type='arc' />
    <link:definitionArc order='65.0' xlink:arcrole='http://xbrl.org/int/dim/arcrole/domain-member' xlink:from='loc_TimeSharingTransactionsAggregateMaturitiesOfNotesReceivableGrossAbstract' xlink:to='loc_TimeSharingTransactionsMaturitiesOfNotesReceivableYearOne' xlink:type='arc' />
    <link:definitionArc order='66.0' xlink:arcrole='http://xbrl.org/int/dim/arcrole/domain-member' xlink:from='loc_TimeSharingTransactionsAggregateMaturitiesOfNotesReceivableGrossAbstract' xlink:to='loc_TimeSharingTransactionsMaturitiesOfNotesReceivableYearTwo' xlink:type='arc' />
    <link:definitionArc order='67.0' xlink:arcrole='http://xbrl.org/int/dim/arcrole/domain-member' xlink:from='loc_TimeSharingTransactionsAggregateMaturitiesOfNotesReceivableGrossAbstract' xlink:to='loc_TimeSharingTransactionsMaturitiesOfNotesReceivableYearThree' xlink:type='arc' />
    <link:definitionArc order='68.0' xlink:arcrole='http://xbrl.org/int/dim/arcrole/domain-member' xlink:from='loc_TimeSharingTransactionsAggregateMaturitiesOfNotesReceivableGrossAbstract' xlink:to='loc_TimeSharingTransactionsMaturitiesOfNotesReceivableYearFour' xlink:type='arc' />
    <link:definitionArc order='69.0' xlink:arcrole='http://xbrl.org/int/dim/arcrole/domain-member' xlink:from='loc_TimeSharingTransactionsAggregateMaturitiesOfNotesReceivableGrossAbstract' xlink:to='loc_TimeSharingTransactionsMaturitiesOfNotesReceivableYearFive' xlink:type='arc' />
    <link:definitionArc order='70.0' xlink:arcrole='http://xbrl.org/int/dim/arcrole/domain-member' xlink:from='loc_TimeSharingTransactionsAggregateMaturitiesOfNotesReceivableGrossAbstract' xlink:to='loc_TimeSharingTransactionsMaturitiesOfNotesReceivableFutureYears' xlink:type='arc' />
    <link:definitionArc order='71.0' xlink:arcrole='http://xbrl.org/int/dim/arcrole/domain-member' xlink:from='loc_TimeSharingTransactionsAggregateMaturitiesOfNotesReceivableGrossAbstract' xlink:to='loc_TimeSharingTransactionsAggregateMaturitiesOfNotesReceivableGross' xlink:type='arc' />
    <link:definitionArc order='72.0' xlink:arcrole='http://xbrl.org/int/dim/arcrole/domain-member' xlink:from='loc_TimeSharingTransactionsMaturitiesOfNotesReceivableNetAbstract' xlink:to='loc_TimeSharingTransactionsMaturitiesOfNotesReceivableNet' xlink:type='arc' />
    <link:definitionArc order='73.0' xlink:arcrole='http://xbrl.org/int/dim/arcrole/domain-member' xlink:from='loc_TimeSharingTransactionsAbstract' xlink:to='loc_TimeSharingTransactionsOtherDisclosuresAbstract' xlink:type='arc' />
    <link:definitionArc order='74.0' xlink:arcrole='http://xbrl.org/int/dim/arcrole/domain-member' xlink:from='loc_TimeSharingTransactionsOtherDisclosuresAbstract' xlink:to='loc_TimesharingTransactionsStatedInterestRateForNotesReceivable' xlink:type='arc' />
    <link:definitionArc order='75.0' xlink:arcrole='http://xbrl.org/int/dim/arcrole/domain-member' xlink:from='loc_TimeSharingTransactionsOtherDisclosuresAbstract' xlink:to='loc_TimeSharingTransactionsEstimatedCostToCompleteImprovementsAndPromisedAmenities' xlink:type='arc' />
    <link:definitionArc order='76.0' xlink:arcrole='http://xbrl.org/int/dim/arcrole/domain-member' xlink:from='loc_TimeSharingTransactionsOtherDisclosuresAbstract' xlink:to='loc_TimeSharingTransactionsEffectOfChangesInEstimateInRelativeSalesValueMethod' xlink:type='arc' />
  </link:definitionLink>
  <link:definitionLink xlink:role='http://fasb.org/us-gaap/role/disclosure/RealEstate' xlink:type='extended'>
    <link:loc xlink:href='https://xbrl.fasb.org/srt/2025/elts/srt-2025.xsd#srt_RangeMember' xlink:label='loc_RangeMember' xlink:type='locator' />
    <link:loc xlink:href='https://xbrl.fasb.org/srt/2025/elts/srt-2025.xsd#srt_MaximumMember' xlink:label='loc_MaximumMember' xlink:type='locator' />
    <link:loc xlink:href='https://xbrl.fasb.org/srt/2025/elts/srt-2025.xsd#srt_MinimumMember' xlink:label='loc_MinimumMember' xlink:type='locator' />
    <link:loc xlink:href='https://xbrl.fasb.org/srt/2025/elts/srt-2025.xsd#srt_WeightedAverageMember' xlink:label='loc_WeightedAverageMember' xlink:type='locator' />
    <link:definitionArc order='1.0' xlink:arcrole='http://xbrl.org/int/dim/arcrole/domain-member' xlink:from='loc_RangeMember' xlink:to='loc_MaximumMember' xlink:type='arc' />
    <link:definitionArc order='2.0' xlink:arcrole='http://xbrl.org/int/dim/arcrole/domain-member' xlink:from='loc_RangeMember' xlink:to='loc_MinimumMember' xlink:type='arc' />
    <link:definitionArc order='3.0' xlink:arcrole='http://xbrl.org/int/dim/arcrole/domain-member' xlink:from='loc_RangeMember' xlink:to='loc_WeightedAverageMember' xlink:type='arc' />
  </link:definitionLink>
</link:linkbase>
