<?xml version='1.0' encoding='UTF-8'?>

<!--
(c) 2010-2025 Financial Accounting Foundation; (c) 2007-2010 XBRL US, Inc.  All Rights Reserved.
Notice: Authorized Uses are Set Forth at https://xbrl.fasb.org/terms/TaxonomiesTermsConditions.html
  -->
<link:linkbase xmlns:link='http://www.xbrl.org/2003/linkbase' xmlns:xlink='http://www.w3.org/1999/xlink' xmlns:xsi='http://www.w3.org/2001/XMLSchema-instance' xsi:schemaLocation='http://www.xbrl.org/2003/linkbase http://www.xbrl.org/2003/xbrl-linkbase-2003-12-31.xsd'>
  <link:arcroleRef arcroleURI='https://xbrl.org/2023/arcrole/summation-item' xlink:href='https://www.xbrl.org/2023/calculation-1.1.xsd#summation-item' xlink:type='simple'/>
  <link:roleRef roleURI='http://fasb.org/us-gaap/role/disclosure/OtherLiabilitiesCalAlt2' xlink:href='../elts/us-roles-2025.xsd#othliab5' xlink:type='simple' />
  <link:calculationLink xlink:role='http://fasb.org/us-gaap/role/disclosure/OtherLiabilitiesCalAlt2' xlink:type='extended'>
    <link:loc xlink:href='../elts/us-gaap-2025.xsd#us-gaap_BelowMarketLeaseNet' xlink:label='loc_BelowMarketLeaseNet' xlink:type='locator' />
    <link:loc xlink:href='../elts/us-gaap-2025.xsd#us-gaap_BelowMarketLeaseAmortizationIncomeNextRollingTwelveMonths' xlink:label='loc_BelowMarketLeaseAmortizationIncomeNextRollingTwelveMonths' xlink:type='locator' />
    <link:loc xlink:href='../elts/us-gaap-2025.xsd#us-gaap_BelowMarketLeaseAmortizationIncomeRollingYearTwo' xlink:label='loc_BelowMarketLeaseAmortizationIncomeRollingYearTwo' xlink:type='locator' />
    <link:loc xlink:href='../elts/us-gaap-2025.xsd#us-gaap_BelowMarketLeaseAmortizationIncomeRollingYearThree' xlink:label='loc_BelowMarketLeaseAmortizationIncomeRollingYearThree' xlink:type='locator' />
    <link:loc xlink:href='../elts/us-gaap-2025.xsd#us-gaap_BelowMarketLeaseAmortizationIncomeRollingYearFour' xlink:label='loc_BelowMarketLeaseAmortizationIncomeRollingYearFour' xlink:type='locator' />
    <link:loc xlink:href='../elts/us-gaap-2025.xsd#us-gaap_BelowMarketLeaseAmortizationIncomeRollingYearFive' xlink:label='loc_BelowMarketLeaseAmortizationIncomeRollingYearFive' xlink:type='locator' />
    <link:loc xlink:href='../elts/us-gaap-2025.xsd#us-gaap_BelowMarketLeaseAmortizationIncomeRollingAfterYearFive' xlink:label='loc_BelowMarketLeaseAmortizationIncomeRollingAfterYearFive' xlink:type='locator' />
    <link:loc xlink:href='../elts/us-gaap-2025.xsd#us-gaap_SupplierFinanceProgramObligationPeriodIncreaseDecrease' xlink:label='loc_SupplierFinanceProgramObligationPeriodIncreaseDecrease' xlink:type='locator' />
    <link:loc xlink:href='../elts/us-gaap-2025.xsd#us-gaap_SupplierFinanceProgramObligationIncrease' xlink:label='loc_SupplierFinanceProgramObligationIncrease' xlink:type='locator' />
    <link:loc xlink:href='../elts/us-gaap-2025.xsd#us-gaap_SupplierFinanceProgramObligationDecreaseSettlement' xlink:label='loc_SupplierFinanceProgramObligationDecreaseSettlement' xlink:type='locator' />
    <link:calculationArc order='10' weight='1.0' xlink:arcrole='https://xbrl.org/2023/arcrole/summation-item' xlink:from='loc_BelowMarketLeaseNet' xlink:to='loc_BelowMarketLeaseAmortizationIncomeNextRollingTwelveMonths' xlink:type='arc' />
    <link:calculationArc order='20' weight='1.0' xlink:arcrole='https://xbrl.org/2023/arcrole/summation-item' xlink:from='loc_BelowMarketLeaseNet' xlink:to='loc_BelowMarketLeaseAmortizationIncomeRollingYearTwo' xlink:type='arc' />
    <link:calculationArc order='30' weight='1.0' xlink:arcrole='https://xbrl.org/2023/arcrole/summation-item' xlink:from='loc_BelowMarketLeaseNet' xlink:to='loc_BelowMarketLeaseAmortizationIncomeRollingYearThree' xlink:type='arc' />
    <link:calculationArc order='40' weight='1.0' xlink:arcrole='https://xbrl.org/2023/arcrole/summation-item' xlink:from='loc_BelowMarketLeaseNet' xlink:to='loc_BelowMarketLeaseAmortizationIncomeRollingYearFour' xlink:type='arc' />
    <link:calculationArc order='50' weight='1.0' xlink:arcrole='https://xbrl.org/2023/arcrole/summation-item' xlink:from='loc_BelowMarketLeaseNet' xlink:to='loc_BelowMarketLeaseAmortizationIncomeRollingYearFive' xlink:type='arc' />
    <link:calculationArc order='60' weight='1.0' xlink:arcrole='https://xbrl.org/2023/arcrole/summation-item' xlink:from='loc_BelowMarketLeaseNet' xlink:to='loc_BelowMarketLeaseAmortizationIncomeRollingAfterYearFive' xlink:type='arc' />
    <link:calculationArc order='10' weight='1.0' xlink:arcrole='https://xbrl.org/2023/arcrole/summation-item' xlink:from='loc_SupplierFinanceProgramObligationPeriodIncreaseDecrease' xlink:to='loc_SupplierFinanceProgramObligationIncrease' xlink:type='arc' />
    <link:calculationArc order='20' weight='-1.0' xlink:arcrole='https://xbrl.org/2023/arcrole/summation-item' xlink:from='loc_SupplierFinanceProgramObligationPeriodIncreaseDecrease' xlink:to='loc_SupplierFinanceProgramObligationDecreaseSettlement' xlink:type='arc' />
  </link:calculationLink>
</link:linkbase>
