<?xml version='1.0' encoding='UTF-8'?>

<!--
(c) 2010-2025 Financial Accounting Foundation; (c) 2007-2010 XBRL US, Inc.  All Rights Reserved.
Notice: Authorized Uses are Set Forth at https://xbrl.fasb.org/terms/TaxonomiesTermsConditions.html
  -->
<link:linkbase xmlns:link='http://www.xbrl.org/2003/linkbase' xmlns:xlink='http://www.w3.org/1999/xlink' xmlns:xsi='http://www.w3.org/2001/XMLSchema-instance' xsi:schemaLocation='http://www.xbrl.org/2003/linkbase http://www.xbrl.org/2003/xbrl-linkbase-2003-12-31.xsd'>
  <link:arcroleRef arcroleURI='https://xbrl.org/2023/arcrole/summation-item' xlink:href='https://www.xbrl.org/2023/calculation-1.1.xsd#summation-item' xlink:type='simple'/>
  <link:roleRef roleURI='http://fasb.org/us-gaap/role/disclosure/CompensationRelatedCostsRetirementBenefits' xlink:href='../elts/us-roles-2025.xsd#crcrb' xlink:type='simple' />
  <link:calculationLink xlink:role='http://fasb.org/us-gaap/role/disclosure/CompensationRelatedCostsRetirementBenefits' xlink:type='extended'>
    <link:loc xlink:href='../elts/us-gaap-2025.xsd#us-gaap_DefinedBenefitPlanFundedStatusOfPlan' xlink:label='loc_DefinedBenefitPlanFundedStatusOfPlan' xlink:type='locator' />
    <link:loc xlink:href='../elts/us-gaap-2025.xsd#us-gaap_DefinedBenefitPlanBenefitObligation' xlink:label='loc_DefinedBenefitPlanBenefitObligation' xlink:type='locator' />
    <link:loc xlink:href='../elts/us-gaap-2025.xsd#us-gaap_DefinedBenefitPlanFairValueOfPlanAssets' xlink:label='loc_DefinedBenefitPlanFairValueOfPlanAssets' xlink:type='locator' />
    <link:loc xlink:href='../elts/us-gaap-2025.xsd#us-gaap_DefinedBenefitPlanBenefitObligationPeriodIncreaseDecrease' xlink:label='loc_DefinedBenefitPlanBenefitObligationPeriodIncreaseDecrease' xlink:type='locator' />
    <link:loc xlink:href='../elts/us-gaap-2025.xsd#us-gaap_DefinedBenefitPlanServiceCost' xlink:label='loc_DefinedBenefitPlanServiceCost' xlink:type='locator' />
    <link:loc xlink:href='../elts/us-gaap-2025.xsd#us-gaap_DefinedBenefitPlanInterestCost' xlink:label='loc_DefinedBenefitPlanInterestCost' xlink:type='locator' />
    <link:loc xlink:href='../elts/us-gaap-2025.xsd#us-gaap_DefinedBenefitPlanBenefitObligationContributionsByPlanParticipant' xlink:label='loc_DefinedBenefitPlanBenefitObligationContributionsByPlanParticipant' xlink:type='locator' />
    <link:loc xlink:href='../elts/us-gaap-2025.xsd#us-gaap_DefinedBenefitPlanActuarialGainLoss' xlink:label='loc_DefinedBenefitPlanActuarialGainLoss' xlink:type='locator' />
    <link:loc xlink:href='../elts/us-gaap-2025.xsd#us-gaap_DefinedBenefitPlanForeignCurrencyExchangeRateChangesBenefitObligation' xlink:label='loc_DefinedBenefitPlanForeignCurrencyExchangeRateChangesBenefitObligation' xlink:type='locator' />
    <link:loc xlink:href='../elts/us-gaap-2025.xsd#us-gaap_DefinedBenefitPlanBenefitObligationBenefitsPaid' xlink:label='loc_DefinedBenefitPlanBenefitObligationBenefitsPaid' xlink:type='locator' />
    <link:loc xlink:href='../elts/us-gaap-2025.xsd#us-gaap_DefinedBenefitPlanBenefitObligationPrescriptionDrugSubsidyReceipt' xlink:label='loc_DefinedBenefitPlanBenefitObligationPrescriptionDrugSubsidyReceipt' xlink:type='locator' />
    <link:loc xlink:href='../elts/us-gaap-2025.xsd#us-gaap_DefinedBenefitPlanPlanAmendments' xlink:label='loc_DefinedBenefitPlanPlanAmendments' xlink:type='locator' />
    <link:loc xlink:href='../elts/us-gaap-2025.xsd#us-gaap_DefinedBenefitPlanBusinessCombinationsAndAcquisitionsBenefitObligation' xlink:label='loc_DefinedBenefitPlanBusinessCombinationsAndAcquisitionsBenefitObligation' xlink:type='locator' />
    <link:loc xlink:href='../elts/us-gaap-2025.xsd#us-gaap_DefinedBenefitPlanDivestituresBenefitObligation' xlink:label='loc_DefinedBenefitPlanDivestituresBenefitObligation' xlink:type='locator' />
    <link:loc xlink:href='../elts/us-gaap-2025.xsd#us-gaap_DefinedBenefitPlanCurtailments' xlink:label='loc_DefinedBenefitPlanCurtailments' xlink:type='locator' />
    <link:loc xlink:href='../elts/us-gaap-2025.xsd#us-gaap_DefinedBenefitPlanSettlementsBenefitObligation' xlink:label='loc_DefinedBenefitPlanSettlementsBenefitObligation' xlink:type='locator' />
    <link:loc xlink:href='../elts/us-gaap-2025.xsd#us-gaap_DefinedBenefitPlanBenefitObligationPaymentForSettlement' xlink:label='loc_DefinedBenefitPlanBenefitObligationPaymentForSettlement' xlink:type='locator' />
    <link:loc xlink:href='../elts/us-gaap-2025.xsd#us-gaap_DefinedBenefitPlanBenefitObligationIncreaseDecreaseForRemeasurementDueToSettlement' xlink:label='loc_DefinedBenefitPlanBenefitObligationIncreaseDecreaseForRemeasurementDueToSettlement' xlink:type='locator' />
    <link:loc xlink:href='../elts/us-gaap-2025.xsd#us-gaap_DefinedBenefitPlanSpecialTerminationBenefits' xlink:label='loc_DefinedBenefitPlanSpecialTerminationBenefits' xlink:type='locator' />
    <link:loc xlink:href='../elts/us-gaap-2025.xsd#us-gaap_DefinedBenefitPlanOtherChanges' xlink:label='loc_DefinedBenefitPlanOtherChanges' xlink:type='locator' />
    <link:loc xlink:href='../elts/us-gaap-2025.xsd#us-gaap_DefinedBenefitPlanFairValueOfPlanAssetsPeriodIncreaseDecrease' xlink:label='loc_DefinedBenefitPlanFairValueOfPlanAssetsPeriodIncreaseDecrease' xlink:type='locator' />
    <link:loc xlink:href='../elts/us-gaap-2025.xsd#us-gaap_DefinedBenefitPlanActualReturnOnPlanAssets' xlink:label='loc_DefinedBenefitPlanActualReturnOnPlanAssets' xlink:type='locator' />
    <link:loc xlink:href='../elts/us-gaap-2025.xsd#us-gaap_DefinedBenefitPlanContributionsByEmployer' xlink:label='loc_DefinedBenefitPlanContributionsByEmployer' xlink:type='locator' />
    <link:loc xlink:href='../elts/us-gaap-2025.xsd#us-gaap_DefinedBenefitPlanPlanAssetsContributionsByPlanParticipant' xlink:label='loc_DefinedBenefitPlanPlanAssetsContributionsByPlanParticipant' xlink:type='locator' />
    <link:loc xlink:href='../elts/us-gaap-2025.xsd#us-gaap_DefinedBenefitPlanPlanAssetsBenefitsPaid' xlink:label='loc_DefinedBenefitPlanPlanAssetsBenefitsPaid' xlink:type='locator' />
    <link:loc xlink:href='../elts/us-gaap-2025.xsd#us-gaap_DefinedBenefitPlanPlanAssetsPrescriptionDrugSubsidyReceipt' xlink:label='loc_DefinedBenefitPlanPlanAssetsPrescriptionDrugSubsidyReceipt' xlink:type='locator' />
    <link:loc xlink:href='../elts/us-gaap-2025.xsd#us-gaap_DefinedBenefitPlanBusinessCombinationsAndAcquisitionsPlanAssets' xlink:label='loc_DefinedBenefitPlanBusinessCombinationsAndAcquisitionsPlanAssets' xlink:type='locator' />
    <link:loc xlink:href='../elts/us-gaap-2025.xsd#us-gaap_DefinedBenefitPlanDivestituresPlanAssets' xlink:label='loc_DefinedBenefitPlanDivestituresPlanAssets' xlink:type='locator' />
    <link:loc xlink:href='../elts/us-gaap-2025.xsd#us-gaap_DefinedBenefitPlanSettlementsPlanAssets' xlink:label='loc_DefinedBenefitPlanSettlementsPlanAssets' xlink:type='locator' />
    <link:loc xlink:href='../elts/us-gaap-2025.xsd#us-gaap_DefinedBenefitPlanPlanAssetsForeignCurrencyTranslationGainLoss' xlink:label='loc_DefinedBenefitPlanPlanAssetsForeignCurrencyTranslationGainLoss' xlink:type='locator' />
    <link:loc xlink:href='../elts/us-gaap-2025.xsd#us-gaap_DefinedBenefitPlanAdministrationExpenses' xlink:label='loc_DefinedBenefitPlanAdministrationExpenses' xlink:type='locator' />
    <link:loc xlink:href='../elts/us-gaap-2025.xsd#us-gaap_DefinedBenefitPlanAssetsTransferredToFromPlan' xlink:label='loc_DefinedBenefitPlanAssetsTransferredToFromPlan' xlink:type='locator' />
    <link:loc xlink:href='../elts/us-gaap-2025.xsd#us-gaap_DefinedBenefitPlanAccumulatedOtherComprehensiveIncomeBeforeTax' xlink:label='loc_DefinedBenefitPlanAccumulatedOtherComprehensiveIncomeBeforeTax' xlink:type='locator' />
    <link:loc xlink:href='../elts/us-gaap-2025.xsd#us-gaap_DefinedBenefitPlanAccumulatedOtherComprehensiveIncomeNetGainsLossesBeforeTax' xlink:label='loc_DefinedBenefitPlanAccumulatedOtherComprehensiveIncomeNetGainsLossesBeforeTax' xlink:type='locator' />
    <link:loc xlink:href='../elts/us-gaap-2025.xsd#us-gaap_DefinedBenefitPlanAccumulatedOtherComprehensiveIncomeNetPriorServiceCostCreditBeforeTax' xlink:label='loc_DefinedBenefitPlanAccumulatedOtherComprehensiveIncomeNetPriorServiceCostCreditBeforeTax' xlink:type='locator' />
    <link:loc xlink:href='../elts/us-gaap-2025.xsd#us-gaap_DefinedBenefitPlanAccumulatedOtherComprehensiveIncomeNetTransitionAssetsObligationsBeforeTax' xlink:label='loc_DefinedBenefitPlanAccumulatedOtherComprehensiveIncomeNetTransitionAssetsObligationsBeforeTax' xlink:type='locator' />
    <link:loc xlink:href='../elts/us-gaap-2025.xsd#us-gaap_DefinedBenefitPlanChangeInFairValueOfPlanAssetsLevel3ReconciliationPeriodIncreaseDecrease' xlink:label='loc_DefinedBenefitPlanChangeInFairValueOfPlanAssetsLevel3ReconciliationPeriodIncreaseDecrease' xlink:type='locator' />
    <link:loc xlink:href='../elts/us-gaap-2025.xsd#us-gaap_DefinedBenefitPlanActualReturnOnPlanAssetsStillHeld' xlink:label='loc_DefinedBenefitPlanActualReturnOnPlanAssetsStillHeld' xlink:type='locator' />
    <link:loc xlink:href='../elts/us-gaap-2025.xsd#us-gaap_DefinedBenefitPlanActualReturnOnPlanAssetsSoldDuringPeriod' xlink:label='loc_DefinedBenefitPlanActualReturnOnPlanAssetsSoldDuringPeriod' xlink:type='locator' />
    <link:loc xlink:href='../elts/us-gaap-2025.xsd#us-gaap_DefinedBenefitPlanTransfersBetweenMeasurementLevels' xlink:label='loc_DefinedBenefitPlanTransfersBetweenMeasurementLevels' xlink:type='locator' />
    <link:loc xlink:href='../elts/us-gaap-2025.xsd#us-gaap_DefinedBenefitPlanPurchasesSalesAndSettlements' xlink:label='loc_DefinedBenefitPlanPurchasesSalesAndSettlements' xlink:type='locator' />
    <link:loc xlink:href='../elts/us-gaap-2025.xsd#us-gaap_DefinedBenefitPlanPlanAssetsLevel3ReconciliationIncreaseForPurchase' xlink:label='loc_DefinedBenefitPlanPlanAssetsLevel3ReconciliationIncreaseForPurchase' xlink:type='locator' />
    <link:loc xlink:href='../elts/us-gaap-2025.xsd#us-gaap_DefinedBenefitPlanPlanAssetsLevel3ReconciliationDecreaseForSale' xlink:label='loc_DefinedBenefitPlanPlanAssetsLevel3ReconciliationDecreaseForSale' xlink:type='locator' />
    <link:loc xlink:href='../elts/us-gaap-2025.xsd#us-gaap_DefinedBenefitPlanPlanAssetsLevel3ReconciliationDecreaseForSettlement' xlink:label='loc_DefinedBenefitPlanPlanAssetsLevel3ReconciliationDecreaseForSettlement' xlink:type='locator' />
    <link:loc xlink:href='../elts/us-gaap-2025.xsd#us-gaap_AmountRecognizedInNetPeriodicBenefitCostAndOtherComprehensiveIncomeLossBeforeTax' xlink:label='loc_AmountRecognizedInNetPeriodicBenefitCostAndOtherComprehensiveIncomeLossBeforeTax' xlink:type='locator' />
    <link:loc xlink:href='../elts/us-gaap-2025.xsd#us-gaap_DefinedBenefitPlanNetPeriodicBenefitCost' xlink:label='loc_DefinedBenefitPlanNetPeriodicBenefitCost' xlink:type='locator' />
    <link:loc xlink:href='../elts/us-gaap-2025.xsd#us-gaap_NetPeriodicDefinedBenefitsExpenseReversalOfExpenseExcludingServiceCostComponent' xlink:label='loc_NetPeriodicDefinedBenefitsExpenseReversalOfExpenseExcludingServiceCostComponent' xlink:type='locator' />
    <link:loc xlink:href='../elts/us-gaap-2025.xsd#us-gaap_DefinedBenefitPlanExpectedReturnOnPlanAssets' xlink:label='loc_DefinedBenefitPlanExpectedReturnOnPlanAssets' xlink:type='locator' />
    <link:loc xlink:href='../elts/us-gaap-2025.xsd#us-gaap_DefinedBenefitPlanRecognizedNetGainLossDueToSettlementsAndCurtailments1' xlink:label='loc_DefinedBenefitPlanRecognizedNetGainLossDueToSettlementsAndCurtailments1' xlink:type='locator' />
    <link:loc xlink:href='../elts/us-gaap-2025.xsd#us-gaap_DefinedBenefitPlanRecognizedNetGainLossDueToSettlements1' xlink:label='loc_DefinedBenefitPlanRecognizedNetGainLossDueToSettlements1' xlink:type='locator' />
    <link:loc xlink:href='../elts/us-gaap-2025.xsd#us-gaap_DefinedBenefitPlanRecognizedNetGainLossDueToCurtailments' xlink:label='loc_DefinedBenefitPlanRecognizedNetGainLossDueToCurtailments' xlink:type='locator' />
    <link:loc xlink:href='../elts/us-gaap-2025.xsd#us-gaap_DefinedBenefitPlanAmortizationOfGainsLosses' xlink:label='loc_DefinedBenefitPlanAmortizationOfGainsLosses' xlink:type='locator' />
    <link:loc xlink:href='../elts/us-gaap-2025.xsd#us-gaap_DefinedBenefitPlanAmortizationOfTransitionAssetObligation' xlink:label='loc_DefinedBenefitPlanAmortizationOfTransitionAssetObligation' xlink:type='locator' />
    <link:loc xlink:href='../elts/us-gaap-2025.xsd#us-gaap_DefinedBenefitPlanAmortizationOfPriorServiceCostCredit' xlink:label='loc_DefinedBenefitPlanAmortizationOfPriorServiceCostCredit' xlink:type='locator' />
    <link:loc xlink:href='../elts/us-gaap-2025.xsd#us-gaap_DefinedBenefitPlanOtherCosts' xlink:label='loc_DefinedBenefitPlanOtherCosts' xlink:type='locator' />
    <link:loc xlink:href='../elts/us-gaap-2025.xsd#us-gaap_OtherComprehensiveIncomeLossPensionAndOtherPostretirementBenefitPlansAdjustmentBeforeTax' xlink:label='loc_OtherComprehensiveIncomeLossPensionAndOtherPostretirementBenefitPlansAdjustmentBeforeTax' xlink:type='locator' />
    <link:loc xlink:href='../elts/us-gaap-2025.xsd#us-gaap_DefinedBenefitPlanAmountsRecognizedInBalanceSheet' xlink:label='loc_DefinedBenefitPlanAmountsRecognizedInBalanceSheet' xlink:type='locator' />
    <link:loc xlink:href='../elts/us-gaap-2025.xsd#us-gaap_DefinedBenefitPlanAssetsForPlanBenefitsNoncurrent' xlink:label='loc_DefinedBenefitPlanAssetsForPlanBenefitsNoncurrent' xlink:type='locator' />
    <link:loc xlink:href='../elts/us-gaap-2025.xsd#us-gaap_PensionAndOtherPostretirementDefinedBenefitPlansLiabilitiesCurrentAndNoncurrent' xlink:label='loc_PensionAndOtherPostretirementDefinedBenefitPlansLiabilitiesCurrentAndNoncurrent' xlink:type='locator' />
    <link:loc xlink:href='../elts/us-gaap-2025.xsd#us-gaap_PensionAndOtherPostretirementDefinedBenefitPlansCurrentLiabilities' xlink:label='loc_PensionAndOtherPostretirementDefinedBenefitPlansCurrentLiabilities' xlink:type='locator' />
    <link:loc xlink:href='../elts/us-gaap-2025.xsd#us-gaap_PensionAndOtherPostretirementDefinedBenefitPlansLiabilitiesNoncurrent' xlink:label='loc_PensionAndOtherPostretirementDefinedBenefitPlansLiabilitiesNoncurrent' xlink:type='locator' />
    <link:loc xlink:href='../elts/us-gaap-2025.xsd#us-gaap_PensionAndOtherPostretirementBenefitExpense' xlink:label='loc_PensionAndOtherPostretirementBenefitExpense' xlink:type='locator' />
    <link:loc xlink:href='../elts/us-gaap-2025.xsd#us-gaap_DefinedContributionPlanCostRecognized' xlink:label='loc_DefinedContributionPlanCostRecognized' xlink:type='locator' />
    <link:loc xlink:href='../elts/us-gaap-2025.xsd#us-gaap_MultiemployerPlanEmployerContributionCost' xlink:label='loc_MultiemployerPlanEmployerContributionCost' xlink:type='locator' />
    <link:loc xlink:href='../elts/us-gaap-2025.xsd#us-gaap_MultiemployerPlanPensionSignificantEmployerContributionCost' xlink:label='loc_MultiemployerPlanPensionSignificantEmployerContributionCost' xlink:type='locator' />
    <link:loc xlink:href='../elts/us-gaap-2025.xsd#us-gaap_MultiemployerPlanPensionInsignificantEmployerContributionCost' xlink:label='loc_MultiemployerPlanPensionInsignificantEmployerContributionCost' xlink:type='locator' />
    <link:loc xlink:href='../elts/us-gaap-2025.xsd#us-gaap_DefinedBenefitPlanExpectedAmortizationNextFiscalYear' xlink:label='loc_DefinedBenefitPlanExpectedAmortizationNextFiscalYear' xlink:type='locator' />
    <link:loc xlink:href='../elts/us-gaap-2025.xsd#us-gaap_DefinedBenefitPlanExpectedAmortizationOfGainLossNextFiscalYear' xlink:label='loc_DefinedBenefitPlanExpectedAmortizationOfGainLossNextFiscalYear' xlink:type='locator' />
    <link:loc xlink:href='../elts/us-gaap-2025.xsd#us-gaap_DefinedBenefitPlanExpectedAmortizationOfPriorServiceCostCreditNextFiscalYear' xlink:label='loc_DefinedBenefitPlanExpectedAmortizationOfPriorServiceCostCreditNextFiscalYear' xlink:type='locator' />
    <link:loc xlink:href='../elts/us-gaap-2025.xsd#us-gaap_DefinedBenefitPlanExpectedAmortizationOfTransitionAssetObligationNextFiscalYear' xlink:label='loc_DefinedBenefitPlanExpectedAmortizationOfTransitionAssetObligationNextFiscalYear' xlink:type='locator' />
    <link:calculationArc order='10' weight='-1.0' xlink:arcrole='https://xbrl.org/2023/arcrole/summation-item' xlink:from='loc_DefinedBenefitPlanFundedStatusOfPlan' xlink:to='loc_DefinedBenefitPlanBenefitObligation' xlink:type='arc' />
    <link:calculationArc order='20' weight='1.0' xlink:arcrole='https://xbrl.org/2023/arcrole/summation-item' xlink:from='loc_DefinedBenefitPlanFundedStatusOfPlan' xlink:to='loc_DefinedBenefitPlanFairValueOfPlanAssets' xlink:type='arc' />
    <link:calculationArc order='10' weight='1.0' xlink:arcrole='https://xbrl.org/2023/arcrole/summation-item' xlink:from='loc_DefinedBenefitPlanBenefitObligationPeriodIncreaseDecrease' xlink:to='loc_DefinedBenefitPlanServiceCost' xlink:type='arc' />
    <link:calculationArc order='20' weight='1.0' xlink:arcrole='https://xbrl.org/2023/arcrole/summation-item' xlink:from='loc_DefinedBenefitPlanBenefitObligationPeriodIncreaseDecrease' xlink:to='loc_DefinedBenefitPlanInterestCost' xlink:type='arc' />
    <link:calculationArc order='30' weight='1.0' xlink:arcrole='https://xbrl.org/2023/arcrole/summation-item' xlink:from='loc_DefinedBenefitPlanBenefitObligationPeriodIncreaseDecrease' xlink:to='loc_DefinedBenefitPlanBenefitObligationContributionsByPlanParticipant' xlink:type='arc' />
    <link:calculationArc order='40' weight='-1.0' xlink:arcrole='https://xbrl.org/2023/arcrole/summation-item' xlink:from='loc_DefinedBenefitPlanBenefitObligationPeriodIncreaseDecrease' xlink:to='loc_DefinedBenefitPlanActuarialGainLoss' xlink:type='arc' />
    <link:calculationArc order='50' weight='-1.0' xlink:arcrole='https://xbrl.org/2023/arcrole/summation-item' xlink:from='loc_DefinedBenefitPlanBenefitObligationPeriodIncreaseDecrease' xlink:to='loc_DefinedBenefitPlanForeignCurrencyExchangeRateChangesBenefitObligation' xlink:type='arc' />
    <link:calculationArc order='60' weight='-1.0' xlink:arcrole='https://xbrl.org/2023/arcrole/summation-item' xlink:from='loc_DefinedBenefitPlanBenefitObligationPeriodIncreaseDecrease' xlink:to='loc_DefinedBenefitPlanBenefitObligationBenefitsPaid' xlink:type='arc' />
    <link:calculationArc order='70' weight='1.0' xlink:arcrole='https://xbrl.org/2023/arcrole/summation-item' xlink:from='loc_DefinedBenefitPlanBenefitObligationPeriodIncreaseDecrease' xlink:to='loc_DefinedBenefitPlanBenefitObligationPrescriptionDrugSubsidyReceipt' xlink:type='arc' />
    <link:calculationArc order='80' weight='1.0' xlink:arcrole='https://xbrl.org/2023/arcrole/summation-item' xlink:from='loc_DefinedBenefitPlanBenefitObligationPeriodIncreaseDecrease' xlink:to='loc_DefinedBenefitPlanPlanAmendments' xlink:type='arc' />
    <link:calculationArc order='90' weight='1.0' xlink:arcrole='https://xbrl.org/2023/arcrole/summation-item' xlink:from='loc_DefinedBenefitPlanBenefitObligationPeriodIncreaseDecrease' xlink:to='loc_DefinedBenefitPlanBusinessCombinationsAndAcquisitionsBenefitObligation' xlink:type='arc' />
    <link:calculationArc order='100' weight='-1.0' xlink:arcrole='https://xbrl.org/2023/arcrole/summation-item' xlink:from='loc_DefinedBenefitPlanBenefitObligationPeriodIncreaseDecrease' xlink:to='loc_DefinedBenefitPlanDivestituresBenefitObligation' xlink:type='arc' />
    <link:calculationArc order='110' weight='-1.0' xlink:arcrole='https://xbrl.org/2023/arcrole/summation-item' xlink:from='loc_DefinedBenefitPlanBenefitObligationPeriodIncreaseDecrease' xlink:to='loc_DefinedBenefitPlanCurtailments' xlink:type='arc' />
    <link:calculationArc order='120' weight='-1.0' xlink:arcrole='https://xbrl.org/2023/arcrole/summation-item' xlink:from='loc_DefinedBenefitPlanBenefitObligationPeriodIncreaseDecrease' xlink:to='loc_DefinedBenefitPlanSettlementsBenefitObligation' xlink:type='arc' />
    <link:calculationArc order='10' weight='-1.0' xlink:arcrole='https://xbrl.org/2023/arcrole/summation-item' xlink:from='loc_DefinedBenefitPlanSettlementsBenefitObligation' xlink:to='loc_DefinedBenefitPlanBenefitObligationPaymentForSettlement' xlink:type='arc' />
    <link:calculationArc order='20' weight='1.0' xlink:arcrole='https://xbrl.org/2023/arcrole/summation-item' xlink:from='loc_DefinedBenefitPlanSettlementsBenefitObligation' xlink:to='loc_DefinedBenefitPlanBenefitObligationIncreaseDecreaseForRemeasurementDueToSettlement' xlink:type='arc' />
    <link:calculationArc order='130' weight='1.0' xlink:arcrole='https://xbrl.org/2023/arcrole/summation-item' xlink:from='loc_DefinedBenefitPlanBenefitObligationPeriodIncreaseDecrease' xlink:to='loc_DefinedBenefitPlanSpecialTerminationBenefits' xlink:type='arc' />
    <link:calculationArc order='140' weight='1.0' xlink:arcrole='https://xbrl.org/2023/arcrole/summation-item' xlink:from='loc_DefinedBenefitPlanBenefitObligationPeriodIncreaseDecrease' xlink:to='loc_DefinedBenefitPlanOtherChanges' xlink:type='arc' />
    <link:calculationArc order='10' weight='1.0' xlink:arcrole='https://xbrl.org/2023/arcrole/summation-item' xlink:from='loc_DefinedBenefitPlanFairValueOfPlanAssetsPeriodIncreaseDecrease' xlink:to='loc_DefinedBenefitPlanActualReturnOnPlanAssets' xlink:type='arc' />
    <link:calculationArc order='20' weight='1.0' xlink:arcrole='https://xbrl.org/2023/arcrole/summation-item' xlink:from='loc_DefinedBenefitPlanFairValueOfPlanAssetsPeriodIncreaseDecrease' xlink:to='loc_DefinedBenefitPlanContributionsByEmployer' xlink:type='arc' />
    <link:calculationArc order='30' weight='1.0' xlink:arcrole='https://xbrl.org/2023/arcrole/summation-item' xlink:from='loc_DefinedBenefitPlanFairValueOfPlanAssetsPeriodIncreaseDecrease' xlink:to='loc_DefinedBenefitPlanPlanAssetsContributionsByPlanParticipant' xlink:type='arc' />
    <link:calculationArc order='40' weight='-1.0' xlink:arcrole='https://xbrl.org/2023/arcrole/summation-item' xlink:from='loc_DefinedBenefitPlanFairValueOfPlanAssetsPeriodIncreaseDecrease' xlink:to='loc_DefinedBenefitPlanPlanAssetsBenefitsPaid' xlink:type='arc' />
    <link:calculationArc order='50' weight='1.0' xlink:arcrole='https://xbrl.org/2023/arcrole/summation-item' xlink:from='loc_DefinedBenefitPlanFairValueOfPlanAssetsPeriodIncreaseDecrease' xlink:to='loc_DefinedBenefitPlanPlanAssetsPrescriptionDrugSubsidyReceipt' xlink:type='arc' />
    <link:calculationArc order='60' weight='1.0' xlink:arcrole='https://xbrl.org/2023/arcrole/summation-item' xlink:from='loc_DefinedBenefitPlanFairValueOfPlanAssetsPeriodIncreaseDecrease' xlink:to='loc_DefinedBenefitPlanBusinessCombinationsAndAcquisitionsPlanAssets' xlink:type='arc' />
    <link:calculationArc order='70' weight='-1.0' xlink:arcrole='https://xbrl.org/2023/arcrole/summation-item' xlink:from='loc_DefinedBenefitPlanFairValueOfPlanAssetsPeriodIncreaseDecrease' xlink:to='loc_DefinedBenefitPlanDivestituresPlanAssets' xlink:type='arc' />
    <link:calculationArc order='80' weight='-1.0' xlink:arcrole='https://xbrl.org/2023/arcrole/summation-item' xlink:from='loc_DefinedBenefitPlanFairValueOfPlanAssetsPeriodIncreaseDecrease' xlink:to='loc_DefinedBenefitPlanSettlementsPlanAssets' xlink:type='arc' />
    <link:calculationArc order='90' weight='1.0' xlink:arcrole='https://xbrl.org/2023/arcrole/summation-item' xlink:from='loc_DefinedBenefitPlanFairValueOfPlanAssetsPeriodIncreaseDecrease' xlink:to='loc_DefinedBenefitPlanPlanAssetsForeignCurrencyTranslationGainLoss' xlink:type='arc' />
    <link:calculationArc order='100' weight='-1.0' xlink:arcrole='https://xbrl.org/2023/arcrole/summation-item' xlink:from='loc_DefinedBenefitPlanFairValueOfPlanAssetsPeriodIncreaseDecrease' xlink:to='loc_DefinedBenefitPlanAdministrationExpenses' xlink:type='arc' />
    <link:calculationArc order='110' weight='1.0' xlink:arcrole='https://xbrl.org/2023/arcrole/summation-item' xlink:from='loc_DefinedBenefitPlanFairValueOfPlanAssetsPeriodIncreaseDecrease' xlink:to='loc_DefinedBenefitPlanAssetsTransferredToFromPlan' xlink:type='arc' />
    <link:calculationArc order='10' weight='-1.0' xlink:arcrole='https://xbrl.org/2023/arcrole/summation-item' xlink:from='loc_DefinedBenefitPlanAccumulatedOtherComprehensiveIncomeBeforeTax' xlink:to='loc_DefinedBenefitPlanAccumulatedOtherComprehensiveIncomeNetGainsLossesBeforeTax' xlink:type='arc' />
    <link:calculationArc order='20' weight='1.0' xlink:arcrole='https://xbrl.org/2023/arcrole/summation-item' xlink:from='loc_DefinedBenefitPlanAccumulatedOtherComprehensiveIncomeBeforeTax' xlink:to='loc_DefinedBenefitPlanAccumulatedOtherComprehensiveIncomeNetPriorServiceCostCreditBeforeTax' xlink:type='arc' />
    <link:calculationArc order='30' weight='-1.0' xlink:arcrole='https://xbrl.org/2023/arcrole/summation-item' xlink:from='loc_DefinedBenefitPlanAccumulatedOtherComprehensiveIncomeBeforeTax' xlink:to='loc_DefinedBenefitPlanAccumulatedOtherComprehensiveIncomeNetTransitionAssetsObligationsBeforeTax' xlink:type='arc' />
    <link:calculationArc order='10' weight='1.0' xlink:arcrole='https://xbrl.org/2023/arcrole/summation-item' xlink:from='loc_DefinedBenefitPlanChangeInFairValueOfPlanAssetsLevel3ReconciliationPeriodIncreaseDecrease' xlink:to='loc_DefinedBenefitPlanActualReturnOnPlanAssetsStillHeld' xlink:type='arc' />
    <link:calculationArc order='20' weight='1.0' xlink:arcrole='https://xbrl.org/2023/arcrole/summation-item' xlink:from='loc_DefinedBenefitPlanChangeInFairValueOfPlanAssetsLevel3ReconciliationPeriodIncreaseDecrease' xlink:to='loc_DefinedBenefitPlanActualReturnOnPlanAssetsSoldDuringPeriod' xlink:type='arc' />
    <link:calculationArc order='30' weight='1.0' xlink:arcrole='https://xbrl.org/2023/arcrole/summation-item' xlink:from='loc_DefinedBenefitPlanChangeInFairValueOfPlanAssetsLevel3ReconciliationPeriodIncreaseDecrease' xlink:to='loc_DefinedBenefitPlanTransfersBetweenMeasurementLevels' xlink:type='arc' />
    <link:calculationArc order='40' weight='1.0' xlink:arcrole='https://xbrl.org/2023/arcrole/summation-item' xlink:from='loc_DefinedBenefitPlanChangeInFairValueOfPlanAssetsLevel3ReconciliationPeriodIncreaseDecrease' xlink:to='loc_DefinedBenefitPlanPurchasesSalesAndSettlements' xlink:type='arc' />
    <link:calculationArc order='10' weight='1.0' xlink:arcrole='https://xbrl.org/2023/arcrole/summation-item' xlink:from='loc_DefinedBenefitPlanPurchasesSalesAndSettlements' xlink:to='loc_DefinedBenefitPlanPlanAssetsLevel3ReconciliationIncreaseForPurchase' xlink:type='arc' />
    <link:calculationArc order='20' weight='-1.0' xlink:arcrole='https://xbrl.org/2023/arcrole/summation-item' xlink:from='loc_DefinedBenefitPlanPurchasesSalesAndSettlements' xlink:to='loc_DefinedBenefitPlanPlanAssetsLevel3ReconciliationDecreaseForSale' xlink:type='arc' />
    <link:calculationArc order='30' weight='-1.0' xlink:arcrole='https://xbrl.org/2023/arcrole/summation-item' xlink:from='loc_DefinedBenefitPlanPurchasesSalesAndSettlements' xlink:to='loc_DefinedBenefitPlanPlanAssetsLevel3ReconciliationDecreaseForSettlement' xlink:type='arc' />
    <link:calculationArc order='10' weight='1.0' xlink:arcrole='https://xbrl.org/2023/arcrole/summation-item' xlink:from='loc_AmountRecognizedInNetPeriodicBenefitCostAndOtherComprehensiveIncomeLossBeforeTax' xlink:to='loc_DefinedBenefitPlanNetPeriodicBenefitCost' xlink:type='arc' />
    <link:calculationArc order='10' weight='1.0' xlink:arcrole='https://xbrl.org/2023/arcrole/summation-item' xlink:from='loc_DefinedBenefitPlanNetPeriodicBenefitCost' xlink:to='loc_DefinedBenefitPlanServiceCost' xlink:type='arc' />
    <link:calculationArc order='20' weight='1.0' xlink:arcrole='https://xbrl.org/2023/arcrole/summation-item' xlink:from='loc_DefinedBenefitPlanNetPeriodicBenefitCost' xlink:to='loc_NetPeriodicDefinedBenefitsExpenseReversalOfExpenseExcludingServiceCostComponent' xlink:type='arc' />
    <link:calculationArc order='10' weight='1.0' xlink:arcrole='https://xbrl.org/2023/arcrole/summation-item' xlink:from='loc_NetPeriodicDefinedBenefitsExpenseReversalOfExpenseExcludingServiceCostComponent' xlink:to='loc_DefinedBenefitPlanInterestCost' xlink:type='arc' />
    <link:calculationArc order='20' weight='-1.0' xlink:arcrole='https://xbrl.org/2023/arcrole/summation-item' xlink:from='loc_NetPeriodicDefinedBenefitsExpenseReversalOfExpenseExcludingServiceCostComponent' xlink:to='loc_DefinedBenefitPlanExpectedReturnOnPlanAssets' xlink:type='arc' />
    <link:calculationArc order='30' weight='-1.0' xlink:arcrole='https://xbrl.org/2023/arcrole/summation-item' xlink:from='loc_NetPeriodicDefinedBenefitsExpenseReversalOfExpenseExcludingServiceCostComponent' xlink:to='loc_DefinedBenefitPlanRecognizedNetGainLossDueToSettlementsAndCurtailments1' xlink:type='arc' />
    <link:calculationArc order='10' weight='1.0' xlink:arcrole='https://xbrl.org/2023/arcrole/summation-item' xlink:from='loc_DefinedBenefitPlanRecognizedNetGainLossDueToSettlementsAndCurtailments1' xlink:to='loc_DefinedBenefitPlanRecognizedNetGainLossDueToSettlements1' xlink:type='arc' />
    <link:calculationArc order='20' weight='1.0' xlink:arcrole='https://xbrl.org/2023/arcrole/summation-item' xlink:from='loc_DefinedBenefitPlanRecognizedNetGainLossDueToSettlementsAndCurtailments1' xlink:to='loc_DefinedBenefitPlanRecognizedNetGainLossDueToCurtailments' xlink:type='arc' />
    <link:calculationArc order='40' weight='-1.0' xlink:arcrole='https://xbrl.org/2023/arcrole/summation-item' xlink:from='loc_NetPeriodicDefinedBenefitsExpenseReversalOfExpenseExcludingServiceCostComponent' xlink:to='loc_DefinedBenefitPlanAmortizationOfGainsLosses' xlink:type='arc' />
    <link:calculationArc order='50' weight='-1.0' xlink:arcrole='https://xbrl.org/2023/arcrole/summation-item' xlink:from='loc_NetPeriodicDefinedBenefitsExpenseReversalOfExpenseExcludingServiceCostComponent' xlink:to='loc_DefinedBenefitPlanAmortizationOfTransitionAssetObligation' xlink:type='arc' />
    <link:calculationArc order='60' weight='1.0' xlink:arcrole='https://xbrl.org/2023/arcrole/summation-item' xlink:from='loc_NetPeriodicDefinedBenefitsExpenseReversalOfExpenseExcludingServiceCostComponent' xlink:to='loc_DefinedBenefitPlanAmortizationOfPriorServiceCostCredit' xlink:type='arc' />
    <link:calculationArc order='70' weight='1.0' xlink:arcrole='https://xbrl.org/2023/arcrole/summation-item' xlink:from='loc_NetPeriodicDefinedBenefitsExpenseReversalOfExpenseExcludingServiceCostComponent' xlink:to='loc_DefinedBenefitPlanOtherCosts' xlink:type='arc' />
    <link:calculationArc order='20' weight='1.0' xlink:arcrole='https://xbrl.org/2023/arcrole/summation-item' xlink:from='loc_AmountRecognizedInNetPeriodicBenefitCostAndOtherComprehensiveIncomeLossBeforeTax' xlink:to='loc_OtherComprehensiveIncomeLossPensionAndOtherPostretirementBenefitPlansAdjustmentBeforeTax' xlink:type='arc' />
    <link:calculationArc order='10' weight='1.0' xlink:arcrole='https://xbrl.org/2023/arcrole/summation-item' xlink:from='loc_DefinedBenefitPlanAmountsRecognizedInBalanceSheet' xlink:to='loc_DefinedBenefitPlanAssetsForPlanBenefitsNoncurrent' xlink:type='arc' />
    <link:calculationArc order='20' weight='-1.0' xlink:arcrole='https://xbrl.org/2023/arcrole/summation-item' xlink:from='loc_DefinedBenefitPlanAmountsRecognizedInBalanceSheet' xlink:to='loc_PensionAndOtherPostretirementDefinedBenefitPlansLiabilitiesCurrentAndNoncurrent' xlink:type='arc' />
    <link:calculationArc order='10' weight='1.0' xlink:arcrole='https://xbrl.org/2023/arcrole/summation-item' xlink:from='loc_PensionAndOtherPostretirementDefinedBenefitPlansLiabilitiesCurrentAndNoncurrent' xlink:to='loc_PensionAndOtherPostretirementDefinedBenefitPlansCurrentLiabilities' xlink:type='arc' />
    <link:calculationArc order='20' weight='1.0' xlink:arcrole='https://xbrl.org/2023/arcrole/summation-item' xlink:from='loc_PensionAndOtherPostretirementDefinedBenefitPlansLiabilitiesCurrentAndNoncurrent' xlink:to='loc_PensionAndOtherPostretirementDefinedBenefitPlansLiabilitiesNoncurrent' xlink:type='arc' />
    <link:calculationArc order='10' weight='1.0' xlink:arcrole='https://xbrl.org/2023/arcrole/summation-item' xlink:from='loc_PensionAndOtherPostretirementBenefitExpense' xlink:to='loc_DefinedBenefitPlanNetPeriodicBenefitCost' xlink:type='arc' />
    <link:calculationArc order='20' weight='1.0' xlink:arcrole='https://xbrl.org/2023/arcrole/summation-item' xlink:from='loc_PensionAndOtherPostretirementBenefitExpense' xlink:to='loc_DefinedContributionPlanCostRecognized' xlink:type='arc' />
    <link:calculationArc order='30' weight='1.0' xlink:arcrole='https://xbrl.org/2023/arcrole/summation-item' xlink:from='loc_PensionAndOtherPostretirementBenefitExpense' xlink:to='loc_MultiemployerPlanEmployerContributionCost' xlink:type='arc' />
    <link:calculationArc order='10' weight='1.0' xlink:arcrole='https://xbrl.org/2023/arcrole/summation-item' xlink:from='loc_MultiemployerPlanEmployerContributionCost' xlink:to='loc_MultiemployerPlanPensionSignificantEmployerContributionCost' xlink:type='arc' />
    <link:calculationArc order='20' weight='1.0' xlink:arcrole='https://xbrl.org/2023/arcrole/summation-item' xlink:from='loc_MultiemployerPlanEmployerContributionCost' xlink:to='loc_MultiemployerPlanPensionInsignificantEmployerContributionCost' xlink:type='arc' />
    <link:calculationArc order='10' weight='-1.0' xlink:arcrole='https://xbrl.org/2023/arcrole/summation-item' xlink:from='loc_DefinedBenefitPlanExpectedAmortizationNextFiscalYear' xlink:to='loc_DefinedBenefitPlanExpectedAmortizationOfGainLossNextFiscalYear' xlink:type='arc' />
    <link:calculationArc order='20' weight='1.0' xlink:arcrole='https://xbrl.org/2023/arcrole/summation-item' xlink:from='loc_DefinedBenefitPlanExpectedAmortizationNextFiscalYear' xlink:to='loc_DefinedBenefitPlanExpectedAmortizationOfPriorServiceCostCreditNextFiscalYear' xlink:type='arc' />
    <link:calculationArc order='30' weight='-1.0' xlink:arcrole='https://xbrl.org/2023/arcrole/summation-item' xlink:from='loc_DefinedBenefitPlanExpectedAmortizationNextFiscalYear' xlink:to='loc_DefinedBenefitPlanExpectedAmortizationOfTransitionAssetObligationNextFiscalYear' xlink:type='arc' />
  </link:calculationLink>
</link:linkbase>
