<?xml version='1.0' encoding='UTF-8'?>

<!--
(c) 2010-2025 Financial Accounting Foundation; (c) 2007-2010 XBRL US, Inc.  All Rights Reserved.
Notice: Authorized Uses are Set Forth at https://xbrl.fasb.org/terms/TaxonomiesTermsConditions.html
  -->
<link:linkbase xmlns:link='http://www.xbrl.org/2003/linkbase' xmlns:xbrldt='http://xbrl.org/2005/xbrldt' xmlns:xlink='http://www.w3.org/1999/xlink' xmlns:xsi='http://www.w3.org/2001/XMLSchema-instance' xsi:schemaLocation='http://www.xbrl.org/2003/linkbase http://www.xbrl.org/2003/xbrl-linkbase-2003-12-31.xsd'>
  <link:roleRef roleURI='http://fasb.org/us-gaap/role/disclosure/ForeignOperationsAndCurrencyTranslationScheduleOfIntercompanyForeignCurrencyBalanceTable' xlink:href='../elts/us-roles-2025.xsd#ForeignOperationsAndCurrencyTranslationScheduleOfIntercompanyForeignCurrencyBalanceTable' xlink:type='simple' />
  <link:roleRef roleURI='http://fasb.org/us-gaap/role/disclosure/ForeignOperationsAndCurrencyTranslationScheduleOfDifferencesBetweenReportedAmountAndReportingCurrencyDenominatedAmountTable' xlink:href='../elts/us-roles-2025.xsd#ForeignOperationsAndCurrencyTranslationScheduleOfDifferencesBetweenReportedAmountAndReportingCurrencyDenominatedAmountTable' xlink:type='simple' />
  <link:arcroleRef arcroleURI='http://xbrl.org/int/dim/arcrole/all' xlink:href='http://www.xbrl.org/2005/xbrldt-2005.xsd#all' xlink:type='simple' />
  <link:arcroleRef arcroleURI='http://xbrl.org/int/dim/arcrole/hypercube-dimension' xlink:href='http://www.xbrl.org/2005/xbrldt-2005.xsd#hypercube-dimension' xlink:type='simple' />
  <link:arcroleRef arcroleURI='http://xbrl.org/int/dim/arcrole/dimension-domain' xlink:href='http://www.xbrl.org/2005/xbrldt-2005.xsd#dimension-domain' xlink:type='simple' />
  <link:arcroleRef arcroleURI='http://xbrl.org/int/dim/arcrole/dimension-default' xlink:href='http://www.xbrl.org/2005/xbrldt-2005.xsd#dimension-default' xlink:type='simple' />
  <link:arcroleRef arcroleURI='http://xbrl.org/int/dim/arcrole/domain-member' xlink:href='http://www.xbrl.org/2005/xbrldt-2005.xsd#domain-member' xlink:type='simple' />
  <link:definitionLink xlink:role='http://fasb.org/us-gaap/role/disclosure/ForeignOperationsAndCurrencyTranslationScheduleOfIntercompanyForeignCurrencyBalanceTable' xlink:type='extended'>
    <link:loc xlink:href='../elts/us-gaap-2025.xsd#us-gaap_ScheduleOfIntercompanyForeignCurrencyBalanceTable' xlink:label='loc_ScheduleOfIntercompanyForeignCurrencyBalanceTable' xlink:type='locator' />
    <link:loc xlink:href='../elts/us-gaap-2025.xsd#us-gaap_IntercompanyForeignCurrencyBalanceLineItems' xlink:label='loc_IntercompanyForeignCurrencyBalanceLineItems' xlink:type='locator' />
    <link:definitionArc order='1.0' xbrldt:closed='true' xbrldt:contextElement='segment' xlink:arcrole='http://xbrl.org/int/dim/arcrole/all' xlink:from='loc_IntercompanyForeignCurrencyBalanceLineItems' xlink:to='loc_ScheduleOfIntercompanyForeignCurrencyBalanceTable' xlink:type='arc' />
  </link:definitionLink>
  <link:definitionLink xlink:role='http://fasb.org/us-gaap/role/disclosure/ForeignOperationsAndCurrencyTranslationScheduleOfIntercompanyForeignCurrencyBalanceTable' xlink:type='extended'>
    <link:loc xlink:href='../elts/us-gaap-2025.xsd#us-gaap_ScheduleOfIntercompanyForeignCurrencyBalanceTable' xlink:label='loc_ScheduleOfIntercompanyForeignCurrencyBalanceTable' xlink:type='locator' />
    <link:loc xlink:href='../elts/us-gaap-2025.xsd#us-gaap_IntercompanyForeignCurrencyBalanceByDescriptionAxis' xlink:label='loc_IntercompanyForeignCurrencyBalanceByDescriptionAxis' xlink:type='locator' />
    <link:definitionArc order='1.0' xlink:arcrole='http://xbrl.org/int/dim/arcrole/hypercube-dimension' xlink:from='loc_ScheduleOfIntercompanyForeignCurrencyBalanceTable' xlink:to='loc_IntercompanyForeignCurrencyBalanceByDescriptionAxis' xlink:type='arc' />
  </link:definitionLink>
  <link:definitionLink xlink:role='http://fasb.org/us-gaap/role/disclosure/ForeignOperationsAndCurrencyTranslationScheduleOfIntercompanyForeignCurrencyBalanceTable' xlink:type='extended'>
    <link:loc xlink:href='../elts/us-gaap-2025.xsd#us-gaap_IntercompanyForeignCurrencyBalanceByDescriptionAxis' xlink:label='loc_IntercompanyForeignCurrencyBalanceByDescriptionAxis' xlink:type='locator' />
    <link:loc xlink:href='../elts/us-gaap-2025.xsd#us-gaap_IntercompanyForeignCurrencyBalanceNameDomain' xlink:label='loc_IntercompanyForeignCurrencyBalanceNameDomain' xlink:type='locator' />
    <link:definitionArc order='1.0' xlink:arcrole='http://xbrl.org/int/dim/arcrole/dimension-domain' xlink:from='loc_IntercompanyForeignCurrencyBalanceByDescriptionAxis' xlink:to='loc_IntercompanyForeignCurrencyBalanceNameDomain' xlink:type='arc' />
  </link:definitionLink>
  <link:definitionLink xlink:role='http://fasb.org/us-gaap/role/disclosure/ForeignOperationsAndCurrencyTranslationScheduleOfIntercompanyForeignCurrencyBalanceTable' xlink:type='extended'>
    <link:loc xlink:href='../elts/us-gaap-2025.xsd#us-gaap_IntercompanyForeignCurrencyBalanceByDescriptionAxis' xlink:label='loc_IntercompanyForeignCurrencyBalanceByDescriptionAxis' xlink:type='locator' />
    <link:loc xlink:href='../elts/us-gaap-2025.xsd#us-gaap_IntercompanyForeignCurrencyBalanceNameDomain' xlink:label='loc_IntercompanyForeignCurrencyBalanceNameDomain' xlink:type='locator' />
    <link:definitionArc order='1.0' xlink:arcrole='http://xbrl.org/int/dim/arcrole/dimension-default' xlink:from='loc_IntercompanyForeignCurrencyBalanceByDescriptionAxis' xlink:to='loc_IntercompanyForeignCurrencyBalanceNameDomain' xlink:type='arc' />
  </link:definitionLink>
  <link:definitionLink xlink:role='http://fasb.org/us-gaap/role/disclosure/ForeignOperationsAndCurrencyTranslationScheduleOfIntercompanyForeignCurrencyBalanceTable' xlink:type='extended'>
    <link:loc xlink:href='../elts/us-gaap-2025.xsd#us-gaap_IntercompanyForeignCurrencyBalanceLineItems' xlink:label='loc_IntercompanyForeignCurrencyBalanceLineItems' xlink:type='locator' />
    <link:loc xlink:href='../elts/us-gaap-2025.xsd#us-gaap_IntercompanyForeignCurrencyBalanceAmount' xlink:label='loc_IntercompanyForeignCurrencyBalanceAmount' xlink:type='locator' />
    <link:definitionArc order='1.0' xlink:arcrole='http://xbrl.org/int/dim/arcrole/domain-member' xlink:from='loc_IntercompanyForeignCurrencyBalanceLineItems' xlink:to='loc_IntercompanyForeignCurrencyBalanceAmount' xlink:type='arc' />
  </link:definitionLink>
  <link:definitionLink xlink:role='http://fasb.org/us-gaap/role/disclosure/ForeignOperationsAndCurrencyTranslationScheduleOfDifferencesBetweenReportedAmountAndReportingCurrencyDenominatedAmountTable' xlink:type='extended'>
    <link:loc xlink:href='../elts/us-gaap-2025.xsd#us-gaap_ScheduleOfDifferencesBetweenReportedAmountAndReportingCurrencyDenominatedAmountTable' xlink:label='loc_ScheduleOfDifferencesBetweenReportedAmountAndReportingCurrencyDenominatedAmountTable' xlink:type='locator' />
    <link:loc xlink:href='../elts/us-gaap-2025.xsd#us-gaap_FinancialStatementLineItemsWithDifferencesInReportedAmountAndReportingCurrencyDenominatedAmountsLineItems' xlink:label='loc_FinancialStatementLineItemsWithDifferencesInReportedAmountAndReportingCurrencyDenominatedAmountsLineItems' xlink:type='locator' />
    <link:definitionArc order='1.0' xbrldt:closed='true' xbrldt:contextElement='segment' xlink:arcrole='http://xbrl.org/int/dim/arcrole/all' xlink:from='loc_FinancialStatementLineItemsWithDifferencesInReportedAmountAndReportingCurrencyDenominatedAmountsLineItems' xlink:to='loc_ScheduleOfDifferencesBetweenReportedAmountAndReportingCurrencyDenominatedAmountTable' xlink:type='arc' />
  </link:definitionLink>
  <link:definitionLink xlink:role='http://fasb.org/us-gaap/role/disclosure/ForeignOperationsAndCurrencyTranslationScheduleOfDifferencesBetweenReportedAmountAndReportingCurrencyDenominatedAmountTable' xlink:type='extended'>
    <link:loc xlink:href='../elts/us-gaap-2025.xsd#us-gaap_ScheduleOfDifferencesBetweenReportedAmountAndReportingCurrencyDenominatedAmountTable' xlink:label='loc_ScheduleOfDifferencesBetweenReportedAmountAndReportingCurrencyDenominatedAmountTable' xlink:type='locator' />
    <link:loc xlink:href='../elts/us-gaap-2025.xsd#us-gaap_IncomeStatementLocationAxis' xlink:label='loc_IncomeStatementLocationAxis' xlink:type='locator' />
    <link:loc xlink:href='../elts/us-gaap-2025.xsd#us-gaap_OtherComprehensiveIncomeLocationAxis' xlink:label='loc_OtherComprehensiveIncomeLocationAxis' xlink:type='locator' />
    <link:loc xlink:href='../elts/us-gaap-2025.xsd#us-gaap_BalanceSheetLocationAxis' xlink:label='loc_BalanceSheetLocationAxis' xlink:type='locator' />
    <link:definitionArc order='1.0' xlink:arcrole='http://xbrl.org/int/dim/arcrole/hypercube-dimension' xlink:from='loc_ScheduleOfDifferencesBetweenReportedAmountAndReportingCurrencyDenominatedAmountTable' xlink:to='loc_IncomeStatementLocationAxis' xlink:type='arc' />
    <link:definitionArc order='2.0' xlink:arcrole='http://xbrl.org/int/dim/arcrole/hypercube-dimension' xlink:from='loc_ScheduleOfDifferencesBetweenReportedAmountAndReportingCurrencyDenominatedAmountTable' xlink:to='loc_OtherComprehensiveIncomeLocationAxis' xlink:type='arc' />
    <link:definitionArc order='3.0' xlink:arcrole='http://xbrl.org/int/dim/arcrole/hypercube-dimension' xlink:from='loc_ScheduleOfDifferencesBetweenReportedAmountAndReportingCurrencyDenominatedAmountTable' xlink:to='loc_BalanceSheetLocationAxis' xlink:type='arc' />
  </link:definitionLink>
  <link:definitionLink xlink:role='http://fasb.org/us-gaap/role/disclosure/ForeignOperationsAndCurrencyTranslationScheduleOfDifferencesBetweenReportedAmountAndReportingCurrencyDenominatedAmountTable' xlink:type='extended'>
    <link:loc xlink:href='../elts/us-gaap-2025.xsd#us-gaap_IncomeStatementLocationAxis' xlink:label='loc_IncomeStatementLocationAxis' xlink:type='locator' />
    <link:loc xlink:href='../elts/us-gaap-2025.xsd#us-gaap_IncomeStatementLocationDomain' xlink:label='loc_IncomeStatementLocationDomain' xlink:type='locator' />
    <link:loc xlink:href='../elts/us-gaap-2025.xsd#us-gaap_OtherComprehensiveIncomeLocationAxis' xlink:label='loc_OtherComprehensiveIncomeLocationAxis' xlink:type='locator' />
    <link:loc xlink:href='../elts/us-gaap-2025.xsd#us-gaap_OtherComprehensiveIncomeLocationDomain' xlink:label='loc_OtherComprehensiveIncomeLocationDomain' xlink:type='locator' />
    <link:loc xlink:href='../elts/us-gaap-2025.xsd#us-gaap_BalanceSheetLocationAxis' xlink:label='loc_BalanceSheetLocationAxis' xlink:type='locator' />
    <link:loc xlink:href='../elts/us-gaap-2025.xsd#us-gaap_BalanceSheetLocationDomain' xlink:label='loc_BalanceSheetLocationDomain' xlink:type='locator' />
    <link:definitionArc order='1.0' xlink:arcrole='http://xbrl.org/int/dim/arcrole/dimension-domain' xlink:from='loc_IncomeStatementLocationAxis' xlink:to='loc_IncomeStatementLocationDomain' xlink:type='arc' />
    <link:definitionArc order='2.0' xlink:arcrole='http://xbrl.org/int/dim/arcrole/dimension-domain' xlink:from='loc_OtherComprehensiveIncomeLocationAxis' xlink:to='loc_OtherComprehensiveIncomeLocationDomain' xlink:type='arc' />
    <link:definitionArc order='3.0' xlink:arcrole='http://xbrl.org/int/dim/arcrole/dimension-domain' xlink:from='loc_BalanceSheetLocationAxis' xlink:to='loc_BalanceSheetLocationDomain' xlink:type='arc' />
  </link:definitionLink>
  <link:definitionLink xlink:role='http://fasb.org/us-gaap/role/disclosure/ForeignOperationsAndCurrencyTranslationScheduleOfDifferencesBetweenReportedAmountAndReportingCurrencyDenominatedAmountTable' xlink:type='extended'>
    <link:loc xlink:href='../elts/us-gaap-2025.xsd#us-gaap_IncomeStatementLocationAxis' xlink:label='loc_IncomeStatementLocationAxis' xlink:type='locator' />
    <link:loc xlink:href='../elts/us-gaap-2025.xsd#us-gaap_IncomeStatementLocationDomain' xlink:label='loc_IncomeStatementLocationDomain' xlink:type='locator' />
    <link:loc xlink:href='../elts/us-gaap-2025.xsd#us-gaap_OtherComprehensiveIncomeLocationAxis' xlink:label='loc_OtherComprehensiveIncomeLocationAxis' xlink:type='locator' />
    <link:loc xlink:href='../elts/us-gaap-2025.xsd#us-gaap_OtherComprehensiveIncomeLocationDomain' xlink:label='loc_OtherComprehensiveIncomeLocationDomain' xlink:type='locator' />
    <link:loc xlink:href='../elts/us-gaap-2025.xsd#us-gaap_BalanceSheetLocationAxis' xlink:label='loc_BalanceSheetLocationAxis' xlink:type='locator' />
    <link:loc xlink:href='../elts/us-gaap-2025.xsd#us-gaap_BalanceSheetLocationDomain' xlink:label='loc_BalanceSheetLocationDomain' xlink:type='locator' />
    <link:definitionArc order='1.0' xlink:arcrole='http://xbrl.org/int/dim/arcrole/dimension-default' xlink:from='loc_IncomeStatementLocationAxis' xlink:to='loc_IncomeStatementLocationDomain' xlink:type='arc' />
    <link:definitionArc order='2.0' xlink:arcrole='http://xbrl.org/int/dim/arcrole/dimension-default' xlink:from='loc_OtherComprehensiveIncomeLocationAxis' xlink:to='loc_OtherComprehensiveIncomeLocationDomain' xlink:type='arc' />
    <link:definitionArc order='3.0' xlink:arcrole='http://xbrl.org/int/dim/arcrole/dimension-default' xlink:from='loc_BalanceSheetLocationAxis' xlink:to='loc_BalanceSheetLocationDomain' xlink:type='arc' />
  </link:definitionLink>
  <link:definitionLink xlink:role='http://fasb.org/us-gaap/role/disclosure/ForeignOperationsAndCurrencyTranslationScheduleOfDifferencesBetweenReportedAmountAndReportingCurrencyDenominatedAmountTable' xlink:type='extended'>
    <link:loc xlink:href='../elts/us-gaap-2025.xsd#us-gaap_FinancialStatementLineItemsWithDifferencesInReportedAmountAndReportingCurrencyDenominatedAmountsLineItems' xlink:label='loc_FinancialStatementLineItemsWithDifferencesInReportedAmountAndReportingCurrencyDenominatedAmountsLineItems' xlink:type='locator' />
    <link:loc xlink:href='../elts/us-gaap-2025.xsd#us-gaap_AssetReportingCurrencyDenominatedValue' xlink:label='loc_AssetReportingCurrencyDenominatedValue' xlink:type='locator' />
    <link:loc xlink:href='../elts/us-gaap-2025.xsd#us-gaap_LiabilityReportingCurrencyDenominatedValue' xlink:label='loc_LiabilityReportingCurrencyDenominatedValue' xlink:type='locator' />
    <link:loc xlink:href='../elts/us-gaap-2025.xsd#us-gaap_RevenuesAndGainsReportingCurrencyDenominatedValue' xlink:label='loc_RevenuesAndGainsReportingCurrencyDenominatedValue' xlink:type='locator' />
    <link:loc xlink:href='../elts/us-gaap-2025.xsd#us-gaap_ExpensesAndLossesReportingCurrencyDenominatedValue' xlink:label='loc_ExpensesAndLossesReportingCurrencyDenominatedValue' xlink:type='locator' />
    <link:loc xlink:href='../elts/us-gaap-2025.xsd#us-gaap_DifferenceBetweenReportedAmountAndReportingCurrencyDenominatedAmountValue' xlink:label='loc_DifferenceBetweenReportedAmountAndReportingCurrencyDenominatedAmountValue' xlink:type='locator' />
    <link:loc xlink:href='../elts/us-gaap-2025.xsd#us-gaap_AmountRecognizedInIncomeDueToInflationaryAccounting' xlink:label='loc_AmountRecognizedInIncomeDueToInflationaryAccounting' xlink:type='locator' />
    <link:definitionArc order='1.0' xlink:arcrole='http://xbrl.org/int/dim/arcrole/domain-member' xlink:from='loc_FinancialStatementLineItemsWithDifferencesInReportedAmountAndReportingCurrencyDenominatedAmountsLineItems' xlink:to='loc_AssetReportingCurrencyDenominatedValue' xlink:type='arc' />
    <link:definitionArc order='2.0' xlink:arcrole='http://xbrl.org/int/dim/arcrole/domain-member' xlink:from='loc_FinancialStatementLineItemsWithDifferencesInReportedAmountAndReportingCurrencyDenominatedAmountsLineItems' xlink:to='loc_LiabilityReportingCurrencyDenominatedValue' xlink:type='arc' />
    <link:definitionArc order='3.0' xlink:arcrole='http://xbrl.org/int/dim/arcrole/domain-member' xlink:from='loc_FinancialStatementLineItemsWithDifferencesInReportedAmountAndReportingCurrencyDenominatedAmountsLineItems' xlink:to='loc_RevenuesAndGainsReportingCurrencyDenominatedValue' xlink:type='arc' />
    <link:definitionArc order='4.0' xlink:arcrole='http://xbrl.org/int/dim/arcrole/domain-member' xlink:from='loc_FinancialStatementLineItemsWithDifferencesInReportedAmountAndReportingCurrencyDenominatedAmountsLineItems' xlink:to='loc_ExpensesAndLossesReportingCurrencyDenominatedValue' xlink:type='arc' />
    <link:definitionArc order='5.0' xlink:arcrole='http://xbrl.org/int/dim/arcrole/domain-member' xlink:from='loc_FinancialStatementLineItemsWithDifferencesInReportedAmountAndReportingCurrencyDenominatedAmountsLineItems' xlink:to='loc_DifferenceBetweenReportedAmountAndReportingCurrencyDenominatedAmountValue' xlink:type='arc' />
    <link:definitionArc order='6.0' xlink:arcrole='http://xbrl.org/int/dim/arcrole/domain-member' xlink:from='loc_FinancialStatementLineItemsWithDifferencesInReportedAmountAndReportingCurrencyDenominatedAmountsLineItems' xlink:to='loc_AmountRecognizedInIncomeDueToInflationaryAccounting' xlink:type='arc' />
  </link:definitionLink>
  <link:definitionLink xlink:role='http://fasb.org/us-gaap/role/disclosure/ForeignOperationsAndCurrencyTranslationScheduleOfDifferencesBetweenReportedAmountAndReportingCurrencyDenominatedAmountTable' xlink:type='extended'>
    <link:loc xlink:href='../elts/us-gaap-2025.xsd#us-gaap_IncomeStatementLocationDomain' xlink:label='loc_IncomeStatementLocationDomain' xlink:type='locator' />
    <link:loc xlink:href='../elts/us-gaap-2025.xsd#us-gaap_SalesMember' xlink:label='loc_SalesMember' xlink:type='locator' />
    <link:loc xlink:href='../elts/us-gaap-2025.xsd#us-gaap_TradingRevenueMember' xlink:label='loc_TradingRevenueMember' xlink:type='locator' />
    <link:loc xlink:href='../elts/us-gaap-2025.xsd#us-gaap_CostOfSalesMember' xlink:label='loc_CostOfSalesMember' xlink:type='locator' />
    <link:loc xlink:href='../elts/us-gaap-2025.xsd#us-gaap_PrincipalOrProprietaryTransactionsMember' xlink:label='loc_PrincipalOrProprietaryTransactionsMember' xlink:type='locator' />
    <link:loc xlink:href='../elts/us-gaap-2025.xsd#us-gaap_AssetManagementIncomeMember' xlink:label='loc_AssetManagementIncomeMember' xlink:type='locator' />
    <link:loc xlink:href='../elts/us-gaap-2025.xsd#us-gaap_OtherIncomeMember' xlink:label='loc_OtherIncomeMember' xlink:type='locator' />
    <link:loc xlink:href='../elts/us-gaap-2025.xsd#us-gaap_InterestIncomeMember' xlink:label='loc_InterestIncomeMember' xlink:type='locator' />
    <link:loc xlink:href='../elts/us-gaap-2025.xsd#us-gaap_InvestmentIncomeMember' xlink:label='loc_InvestmentIncomeMember' xlink:type='locator' />
    <link:loc xlink:href='../elts/us-gaap-2025.xsd#us-gaap_OperatingIncomeLossMember' xlink:label='loc_OperatingIncomeLossMember' xlink:type='locator' />
    <link:loc xlink:href='../elts/us-gaap-2025.xsd#us-gaap_OtherOperatingIncomeExpenseMember' xlink:label='loc_OtherOperatingIncomeExpenseMember' xlink:type='locator' />
    <link:loc xlink:href='../elts/us-gaap-2025.xsd#us-gaap_InterestExpenseMember' xlink:label='loc_InterestExpenseMember' xlink:type='locator' />
    <link:loc xlink:href='../elts/us-gaap-2025.xsd#us-gaap_OperatingExpenseMember' xlink:label='loc_OperatingExpenseMember' xlink:type='locator' />
    <link:loc xlink:href='../elts/us-gaap-2025.xsd#us-gaap_OtherExpenseMember' xlink:label='loc_OtherExpenseMember' xlink:type='locator' />
    <link:loc xlink:href='../elts/us-gaap-2025.xsd#us-gaap_GainLossOnDerivativeInstrumentsMember' xlink:label='loc_GainLossOnDerivativeInstrumentsMember' xlink:type='locator' />
    <link:loc xlink:href='../elts/us-gaap-2025.xsd#us-gaap_GainLossOnInvestmentsMember1' xlink:label='loc_GainLossOnInvestmentsMember1' xlink:type='locator' />
    <link:loc xlink:href='../elts/us-gaap-2025.xsd#us-gaap_InvestmentIncomeExpenseMember' xlink:label='loc_InvestmentIncomeExpenseMember' xlink:type='locator' />
    <link:loc xlink:href='../elts/us-gaap-2025.xsd#us-gaap_NonoperatingIncomeExpenseMember' xlink:label='loc_NonoperatingIncomeExpenseMember' xlink:type='locator' />
    <link:loc xlink:href='../elts/us-gaap-2025.xsd#us-gaap_OtherNonoperatingIncomeExpenseMember' xlink:label='loc_OtherNonoperatingIncomeExpenseMember' xlink:type='locator' />
    <link:loc xlink:href='../elts/us-gaap-2025.xsd#us-gaap_ForeignCurrencyGainLossMember' xlink:label='loc_ForeignCurrencyGainLossMember' xlink:type='locator' />
    <link:loc xlink:href='../elts/us-gaap-2025.xsd#us-gaap_SaleOfSubsidiaryGainLossMember' xlink:label='loc_SaleOfSubsidiaryGainLossMember' xlink:type='locator' />
    <link:loc xlink:href='../elts/us-gaap-2025.xsd#us-gaap_SellingGeneralAndAdministrativeExpensesMember' xlink:label='loc_SellingGeneralAndAdministrativeExpensesMember' xlink:type='locator' />
    <link:loc xlink:href='../elts/us-gaap-2025.xsd#us-gaap_SellingAndMarketingExpenseMember' xlink:label='loc_SellingAndMarketingExpenseMember' xlink:type='locator' />
    <link:loc xlink:href='../elts/us-gaap-2025.xsd#us-gaap_GeneralAndAdministrativeExpenseMember' xlink:label='loc_GeneralAndAdministrativeExpenseMember' xlink:type='locator' />
    <link:loc xlink:href='../elts/us-gaap-2025.xsd#us-gaap_OtherComprehensiveIncomeLocationDomain' xlink:label='loc_OtherComprehensiveIncomeLocationDomain' xlink:type='locator' />
    <link:loc xlink:href='../elts/us-gaap-2025.xsd#us-gaap_OtherComprehensiveIncomeMember' xlink:label='loc_OtherComprehensiveIncomeMember' xlink:type='locator' />
    <link:loc xlink:href='../elts/us-gaap-2025.xsd#us-gaap_BalanceSheetLocationDomain' xlink:label='loc_BalanceSheetLocationDomain' xlink:type='locator' />
    <link:loc xlink:href='../elts/us-gaap-2025.xsd#us-gaap_OtherAssetsMember' xlink:label='loc_OtherAssetsMember' xlink:type='locator' />
    <link:loc xlink:href='../elts/us-gaap-2025.xsd#us-gaap_OtherCurrentAssetsMember' xlink:label='loc_OtherCurrentAssetsMember' xlink:type='locator' />
    <link:loc xlink:href='../elts/us-gaap-2025.xsd#us-gaap_OtherNoncurrentAssetsMember' xlink:label='loc_OtherNoncurrentAssetsMember' xlink:type='locator' />
    <link:loc xlink:href='../elts/us-gaap-2025.xsd#us-gaap_OtherLiabilitiesMember' xlink:label='loc_OtherLiabilitiesMember' xlink:type='locator' />
    <link:loc xlink:href='../elts/us-gaap-2025.xsd#us-gaap_OtherCurrentLiabilitiesMember' xlink:label='loc_OtherCurrentLiabilitiesMember' xlink:type='locator' />
    <link:loc xlink:href='../elts/us-gaap-2025.xsd#us-gaap_OtherNoncurrentLiabilitiesMember' xlink:label='loc_OtherNoncurrentLiabilitiesMember' xlink:type='locator' />
    <link:loc xlink:href='../elts/us-gaap-2025.xsd#us-gaap_OtherInvestmentsMember' xlink:label='loc_OtherInvestmentsMember' xlink:type='locator' />
    <link:loc xlink:href='../elts/us-gaap-2025.xsd#us-gaap_ContractHolderFundsMember' xlink:label='loc_ContractHolderFundsMember' xlink:type='locator' />
    <link:loc xlink:href='../elts/us-gaap-2025.xsd#us-gaap_AccountsPayableAndAccruedLiabilitiesMember' xlink:label='loc_AccountsPayableAndAccruedLiabilitiesMember' xlink:type='locator' />
    <link:loc xlink:href='../elts/us-gaap-2025.xsd#us-gaap_PrepaidExpensesAndOtherCurrentAssetsMember' xlink:label='loc_PrepaidExpensesAndOtherCurrentAssetsMember' xlink:type='locator' />
    <link:definitionArc order='1.0' xlink:arcrole='http://xbrl.org/int/dim/arcrole/domain-member' xlink:from='loc_IncomeStatementLocationDomain' xlink:to='loc_SalesMember' xlink:type='arc' />
    <link:definitionArc order='2.0' xlink:arcrole='http://xbrl.org/int/dim/arcrole/domain-member' xlink:from='loc_IncomeStatementLocationDomain' xlink:to='loc_TradingRevenueMember' xlink:type='arc' />
    <link:definitionArc order='3.0' xlink:arcrole='http://xbrl.org/int/dim/arcrole/domain-member' xlink:from='loc_IncomeStatementLocationDomain' xlink:to='loc_CostOfSalesMember' xlink:type='arc' />
    <link:definitionArc order='4.0' xlink:arcrole='http://xbrl.org/int/dim/arcrole/domain-member' xlink:from='loc_IncomeStatementLocationDomain' xlink:to='loc_PrincipalOrProprietaryTransactionsMember' xlink:type='arc' />
    <link:definitionArc order='5.0' xlink:arcrole='http://xbrl.org/int/dim/arcrole/domain-member' xlink:from='loc_IncomeStatementLocationDomain' xlink:to='loc_AssetManagementIncomeMember' xlink:type='arc' />
    <link:definitionArc order='6.0' xlink:arcrole='http://xbrl.org/int/dim/arcrole/domain-member' xlink:from='loc_IncomeStatementLocationDomain' xlink:to='loc_OtherIncomeMember' xlink:type='arc' />
    <link:definitionArc order='7.0' xlink:arcrole='http://xbrl.org/int/dim/arcrole/domain-member' xlink:from='loc_IncomeStatementLocationDomain' xlink:to='loc_InterestIncomeMember' xlink:type='arc' />
    <link:definitionArc order='8.0' xlink:arcrole='http://xbrl.org/int/dim/arcrole/domain-member' xlink:from='loc_IncomeStatementLocationDomain' xlink:to='loc_InvestmentIncomeMember' xlink:type='arc' />
    <link:definitionArc order='9.0' xlink:arcrole='http://xbrl.org/int/dim/arcrole/domain-member' xlink:from='loc_IncomeStatementLocationDomain' xlink:to='loc_OperatingIncomeLossMember' xlink:type='arc' />
    <link:definitionArc order='10.0' xlink:arcrole='http://xbrl.org/int/dim/arcrole/domain-member' xlink:from='loc_IncomeStatementLocationDomain' xlink:to='loc_OtherOperatingIncomeExpenseMember' xlink:type='arc' />
    <link:definitionArc order='11.0' xlink:arcrole='http://xbrl.org/int/dim/arcrole/domain-member' xlink:from='loc_IncomeStatementLocationDomain' xlink:to='loc_InterestExpenseMember' xlink:type='arc' />
    <link:definitionArc order='12.0' xlink:arcrole='http://xbrl.org/int/dim/arcrole/domain-member' xlink:from='loc_IncomeStatementLocationDomain' xlink:to='loc_OperatingExpenseMember' xlink:type='arc' />
    <link:definitionArc order='13.0' xlink:arcrole='http://xbrl.org/int/dim/arcrole/domain-member' xlink:from='loc_IncomeStatementLocationDomain' xlink:to='loc_OtherExpenseMember' xlink:type='arc' />
    <link:definitionArc order='14.0' xlink:arcrole='http://xbrl.org/int/dim/arcrole/domain-member' xlink:from='loc_IncomeStatementLocationDomain' xlink:to='loc_GainLossOnDerivativeInstrumentsMember' xlink:type='arc' />
    <link:definitionArc order='15.0' xlink:arcrole='http://xbrl.org/int/dim/arcrole/domain-member' xlink:from='loc_IncomeStatementLocationDomain' xlink:to='loc_GainLossOnInvestmentsMember1' xlink:type='arc' />
    <link:definitionArc order='16.0' xlink:arcrole='http://xbrl.org/int/dim/arcrole/domain-member' xlink:from='loc_IncomeStatementLocationDomain' xlink:to='loc_InvestmentIncomeExpenseMember' xlink:type='arc' />
    <link:definitionArc order='17.0' xlink:arcrole='http://xbrl.org/int/dim/arcrole/domain-member' xlink:from='loc_IncomeStatementLocationDomain' xlink:to='loc_NonoperatingIncomeExpenseMember' xlink:type='arc' />
    <link:definitionArc order='18.0' xlink:arcrole='http://xbrl.org/int/dim/arcrole/domain-member' xlink:from='loc_IncomeStatementLocationDomain' xlink:to='loc_OtherNonoperatingIncomeExpenseMember' xlink:type='arc' />
    <link:definitionArc order='19.0' xlink:arcrole='http://xbrl.org/int/dim/arcrole/domain-member' xlink:from='loc_IncomeStatementLocationDomain' xlink:to='loc_ForeignCurrencyGainLossMember' xlink:type='arc' />
    <link:definitionArc order='20.0' xlink:arcrole='http://xbrl.org/int/dim/arcrole/domain-member' xlink:from='loc_IncomeStatementLocationDomain' xlink:to='loc_SaleOfSubsidiaryGainLossMember' xlink:type='arc' />
    <link:definitionArc order='21.0' xlink:arcrole='http://xbrl.org/int/dim/arcrole/domain-member' xlink:from='loc_IncomeStatementLocationDomain' xlink:to='loc_SellingGeneralAndAdministrativeExpensesMember' xlink:type='arc' />
    <link:definitionArc order='22.0' xlink:arcrole='http://xbrl.org/int/dim/arcrole/domain-member' xlink:from='loc_SellingGeneralAndAdministrativeExpensesMember' xlink:to='loc_SellingAndMarketingExpenseMember' xlink:type='arc' />
    <link:definitionArc order='23.0' xlink:arcrole='http://xbrl.org/int/dim/arcrole/domain-member' xlink:from='loc_SellingGeneralAndAdministrativeExpensesMember' xlink:to='loc_GeneralAndAdministrativeExpenseMember' xlink:type='arc' />
    <link:definitionArc order='24.0' xlink:arcrole='http://xbrl.org/int/dim/arcrole/domain-member' xlink:from='loc_OtherComprehensiveIncomeLocationDomain' xlink:to='loc_OtherComprehensiveIncomeMember' xlink:type='arc' />
    <link:definitionArc order='25.0' xlink:arcrole='http://xbrl.org/int/dim/arcrole/domain-member' xlink:from='loc_BalanceSheetLocationDomain' xlink:to='loc_OtherAssetsMember' xlink:type='arc' />
    <link:definitionArc order='26.0' xlink:arcrole='http://xbrl.org/int/dim/arcrole/domain-member' xlink:from='loc_OtherAssetsMember' xlink:to='loc_OtherCurrentAssetsMember' xlink:type='arc' />
    <link:definitionArc order='27.0' xlink:arcrole='http://xbrl.org/int/dim/arcrole/domain-member' xlink:from='loc_OtherAssetsMember' xlink:to='loc_OtherNoncurrentAssetsMember' xlink:type='arc' />
    <link:definitionArc order='28.0' xlink:arcrole='http://xbrl.org/int/dim/arcrole/domain-member' xlink:from='loc_BalanceSheetLocationDomain' xlink:to='loc_OtherLiabilitiesMember' xlink:type='arc' />
    <link:definitionArc order='29.0' xlink:arcrole='http://xbrl.org/int/dim/arcrole/domain-member' xlink:from='loc_OtherLiabilitiesMember' xlink:to='loc_OtherCurrentLiabilitiesMember' xlink:type='arc' />
    <link:definitionArc order='30.0' xlink:arcrole='http://xbrl.org/int/dim/arcrole/domain-member' xlink:from='loc_OtherLiabilitiesMember' xlink:to='loc_OtherNoncurrentLiabilitiesMember' xlink:type='arc' />
    <link:definitionArc order='31.0' xlink:arcrole='http://xbrl.org/int/dim/arcrole/domain-member' xlink:from='loc_BalanceSheetLocationDomain' xlink:to='loc_OtherInvestmentsMember' xlink:type='arc' />
    <link:definitionArc order='32.0' xlink:arcrole='http://xbrl.org/int/dim/arcrole/domain-member' xlink:from='loc_BalanceSheetLocationDomain' xlink:to='loc_ContractHolderFundsMember' xlink:type='arc' />
    <link:definitionArc order='33.0' xlink:arcrole='http://xbrl.org/int/dim/arcrole/domain-member' xlink:from='loc_BalanceSheetLocationDomain' xlink:to='loc_AccountsPayableAndAccruedLiabilitiesMember' xlink:type='arc' />
    <link:definitionArc order='34.0' xlink:arcrole='http://xbrl.org/int/dim/arcrole/domain-member' xlink:from='loc_BalanceSheetLocationDomain' xlink:to='loc_PrepaidExpensesAndOtherCurrentAssetsMember' xlink:type='arc' />
  </link:definitionLink>
</link:linkbase>
