<?xml version='1.0' encoding='UTF-8'?>

<!--
(c) 2010-2025 Financial Accounting Foundation; (c) 2007-2010 XBRL US, Inc.  All Rights Reserved.
Notice: Authorized Uses are Set Forth at https://xbrl.fasb.org/terms/TaxonomiesTermsConditions.html
  -->
<link:linkbase xmlns:link='http://www.xbrl.org/2003/linkbase' xmlns:xlink='http://www.w3.org/1999/xlink' xmlns:xsi='http://www.w3.org/2001/XMLSchema-instance' xsi:schemaLocation='http://www.xbrl.org/2003/linkbase http://www.xbrl.org/2003/xbrl-linkbase-2003-12-31.xsd'>
  <link:arcroleRef arcroleURI='https://xbrl.org/2023/arcrole/summation-item' xlink:href='https://www.xbrl.org/2023/calculation-1.1.xsd#summation-item' xlink:type='simple'/>
  <link:roleRef roleURI='http://fasb.org/us-gaap/role/disclosure/FinancialServicesBankingAndThrift' xlink:href='../elts/us-roles-2025.xsd#fs-bt' xlink:type='simple' />
  <link:calculationLink xlink:role='http://fasb.org/us-gaap/role/disclosure/FinancialServicesBankingAndThrift' xlink:type='extended'>
    <link:loc xlink:href='../elts/us-gaap-2025.xsd#us-gaap_AdvancesFromFederalHomeLoanBanks' xlink:label='loc_AdvancesFromFederalHomeLoanBanks' xlink:type='locator' />
    <link:loc xlink:href='../elts/us-gaap-2025.xsd#us-gaap_FederalHomeLoanBankAdvancesLongTerm' xlink:label='loc_FederalHomeLoanBankAdvancesLongTerm' xlink:type='locator' />
    <link:loc xlink:href='../elts/us-gaap-2025.xsd#us-gaap_FederalHomeLoanBankAdvancesMaturitiesSummaryByInterestRateTypeOneToFiveYears' xlink:label='loc_FederalHomeLoanBankAdvancesMaturitiesSummaryByInterestRateTypeOneToFiveYears' xlink:type='locator' />
    <link:loc xlink:href='../elts/us-gaap-2025.xsd#us-gaap_FederalHomeLoanBankAdvancesMaturitiesSummaryByInterestRateTypeFixedRateOneToFiveYears' xlink:label='loc_FederalHomeLoanBankAdvancesMaturitiesSummaryByInterestRateTypeFixedRateOneToFiveYears' xlink:type='locator' />
    <link:loc xlink:href='../elts/us-gaap-2025.xsd#us-gaap_FederalHomeLoanBankAdvancesMaturitiesSummaryByInterestRateTypeFloatingRateOneToFiveYears' xlink:label='loc_FederalHomeLoanBankAdvancesMaturitiesSummaryByInterestRateTypeFloatingRateOneToFiveYears' xlink:type='locator' />
    <link:loc xlink:href='../elts/us-gaap-2025.xsd#us-gaap_FederalHomeLoanBankAdvancesMaturitiesSummaryDueAfterFiveYearsOfBalanceSheetDate' xlink:label='loc_FederalHomeLoanBankAdvancesMaturitiesSummaryDueAfterFiveYearsOfBalanceSheetDate' xlink:type='locator' />
    <link:loc xlink:href='../elts/us-gaap-2025.xsd#us-gaap_FederalHomeLoanBankAdvancesMaturitiesSummaryByInterestRateTypeFixedRateAfterFiveYears' xlink:label='loc_FederalHomeLoanBankAdvancesMaturitiesSummaryByInterestRateTypeFixedRateAfterFiveYears' xlink:type='locator' />
    <link:loc xlink:href='../elts/us-gaap-2025.xsd#us-gaap_FederalHomeLoanBankAdvancesMaturitiesSummaryByInterestRateTypeFloatingRateAfterFiveYears' xlink:label='loc_FederalHomeLoanBankAdvancesMaturitiesSummaryByInterestRateTypeFloatingRateAfterFiveYears' xlink:type='locator' />
    <link:loc xlink:href='../elts/us-gaap-2025.xsd#us-gaap_FederalHomeLoanBankAdvancesMaturitiesSummaryDueWithinOneYearOfBalanceSheetDate' xlink:label='loc_FederalHomeLoanBankAdvancesMaturitiesSummaryDueWithinOneYearOfBalanceSheetDate' xlink:type='locator' />
    <link:loc xlink:href='../elts/us-gaap-2025.xsd#us-gaap_FederalHomeLoanBankAdvancesMaturitiesSummaryByInterestRateTypeFixedRateUnderOneYear' xlink:label='loc_FederalHomeLoanBankAdvancesMaturitiesSummaryByInterestRateTypeFixedRateUnderOneYear' xlink:type='locator' />
    <link:loc xlink:href='../elts/us-gaap-2025.xsd#us-gaap_FederalHomeLoanBankAdvancesMaturitiesSummaryByInterestRateTypeFloatingRateUnderOneYear' xlink:label='loc_FederalHomeLoanBankAdvancesMaturitiesSummaryByInterestRateTypeFloatingRateUnderOneYear' xlink:type='locator' />
    <link:loc xlink:href='../elts/us-gaap-2025.xsd#us-gaap_CarryingValueOfFederalFundsPurchasedSecuritiesSoldUnderAgreementsToRepurchaseAndDepositsReceivedForSecuritiesLoaned' xlink:label='loc_CarryingValueOfFederalFundsPurchasedSecuritiesSoldUnderAgreementsToRepurchaseAndDepositsReceivedForSecuritiesLoaned' xlink:type='locator' />
    <link:loc xlink:href='../elts/us-gaap-2025.xsd#us-gaap_FederalFundsPurchased' xlink:label='loc_FederalFundsPurchased' xlink:type='locator' />
    <link:loc xlink:href='../elts/us-gaap-2025.xsd#us-gaap_CarryingValueOfSecuritiesSoldUnderRepurchaseAgreementsAndDepositsReceivedForSecuritiesLoaned' xlink:label='loc_CarryingValueOfSecuritiesSoldUnderRepurchaseAgreementsAndDepositsReceivedForSecuritiesLoaned' xlink:type='locator' />
    <link:loc xlink:href='../elts/us-gaap-2025.xsd#us-gaap_SecuritiesSoldUnderAgreementsToRepurchase' xlink:label='loc_SecuritiesSoldUnderAgreementsToRepurchase' xlink:type='locator' />
    <link:loc xlink:href='../elts/us-gaap-2025.xsd#us-gaap_DepositsReceivedForSecuritiesLoanedAtCarryingValue' xlink:label='loc_DepositsReceivedForSecuritiesLoanedAtCarryingValue' xlink:type='locator' />
    <link:loc xlink:href='../elts/us-gaap-2025.xsd#us-gaap_CarryingValueOfFederalFundsSoldSecuritiesPurchasedUnderAgreementsToResellAndDepositsPaidForSecuritiesBorrowed' xlink:label='loc_CarryingValueOfFederalFundsSoldSecuritiesPurchasedUnderAgreementsToResellAndDepositsPaidForSecuritiesBorrowed' xlink:type='locator' />
    <link:loc xlink:href='../elts/us-gaap-2025.xsd#us-gaap_CarryingValueOfSecuritiesPurchasedUnderAgreementsToResellAndDepositsPaidForSecuritiesBorrowed' xlink:label='loc_CarryingValueOfSecuritiesPurchasedUnderAgreementsToResellAndDepositsPaidForSecuritiesBorrowed' xlink:type='locator' />
    <link:loc xlink:href='../elts/us-gaap-2025.xsd#us-gaap_DepositsPaidForSecuritiesBorrowedAtCarryingValue' xlink:label='loc_DepositsPaidForSecuritiesBorrowedAtCarryingValue' xlink:type='locator' />
    <link:loc xlink:href='../elts/us-gaap-2025.xsd#us-gaap_SecuritiesPurchasedUnderAgreementsToResell' xlink:label='loc_SecuritiesPurchasedUnderAgreementsToResell' xlink:type='locator' />
    <link:loc xlink:href='../elts/us-gaap-2025.xsd#us-gaap_FederalFundsSold' xlink:label='loc_FederalFundsSold' xlink:type='locator' />
    <link:loc xlink:href='../elts/us-gaap-2025.xsd#us-gaap_FDICIndemnificationAssetPeriodIncreaseDecrease' xlink:label='loc_FDICIndemnificationAssetPeriodIncreaseDecrease' xlink:type='locator' />
    <link:loc xlink:href='../elts/us-gaap-2025.xsd#us-gaap_FDICIndemnificationAssetAcquisitions' xlink:label='loc_FDICIndemnificationAssetAcquisitions' xlink:type='locator' />
    <link:loc xlink:href='../elts/us-gaap-2025.xsd#us-gaap_FDICIndemnificationAssetAdditionalEstimatedLosses' xlink:label='loc_FDICIndemnificationAssetAdditionalEstimatedLosses' xlink:type='locator' />
    <link:loc xlink:href='../elts/us-gaap-2025.xsd#us-gaap_FDICIndemnificationAssetCashPaymentsReceived' xlink:label='loc_FDICIndemnificationAssetCashPaymentsReceived' xlink:type='locator' />
    <link:loc xlink:href='../elts/us-gaap-2025.xsd#us-gaap_FDICIndemnificationAssetAccretionOfDiscount' xlink:label='loc_FDICIndemnificationAssetAccretionOfDiscount' xlink:type='locator' />
    <link:loc xlink:href='../elts/us-gaap-2025.xsd#us-gaap_FDICIndemnificationAssetNetWriteOffs' xlink:label='loc_FDICIndemnificationAssetNetWriteOffs' xlink:type='locator' />
    <link:loc xlink:href='../elts/us-gaap-2025.xsd#us-gaap_FDICIndemnificationAssetDisposals' xlink:label='loc_FDICIndemnificationAssetDisposals' xlink:type='locator' />
    <link:loc xlink:href='../elts/us-gaap-2025.xsd#us-gaap_InterestExpenseDomesticDepositLiabilities' xlink:label='loc_InterestExpenseDomesticDepositLiabilities' xlink:type='locator' />
    <link:loc xlink:href='../elts/us-gaap-2025.xsd#us-gaap_InterestExpenseDomesticDepositLiabilitiesBrokered' xlink:label='loc_InterestExpenseDomesticDepositLiabilitiesBrokered' xlink:type='locator' />
    <link:loc xlink:href='../elts/us-gaap-2025.xsd#us-gaap_InterestExpenseDomesticDepositLiabilitiesRetail' xlink:label='loc_InterestExpenseDomesticDepositLiabilitiesRetail' xlink:type='locator' />
    <link:loc xlink:href='../elts/us-gaap-2025.xsd#us-gaap_InterestExpenseDomesticDepositLiabilitiesDemand' xlink:label='loc_InterestExpenseDomesticDepositLiabilitiesDemand' xlink:type='locator' />
    <link:loc xlink:href='../elts/us-gaap-2025.xsd#us-gaap_InterestExpenseDomesticDepositLiabilitiesChecking' xlink:label='loc_InterestExpenseDomesticDepositLiabilitiesChecking' xlink:type='locator' />
    <link:loc xlink:href='../elts/us-gaap-2025.xsd#us-gaap_InterestExpenseDomesticDepositLiabilitiesNoticeOfWithdrawal' xlink:label='loc_InterestExpenseDomesticDepositLiabilitiesNoticeOfWithdrawal' xlink:type='locator' />
    <link:loc xlink:href='../elts/us-gaap-2025.xsd#us-gaap_InterestExpenseDomesticDepositLiabilitiesMoneyMarket' xlink:label='loc_InterestExpenseDomesticDepositLiabilitiesMoneyMarket' xlink:type='locator' />
    <link:loc xlink:href='../elts/us-gaap-2025.xsd#us-gaap_InterestExpenseDomesticDepositLiabilitiesSavings' xlink:label='loc_InterestExpenseDomesticDepositLiabilitiesSavings' xlink:type='locator' />
    <link:loc xlink:href='../elts/us-gaap-2025.xsd#us-gaap_InterestExpenseDomesticDepositLiabilitiesTimeDeposit' xlink:label='loc_InterestExpenseDomesticDepositLiabilitiesTimeDeposit' xlink:type='locator' />
    <link:loc xlink:href='../elts/us-gaap-2025.xsd#us-gaap_InterestExpenseDomesticDepositLiabilitiesCertificatesOfDeposit' xlink:label='loc_InterestExpenseDomesticDepositLiabilitiesCertificatesOfDeposit' xlink:type='locator' />
    <link:loc xlink:href='../elts/us-gaap-2025.xsd#us-gaap_InterestExpenseDomesticDepositLiabilitiesOtherTimeDeposit' xlink:label='loc_InterestExpenseDomesticDepositLiabilitiesOtherTimeDeposit' xlink:type='locator' />
    <link:loc xlink:href='../elts/us-gaap-2025.xsd#us-gaap_InterestExpenseDomesticDepositLiabilitiesWithdrawalPenalties' xlink:label='loc_InterestExpenseDomesticDepositLiabilitiesWithdrawalPenalties' xlink:type='locator' />
    <link:loc xlink:href='../elts/us-gaap-2025.xsd#us-gaap_OtherRealEstateCoveredPeriodIncreaseDecrease' xlink:label='loc_OtherRealEstateCoveredPeriodIncreaseDecrease' xlink:type='locator' />
    <link:loc xlink:href='../elts/us-gaap-2025.xsd#us-gaap_OtherRealEstateCoveredAdditions' xlink:label='loc_OtherRealEstateCoveredAdditions' xlink:type='locator' />
    <link:loc xlink:href='../elts/us-gaap-2025.xsd#us-gaap_OtherRealEstateCoveredImprovements' xlink:label='loc_OtherRealEstateCoveredImprovements' xlink:type='locator' />
    <link:loc xlink:href='../elts/us-gaap-2025.xsd#us-gaap_OtherRealEstateCoveredDisposals' xlink:label='loc_OtherRealEstateCoveredDisposals' xlink:type='locator' />
    <link:loc xlink:href='../elts/us-gaap-2025.xsd#us-gaap_OtherRealEstateCoveredValuationAdjustments' xlink:label='loc_OtherRealEstateCoveredValuationAdjustments' xlink:type='locator' />
    <link:loc xlink:href='../elts/us-gaap-2025.xsd#us-gaap_OtherRealEstateNonCoveredPeriodIncreaseDecrease' xlink:label='loc_OtherRealEstateNonCoveredPeriodIncreaseDecrease' xlink:type='locator' />
    <link:loc xlink:href='../elts/us-gaap-2025.xsd#us-gaap_OtherRealEstateNonCoveredAdditions' xlink:label='loc_OtherRealEstateNonCoveredAdditions' xlink:type='locator' />
    <link:loc xlink:href='../elts/us-gaap-2025.xsd#us-gaap_OtherRealEstateNonCoveredImprovements' xlink:label='loc_OtherRealEstateNonCoveredImprovements' xlink:type='locator' />
    <link:loc xlink:href='../elts/us-gaap-2025.xsd#us-gaap_OtherRealEstateNonCoveredDisposals' xlink:label='loc_OtherRealEstateNonCoveredDisposals' xlink:type='locator' />
    <link:loc xlink:href='../elts/us-gaap-2025.xsd#us-gaap_OtherRealEstateNonCoveredValuationAdjustments' xlink:label='loc_OtherRealEstateNonCoveredValuationAdjustments' xlink:type='locator' />
    <link:loc xlink:href='../elts/us-gaap-2025.xsd#us-gaap_OtherRealEstatePeriodIncreaseDecrease' xlink:label='loc_OtherRealEstatePeriodIncreaseDecrease' xlink:type='locator' />
    <link:loc xlink:href='../elts/us-gaap-2025.xsd#us-gaap_OtherRealEstateAdditions' xlink:label='loc_OtherRealEstateAdditions' xlink:type='locator' />
    <link:loc xlink:href='../elts/us-gaap-2025.xsd#us-gaap_OtherRealEstateImprovements' xlink:label='loc_OtherRealEstateImprovements' xlink:type='locator' />
    <link:loc xlink:href='../elts/us-gaap-2025.xsd#us-gaap_OtherRealEstateDisposals' xlink:label='loc_OtherRealEstateDisposals' xlink:type='locator' />
    <link:loc xlink:href='../elts/us-gaap-2025.xsd#us-gaap_OtherRealEstateValuationAdjustments' xlink:label='loc_OtherRealEstateValuationAdjustments' xlink:type='locator' />
    <link:loc xlink:href='../elts/us-gaap-2025.xsd#us-gaap_SecuredDebt' xlink:label='loc_SecuredDebt' xlink:type='locator' />
    <link:loc xlink:href='../elts/us-gaap-2025.xsd#us-gaap_SecuredDebtRepurchaseAgreements' xlink:label='loc_SecuredDebtRepurchaseAgreements' xlink:type='locator' />
    <link:loc xlink:href='../elts/us-gaap-2025.xsd#us-gaap_SecuredDebtDollarRolls' xlink:label='loc_SecuredDebtDollarRolls' xlink:type='locator' />
    <link:loc xlink:href='../elts/us-gaap-2025.xsd#us-gaap_SecuredDebtOther' xlink:label='loc_SecuredDebtOther' xlink:type='locator' />
    <link:loc xlink:href='../elts/us-gaap-2025.xsd#us-gaap_TimeDeposits100000OrMore' xlink:label='loc_TimeDeposits100000OrMore' xlink:type='locator' />
    <link:loc xlink:href='../elts/us-gaap-2025.xsd#us-gaap_ContractualMaturitiesTimeDeposits100000OrMoreThreeMonthsOrLess' xlink:label='loc_ContractualMaturitiesTimeDeposits100000OrMoreThreeMonthsOrLess' xlink:type='locator' />
    <link:loc xlink:href='../elts/us-gaap-2025.xsd#us-gaap_ContractualMaturitiesTimeDeposits100000OrMoreThreeMonthsThroughSixMonths' xlink:label='loc_ContractualMaturitiesTimeDeposits100000OrMoreThreeMonthsThroughSixMonths' xlink:type='locator' />
    <link:loc xlink:href='../elts/us-gaap-2025.xsd#us-gaap_ContractualMaturitiesTimeDeposits100000OrMoreSixMonthsThrough12Months' xlink:label='loc_ContractualMaturitiesTimeDeposits100000OrMoreSixMonthsThrough12Months' xlink:type='locator' />
    <link:loc xlink:href='../elts/us-gaap-2025.xsd#us-gaap_ContractualMaturitiesTimeDeposits100000OrMoreAfter12Months' xlink:label='loc_ContractualMaturitiesTimeDeposits100000OrMoreAfter12Months' xlink:type='locator' />
    <link:loc xlink:href='../elts/us-gaap-2025.xsd#us-gaap_RealEstateOwnedValuationAllowancePeriodIncreaseDecrease' xlink:label='loc_RealEstateOwnedValuationAllowancePeriodIncreaseDecrease' xlink:type='locator' />
    <link:loc xlink:href='../elts/us-gaap-2025.xsd#us-gaap_RealEstateOwnedValuationAllowanceProvision1' xlink:label='loc_RealEstateOwnedValuationAllowanceProvision1' xlink:type='locator' />
    <link:loc xlink:href='../elts/us-gaap-2025.xsd#us-gaap_RealEstateOwnedValuationAllowanceValuationIncrease' xlink:label='loc_RealEstateOwnedValuationAllowanceValuationIncrease' xlink:type='locator' />
    <link:loc xlink:href='../elts/us-gaap-2025.xsd#us-gaap_RealEstateOwnedValuationAllowanceAmountsApplied' xlink:label='loc_RealEstateOwnedValuationAllowanceAmountsApplied' xlink:type='locator' />
    <link:loc xlink:href='../elts/us-gaap-2025.xsd#us-gaap_RealEstatePartnershipInvestmentSubsidiariesNetIncomeLossBeforeTax' xlink:label='loc_RealEstatePartnershipInvestmentSubsidiariesNetIncomeLossBeforeTax' xlink:type='locator' />
    <link:loc xlink:href='../elts/us-gaap-2025.xsd#us-gaap_NetIncomeLossFromRealEstateInvestmentPartnershipAttributableToParent' xlink:label='loc_NetIncomeLossFromRealEstateInvestmentPartnershipAttributableToParent' xlink:type='locator' />
    <link:loc xlink:href='../elts/us-gaap-2025.xsd#us-gaap_NetIncomeLossFromRealEstateInvestmentPartnership' xlink:label='loc_NetIncomeLossFromRealEstateInvestmentPartnership' xlink:type='locator' />
    <link:loc xlink:href='../elts/us-gaap-2025.xsd#us-gaap_RealEstateInvestmentPartnershipRevenue' xlink:label='loc_RealEstateInvestmentPartnershipRevenue' xlink:type='locator' />
    <link:loc xlink:href='../elts/us-gaap-2025.xsd#us-gaap_RealEstateInvestmentPartnershipCostOfSales' xlink:label='loc_RealEstateInvestmentPartnershipCostOfSales' xlink:type='locator' />
    <link:loc xlink:href='../elts/us-gaap-2025.xsd#us-gaap_OtherExpenseFromRealEstatePartnershipOperations' xlink:label='loc_OtherExpenseFromRealEstatePartnershipOperations' xlink:type='locator' />
    <link:loc xlink:href='../elts/us-gaap-2025.xsd#us-gaap_NetIncomeLossFromRealEstateInvestmentPartnershipAttributableToNoncontrollingInterest' xlink:label='loc_NetIncomeLossFromRealEstateInvestmentPartnershipAttributableToNoncontrollingInterest' xlink:type='locator' />
    <link:loc xlink:href='../elts/us-gaap-2025.xsd#us-gaap_OtherRevenueExpenseFromRealEstateOperations' xlink:label='loc_OtherRevenueExpenseFromRealEstateOperations' xlink:type='locator' />
    <link:loc xlink:href='../elts/us-gaap-2025.xsd#us-gaap_AssetsAverageOutstanding' xlink:label='loc_AssetsAverageOutstanding' xlink:type='locator' />
    <link:loc xlink:href='../elts/us-gaap-2025.xsd#us-gaap_NoninterestEarningAssetsAverageAmountOutstanding' xlink:label='loc_NoninterestEarningAssetsAverageAmountOutstanding' xlink:type='locator' />
    <link:loc xlink:href='../elts/us-gaap-2025.xsd#us-gaap_InterestEarningAssetsAverageAmountOutstanding' xlink:label='loc_InterestEarningAssetsAverageAmountOutstanding' xlink:type='locator' />
    <link:loc xlink:href='../elts/us-gaap-2025.xsd#us-gaap_FinancingReceivablesBeforeAllowanceForCreditLossAverageAmountOutstanding' xlink:label='loc_FinancingReceivablesBeforeAllowanceForCreditLossAverageAmountOutstanding' xlink:type='locator' />
    <link:loc xlink:href='../elts/us-gaap-2025.xsd#us-gaap_TaxableInvestmentSecuritiesAverageAmountOutstanding' xlink:label='loc_TaxableInvestmentSecuritiesAverageAmountOutstanding' xlink:type='locator' />
    <link:loc xlink:href='../elts/us-gaap-2025.xsd#us-gaap_NontaxableInvestmentSecuritiesAverageAmountOutstanding' xlink:label='loc_NontaxableInvestmentSecuritiesAverageAmountOutstanding' xlink:type='locator' />
    <link:loc xlink:href='../elts/us-gaap-2025.xsd#us-gaap_InterestEarningDepositsInBanksAverageAmountOutstanding' xlink:label='loc_InterestEarningDepositsInBanksAverageAmountOutstanding' xlink:type='locator' />
    <link:loc xlink:href='../elts/us-gaap-2025.xsd#us-gaap_FederalFundsSoldAverageOutstanding' xlink:label='loc_FederalFundsSoldAverageOutstanding' xlink:type='locator' />
    <link:loc xlink:href='../elts/us-gaap-2025.xsd#us-gaap_SecuritiesPurchasedUnderAgreementsToResellAverageAmountOutstanding' xlink:label='loc_SecuritiesPurchasedUnderAgreementsToResellAverageAmountOutstanding' xlink:type='locator' />
    <link:loc xlink:href='../elts/us-gaap-2025.xsd#us-gaap_ShortTermInvestmentsOtherAverageAmountOutstanding' xlink:label='loc_ShortTermInvestmentsOtherAverageAmountOutstanding' xlink:type='locator' />
    <link:loc xlink:href='../elts/us-gaap-2025.xsd#us-gaap_LiabilitiesAndStockholdersEquityAverageAmountOutstanding' xlink:label='loc_LiabilitiesAndStockholdersEquityAverageAmountOutstanding' xlink:type='locator' />
    <link:loc xlink:href='../elts/us-gaap-2025.xsd#us-gaap_LiabilitiesAverageAmountOutstanding' xlink:label='loc_LiabilitiesAverageAmountOutstanding' xlink:type='locator' />
    <link:loc xlink:href='../elts/us-gaap-2025.xsd#us-gaap_NoninterestEarningLiabilitiesAverageAmountOutstanding' xlink:label='loc_NoninterestEarningLiabilitiesAverageAmountOutstanding' xlink:type='locator' />
    <link:loc xlink:href='../elts/us-gaap-2025.xsd#us-gaap_InterestBearingLiabilitiesAverageAmountOutstanding' xlink:label='loc_InterestBearingLiabilitiesAverageAmountOutstanding' xlink:type='locator' />
    <link:loc xlink:href='../elts/us-gaap-2025.xsd#us-gaap_SavingsDepositLiabilitiesAverageAmountOutstanding' xlink:label='loc_SavingsDepositLiabilitiesAverageAmountOutstanding' xlink:type='locator' />
    <link:loc xlink:href='../elts/us-gaap-2025.xsd#us-gaap_TimeDepositsLiabilitiesAverageAmountOutstanding' xlink:label='loc_TimeDepositsLiabilitiesAverageAmountOutstanding' xlink:type='locator' />
    <link:loc xlink:href='../elts/us-gaap-2025.xsd#us-gaap_FederalFundsPurchasedAverageAmountOutstanding' xlink:label='loc_FederalFundsPurchasedAverageAmountOutstanding' xlink:type='locator' />
    <link:loc xlink:href='../elts/us-gaap-2025.xsd#us-gaap_SecuritiesSoldUnderAgreementsToRepurchaseAverageAmountOutstanding' xlink:label='loc_SecuritiesSoldUnderAgreementsToRepurchaseAverageAmountOutstanding' xlink:type='locator' />
    <link:loc xlink:href='../elts/us-gaap-2025.xsd#us-gaap_CommercialPaperAverageOutstanding' xlink:label='loc_CommercialPaperAverageOutstanding' xlink:type='locator' />
    <link:loc xlink:href='../elts/us-gaap-2025.xsd#us-gaap_ShorttermDebtAverageOutstandingAmount' xlink:label='loc_ShorttermDebtAverageOutstandingAmount' xlink:type='locator' />
    <link:loc xlink:href='../elts/us-gaap-2025.xsd#us-gaap_LongTermDebtAverageAmountOutstanding' xlink:label='loc_LongTermDebtAverageAmountOutstanding' xlink:type='locator' />
    <link:loc xlink:href='../elts/us-gaap-2025.xsd#us-gaap_StockholdersEquityAverageAmountOutstanding' xlink:label='loc_StockholdersEquityAverageAmountOutstanding' xlink:type='locator' />
    <link:loc xlink:href='../elts/us-gaap-2025.xsd#us-gaap_InterestIncomeInterestEarningAsset' xlink:label='loc_InterestIncomeInterestEarningAsset' xlink:type='locator' />
    <link:loc xlink:href='../elts/us-gaap-2025.xsd#us-gaap_InterestIncomeFinancingReceivableBeforeAllowanceForCreditLoss' xlink:label='loc_InterestIncomeFinancingReceivableBeforeAllowanceForCreditLoss' xlink:type='locator' />
    <link:loc xlink:href='../elts/us-gaap-2025.xsd#us-gaap_InterestIncomeSecuritiesTaxable' xlink:label='loc_InterestIncomeSecuritiesTaxable' xlink:type='locator' />
    <link:loc xlink:href='../elts/us-gaap-2025.xsd#us-gaap_InterestIncomeSecuritiesTaxExempt' xlink:label='loc_InterestIncomeSecuritiesTaxExempt' xlink:type='locator' />
    <link:loc xlink:href='../elts/us-gaap-2025.xsd#us-gaap_InterestIncomeDepositsWithFinancialInstitutions' xlink:label='loc_InterestIncomeDepositsWithFinancialInstitutions' xlink:type='locator' />
    <link:loc xlink:href='../elts/us-gaap-2025.xsd#us-gaap_InterestIncomeFederalFundsSold' xlink:label='loc_InterestIncomeFederalFundsSold' xlink:type='locator' />
    <link:loc xlink:href='../elts/us-gaap-2025.xsd#us-gaap_InterestIncomeSecuritiesPurchasedUnderAgreementsToResell' xlink:label='loc_InterestIncomeSecuritiesPurchasedUnderAgreementsToResell' xlink:type='locator' />
    <link:loc xlink:href='../elts/us-gaap-2025.xsd#us-gaap_InterestIncomeShortTermInvestmentOther' xlink:label='loc_InterestIncomeShortTermInvestmentOther' xlink:type='locator' />
    <link:loc xlink:href='../elts/us-gaap-2025.xsd#us-gaap_InterestExpenseInterestBearingLiability' xlink:label='loc_InterestExpenseInterestBearingLiability' xlink:type='locator' />
    <link:loc xlink:href='../elts/us-gaap-2025.xsd#us-gaap_InterestExpenseSavingsDeposits' xlink:label='loc_InterestExpenseSavingsDeposits' xlink:type='locator' />
    <link:loc xlink:href='../elts/us-gaap-2025.xsd#us-gaap_InterestExpenseTimeDeposits' xlink:label='loc_InterestExpenseTimeDeposits' xlink:type='locator' />
    <link:loc xlink:href='../elts/us-gaap-2025.xsd#us-gaap_InterestExpenseFederalFundsPurchased' xlink:label='loc_InterestExpenseFederalFundsPurchased' xlink:type='locator' />
    <link:loc xlink:href='../elts/us-gaap-2025.xsd#us-gaap_InterestExpenseSecuritiesSoldUnderAgreementsToRepurchase' xlink:label='loc_InterestExpenseSecuritiesSoldUnderAgreementsToRepurchase' xlink:type='locator' />
    <link:loc xlink:href='../elts/us-gaap-2025.xsd#us-gaap_InterestExpenseShortTermBorrowings' xlink:label='loc_InterestExpenseShortTermBorrowings' xlink:type='locator' />
    <link:loc xlink:href='../elts/us-gaap-2025.xsd#us-gaap_InterestExpenseLongTermDebt' xlink:label='loc_InterestExpenseLongTermDebt' xlink:type='locator' />
    <link:loc xlink:href='../elts/us-gaap-2025.xsd#us-gaap_InterestExpenseCommercialPaper' xlink:label='loc_InterestExpenseCommercialPaper' xlink:type='locator' />
    <link:loc xlink:href='../elts/us-gaap-2025.xsd#us-gaap_InterestIncomeInterestEarningAssetIncreaseDecrease' xlink:label='loc_InterestIncomeInterestEarningAssetIncreaseDecrease' xlink:type='locator' />
    <link:loc xlink:href='../elts/us-gaap-2025.xsd#us-gaap_InterestIncomeFinancingReceivableBeforeAllowanceForCreditLossIncreaseDecrease' xlink:label='loc_InterestIncomeFinancingReceivableBeforeAllowanceForCreditLossIncreaseDecrease' xlink:type='locator' />
    <link:loc xlink:href='../elts/us-gaap-2025.xsd#us-gaap_InterestIncomeTaxableInvestmentSecuritiesIncreaseDecrease' xlink:label='loc_InterestIncomeTaxableInvestmentSecuritiesIncreaseDecrease' xlink:type='locator' />
    <link:loc xlink:href='../elts/us-gaap-2025.xsd#us-gaap_InterestIncomeNontaxableInvestmentSecurityIncreaseDecrease' xlink:label='loc_InterestIncomeNontaxableInvestmentSecurityIncreaseDecrease' xlink:type='locator' />
    <link:loc xlink:href='../elts/us-gaap-2025.xsd#us-gaap_InterestIncomeDepositWithFinancialInstitutionIncreaseDecrease' xlink:label='loc_InterestIncomeDepositWithFinancialInstitutionIncreaseDecrease' xlink:type='locator' />
    <link:loc xlink:href='../elts/us-gaap-2025.xsd#us-gaap_InterestIncomeFederalFundsSoldIncreaseDecrease' xlink:label='loc_InterestIncomeFederalFundsSoldIncreaseDecrease' xlink:type='locator' />
    <link:loc xlink:href='../elts/us-gaap-2025.xsd#us-gaap_InterestIncomeSecurityPurchasedUnderAgreementToResellIncreaseDecrease' xlink:label='loc_InterestIncomeSecurityPurchasedUnderAgreementToResellIncreaseDecrease' xlink:type='locator' />
    <link:loc xlink:href='../elts/us-gaap-2025.xsd#us-gaap_InterestIncomeShortTermInvestmentIncreaseDecrease' xlink:label='loc_InterestIncomeShortTermInvestmentIncreaseDecrease' xlink:type='locator' />
    <link:loc xlink:href='../elts/us-gaap-2025.xsd#us-gaap_InterestIncomeShortTermInvestmentOtherIncreaseDecrease' xlink:label='loc_InterestIncomeShortTermInvestmentOtherIncreaseDecrease' xlink:type='locator' />
    <link:loc xlink:href='../elts/us-gaap-2025.xsd#us-gaap_InterestExpenseInterestBearingLiabilityIncreaseDecrease' xlink:label='loc_InterestExpenseInterestBearingLiabilityIncreaseDecrease' xlink:type='locator' />
    <link:loc xlink:href='../elts/us-gaap-2025.xsd#us-gaap_InterestExpenseSavingsDepositIncreaseDecrease' xlink:label='loc_InterestExpenseSavingsDepositIncreaseDecrease' xlink:type='locator' />
    <link:loc xlink:href='../elts/us-gaap-2025.xsd#us-gaap_InterestExpenseTimeDepositIncreaseDecrease' xlink:label='loc_InterestExpenseTimeDepositIncreaseDecrease' xlink:type='locator' />
    <link:loc xlink:href='../elts/us-gaap-2025.xsd#us-gaap_InterestExpenseFederalFundsPurchasedIncreaseDecrease' xlink:label='loc_InterestExpenseFederalFundsPurchasedIncreaseDecrease' xlink:type='locator' />
    <link:loc xlink:href='../elts/us-gaap-2025.xsd#us-gaap_InterestExpenseSecuritySoldUnderAgreementToRepurchaseIncreaseDecrease' xlink:label='loc_InterestExpenseSecuritySoldUnderAgreementToRepurchaseIncreaseDecrease' xlink:type='locator' />
    <link:loc xlink:href='../elts/us-gaap-2025.xsd#us-gaap_InterestExpenseShortTermDebtOtherIncreaseDecrease' xlink:label='loc_InterestExpenseShortTermDebtOtherIncreaseDecrease' xlink:type='locator' />
    <link:loc xlink:href='../elts/us-gaap-2025.xsd#us-gaap_InterestExpenseLongTermDebtIncreaseDecrease' xlink:label='loc_InterestExpenseLongTermDebtIncreaseDecrease' xlink:type='locator' />
    <link:loc xlink:href='../elts/us-gaap-2025.xsd#us-gaap_NotesReceivableGross' xlink:label='loc_NotesReceivableGross' xlink:type='locator' />
    <link:loc xlink:href='../elts/us-gaap-2025.xsd#us-gaap_FinancingReceivableBeforeAllowanceForCreditLossMaturityYearOne' xlink:label='loc_FinancingReceivableBeforeAllowanceForCreditLossMaturityYearOne' xlink:type='locator' />
    <link:loc xlink:href='../elts/us-gaap-2025.xsd#us-gaap_FinancingReceivableBeforeAllowanceForCreditLossMaturityAfterYearOneThroughFive' xlink:label='loc_FinancingReceivableBeforeAllowanceForCreditLossMaturityAfterYearOneThroughFive' xlink:type='locator' />
    <link:loc xlink:href='../elts/us-gaap-2025.xsd#us-gaap_FinancingReceivableBeforeAllowanceForCreditLossMaturityAfterYearFiveThoughFifteen' xlink:label='loc_FinancingReceivableBeforeAllowanceForCreditLossMaturityAfterYearFiveThoughFifteen' xlink:type='locator' />
    <link:loc xlink:href='../elts/us-gaap-2025.xsd#us-gaap_FinancingReceivableBeforeAllowanceForCreditLossMaturityAfterYearFifteen' xlink:label='loc_FinancingReceivableBeforeAllowanceForCreditLossMaturityAfterYearFifteen' xlink:type='locator' />
    <link:loc xlink:href='../elts/us-gaap-2025.xsd#us-gaap_TimeDepositLiabilityAboveUsInsuranceLimit' xlink:label='loc_TimeDepositLiabilityAboveUsInsuranceLimit' xlink:type='locator' />
    <link:loc xlink:href='../elts/us-gaap-2025.xsd#us-gaap_TimeDepositLiabilityAboveUsInsuranceLimitMaturityThreeMonthsOrLess' xlink:label='loc_TimeDepositLiabilityAboveUsInsuranceLimitMaturityThreeMonthsOrLess' xlink:type='locator' />
    <link:loc xlink:href='../elts/us-gaap-2025.xsd#us-gaap_TimeDepositLiabilityAboveUsInsuranceLimitMaturityOverThreeMonthsThroughSixMonths' xlink:label='loc_TimeDepositLiabilityAboveUsInsuranceLimitMaturityOverThreeMonthsThroughSixMonths' xlink:type='locator' />
    <link:loc xlink:href='../elts/us-gaap-2025.xsd#us-gaap_TimeDepositLiabilityAboveUsInsuranceLimitMaturityOverSixMonthsThroughTwelveMonths' xlink:label='loc_TimeDepositLiabilityAboveUsInsuranceLimitMaturityOverSixMonthsThroughTwelveMonths' xlink:type='locator' />
    <link:loc xlink:href='../elts/us-gaap-2025.xsd#us-gaap_TimeDepositLiabilityAboveUsInsuranceLimitMaturityOver12Months' xlink:label='loc_TimeDepositLiabilityAboveUsInsuranceLimitMaturityOver12Months' xlink:type='locator' />
    <link:loc xlink:href='../elts/us-gaap-2025.xsd#us-gaap_TimeDepositLiabilityUninsured' xlink:label='loc_TimeDepositLiabilityUninsured' xlink:type='locator' />
    <link:loc xlink:href='../elts/us-gaap-2025.xsd#us-gaap_TimeDepositLiabilityUninsuredMaturityThreeMonthsOrLess' xlink:label='loc_TimeDepositLiabilityUninsuredMaturityThreeMonthsOrLess' xlink:type='locator' />
    <link:loc xlink:href='../elts/us-gaap-2025.xsd#us-gaap_TimeDepositLiabilityUninsuredMaturityOverThreeMonthsThroughSixMonths' xlink:label='loc_TimeDepositLiabilityUninsuredMaturityOverThreeMonthsThroughSixMonths' xlink:type='locator' />
    <link:loc xlink:href='../elts/us-gaap-2025.xsd#us-gaap_TimeDepositLiabilityUninsuredMaturityOverSixMonthsThroughTwelveMonths' xlink:label='loc_TimeDepositLiabilityUninsuredMaturityOverSixMonthsThroughTwelveMonths' xlink:type='locator' />
    <link:loc xlink:href='../elts/us-gaap-2025.xsd#us-gaap_TimeDepositLiabilityUninsuredMaturityOverTwelveMonths' xlink:label='loc_TimeDepositLiabilityUninsuredMaturityOverTwelveMonths' xlink:type='locator' />
    <link:loc xlink:href='../elts/us-gaap-2025.xsd#us-gaap_DebtSecuritiesHeldToMaturityAmortizedCostAfterAllowanceForCreditLoss' xlink:label='loc_DebtSecuritiesHeldToMaturityAmortizedCostAfterAllowanceForCreditLoss' xlink:type='locator' />
    <link:loc xlink:href='../elts/us-gaap-2025.xsd#us-gaap_DebtSecuritiesHeldToMaturityAllowanceForCreditLoss' xlink:label='loc_DebtSecuritiesHeldToMaturityAllowanceForCreditLoss' xlink:type='locator' />
    <link:loc xlink:href='../elts/us-gaap-2025.xsd#us-gaap_HeldToMaturitySecurities' xlink:label='loc_HeldToMaturitySecurities' xlink:type='locator' />
    <link:loc xlink:href='../elts/us-gaap-2025.xsd#us-gaap_FinancingReceivableExcludingAccruedInterestAfterAllowanceForCreditLossCurrent' xlink:label='loc_FinancingReceivableExcludingAccruedInterestAfterAllowanceForCreditLossCurrent' xlink:type='locator' />
    <link:loc xlink:href='../elts/us-gaap-2025.xsd#us-gaap_FinancingReceivableExcludingAccruedInterestBeforeAllowanceForCreditLossCurrent' xlink:label='loc_FinancingReceivableExcludingAccruedInterestBeforeAllowanceForCreditLossCurrent' xlink:type='locator' />
    <link:loc xlink:href='../elts/us-gaap-2025.xsd#us-gaap_FinancingReceivableAllowanceForCreditLossExcludingAccruedInterestCurrent' xlink:label='loc_FinancingReceivableAllowanceForCreditLossExcludingAccruedInterestCurrent' xlink:type='locator' />
    <link:loc xlink:href='../elts/us-gaap-2025.xsd#us-gaap_DebtSecuritiesHeldToMaturityExcludingAccruedInterestAfterAllowanceForCreditLossCurrent' xlink:label='loc_DebtSecuritiesHeldToMaturityExcludingAccruedInterestAfterAllowanceForCreditLossCurrent' xlink:type='locator' />
    <link:loc xlink:href='../elts/us-gaap-2025.xsd#us-gaap_DebtSecuritiesHeldToMaturityExcludingAccruedInterestBeforeAllowanceForCreditLossCurrent' xlink:label='loc_DebtSecuritiesHeldToMaturityExcludingAccruedInterestBeforeAllowanceForCreditLossCurrent' xlink:type='locator' />
    <link:loc xlink:href='../elts/us-gaap-2025.xsd#us-gaap_DebtSecuritiesHeldToMaturityAllowanceForCreditLossExcludingAccruedInterestCurrent' xlink:label='loc_DebtSecuritiesHeldToMaturityAllowanceForCreditLossExcludingAccruedInterestCurrent' xlink:type='locator' />
    <link:loc xlink:href='../elts/us-gaap-2025.xsd#us-gaap_NetInvestmentInLeaseExcludingAccruedInterestAfterAllowanceForCreditLossCurrent' xlink:label='loc_NetInvestmentInLeaseExcludingAccruedInterestAfterAllowanceForCreditLossCurrent' xlink:type='locator' />
    <link:loc xlink:href='../elts/us-gaap-2025.xsd#us-gaap_NetInvestmentInLeaseExcludingAccruedInterestBeforeAllowanceForCreditLossCurrent' xlink:label='loc_NetInvestmentInLeaseExcludingAccruedInterestBeforeAllowanceForCreditLossCurrent' xlink:type='locator' />
    <link:loc xlink:href='../elts/us-gaap-2025.xsd#us-gaap_NetInvestmentInLeaseAllowanceForCreditLossExcludingAccruedInterestCurrent' xlink:label='loc_NetInvestmentInLeaseAllowanceForCreditLossExcludingAccruedInterestCurrent' xlink:type='locator' />
    <link:loc xlink:href='../elts/us-gaap-2025.xsd#us-gaap_DebtSecuritiesAvailableForSaleAmortizedCostExcludingAccruedInterestAfterAllowanceForCreditLossCurrent' xlink:label='loc_DebtSecuritiesAvailableForSaleAmortizedCostExcludingAccruedInterestAfterAllowanceForCreditLossCurrent' xlink:type='locator' />
    <link:loc xlink:href='../elts/us-gaap-2025.xsd#us-gaap_DebtSecuritiesAvailableForSaleAmortizedCostExcludingAccruedInterestBeforeAllowanceForCreditLossCurrent' xlink:label='loc_DebtSecuritiesAvailableForSaleAmortizedCostExcludingAccruedInterestBeforeAllowanceForCreditLossCurrent' xlink:type='locator' />
    <link:loc xlink:href='../elts/us-gaap-2025.xsd#us-gaap_DebtSecuritiesAvailableForSaleAmortizedCostAllowanceForCreditLossExcludingAccruedInterestCurrent' xlink:label='loc_DebtSecuritiesAvailableForSaleAmortizedCostAllowanceForCreditLossExcludingAccruedInterestCurrent' xlink:type='locator' />
    <link:loc xlink:href='../elts/us-gaap-2025.xsd#us-gaap_AccountsReceivableExcludingAccruedInterestAfterAllowanceForCreditLossNoncurrent' xlink:label='loc_AccountsReceivableExcludingAccruedInterestAfterAllowanceForCreditLossNoncurrent' xlink:type='locator' />
    <link:loc xlink:href='../elts/us-gaap-2025.xsd#us-gaap_AccountsReceivableExcludingAccruedInterestBeforeAllowanceForCreditLossNoncurrent' xlink:label='loc_AccountsReceivableExcludingAccruedInterestBeforeAllowanceForCreditLossNoncurrent' xlink:type='locator' />
    <link:loc xlink:href='../elts/us-gaap-2025.xsd#us-gaap_AccountsReceivableAllowanceForCreditLossExcludingAccruedInterestNoncurrent' xlink:label='loc_AccountsReceivableAllowanceForCreditLossExcludingAccruedInterestNoncurrent' xlink:type='locator' />
    <link:loc xlink:href='../elts/us-gaap-2025.xsd#us-gaap_FinancingReceivableExcludingAccruedInterestAfterAllowanceForCreditLossNoncurrent' xlink:label='loc_FinancingReceivableExcludingAccruedInterestAfterAllowanceForCreditLossNoncurrent' xlink:type='locator' />
    <link:loc xlink:href='../elts/us-gaap-2025.xsd#us-gaap_FinancingReceivableExcludingAccruedInterestBeforeAllowanceForCreditLossNoncurrent' xlink:label='loc_FinancingReceivableExcludingAccruedInterestBeforeAllowanceForCreditLossNoncurrent' xlink:type='locator' />
    <link:loc xlink:href='../elts/us-gaap-2025.xsd#us-gaap_FinancingReceivableAllowanceForCreditLossExcludingAccruedInterestNoncurrent' xlink:label='loc_FinancingReceivableAllowanceForCreditLossExcludingAccruedInterestNoncurrent' xlink:type='locator' />
    <link:loc xlink:href='../elts/us-gaap-2025.xsd#us-gaap_DebtSecuritiesHeldToMaturityExcludingAccruedInterestAfterAllowanceForCreditLossNoncurrent' xlink:label='loc_DebtSecuritiesHeldToMaturityExcludingAccruedInterestAfterAllowanceForCreditLossNoncurrent' xlink:type='locator' />
    <link:loc xlink:href='../elts/us-gaap-2025.xsd#us-gaap_DebtSecuritiesHeldToMaturityExcludingAccruedInterestBeforeAllowanceForCreditLossNoncurrent' xlink:label='loc_DebtSecuritiesHeldToMaturityExcludingAccruedInterestBeforeAllowanceForCreditLossNoncurrent' xlink:type='locator' />
    <link:loc xlink:href='../elts/us-gaap-2025.xsd#us-gaap_DebtSecuritiesHeldToMaturityAllowanceForCreditLossExcludingAccruedInterestNoncurrent' xlink:label='loc_DebtSecuritiesHeldToMaturityAllowanceForCreditLossExcludingAccruedInterestNoncurrent' xlink:type='locator' />
    <link:loc xlink:href='../elts/us-gaap-2025.xsd#us-gaap_NetInvestmentInLeaseExcludingAccruedInterestAfterAllowanceForCreditLossNoncurrent' xlink:label='loc_NetInvestmentInLeaseExcludingAccruedInterestAfterAllowanceForCreditLossNoncurrent' xlink:type='locator' />
    <link:loc xlink:href='../elts/us-gaap-2025.xsd#us-gaap_NetInvestmentInLeaseExcludingAccruedInterestBeforeAllowanceForCreditLossNoncurrent' xlink:label='loc_NetInvestmentInLeaseExcludingAccruedInterestBeforeAllowanceForCreditLossNoncurrent' xlink:type='locator' />
    <link:loc xlink:href='../elts/us-gaap-2025.xsd#us-gaap_NetInvestmentInLeaseAllowanceForCreditLossExcludingAccruedInterestNoncurrent' xlink:label='loc_NetInvestmentInLeaseAllowanceForCreditLossExcludingAccruedInterestNoncurrent' xlink:type='locator' />
    <link:loc xlink:href='../elts/us-gaap-2025.xsd#us-gaap_DebtSecuritiesAvailableForSaleAmortizedCostExcludingAccruedInterestAfterAllowanceForCreditLossNoncurrent' xlink:label='loc_DebtSecuritiesAvailableForSaleAmortizedCostExcludingAccruedInterestAfterAllowanceForCreditLossNoncurrent' xlink:type='locator' />
    <link:loc xlink:href='../elts/us-gaap-2025.xsd#us-gaap_DebtSecuritiesAvailableForSaleAmortizedCostExcludingAccruedInterestBeforeAllowanceForCreditLossNoncurrent' xlink:label='loc_DebtSecuritiesAvailableForSaleAmortizedCostExcludingAccruedInterestBeforeAllowanceForCreditLossNoncurrent' xlink:type='locator' />
    <link:loc xlink:href='../elts/us-gaap-2025.xsd#us-gaap_DebtSecuritiesAvailableForSaleAmortizedCostAllowanceForCreditLossExcludingAccruedInterestNoncurrent' xlink:label='loc_DebtSecuritiesAvailableForSaleAmortizedCostAllowanceForCreditLossExcludingAccruedInterestNoncurrent' xlink:type='locator' />
    <link:calculationArc order='10' weight='1.0' xlink:arcrole='https://xbrl.org/2023/arcrole/summation-item' xlink:from='loc_AdvancesFromFederalHomeLoanBanks' xlink:to='loc_FederalHomeLoanBankAdvancesLongTerm' xlink:type='arc' />
    <link:calculationArc order='10' weight='1.0' xlink:arcrole='https://xbrl.org/2023/arcrole/summation-item' xlink:from='loc_FederalHomeLoanBankAdvancesLongTerm' xlink:to='loc_FederalHomeLoanBankAdvancesMaturitiesSummaryByInterestRateTypeOneToFiveYears' xlink:type='arc' />
    <link:calculationArc order='10' weight='1.0' xlink:arcrole='https://xbrl.org/2023/arcrole/summation-item' xlink:from='loc_FederalHomeLoanBankAdvancesMaturitiesSummaryByInterestRateTypeOneToFiveYears' xlink:to='loc_FederalHomeLoanBankAdvancesMaturitiesSummaryByInterestRateTypeFixedRateOneToFiveYears' xlink:type='arc' />
    <link:calculationArc order='20' weight='1.0' xlink:arcrole='https://xbrl.org/2023/arcrole/summation-item' xlink:from='loc_FederalHomeLoanBankAdvancesMaturitiesSummaryByInterestRateTypeOneToFiveYears' xlink:to='loc_FederalHomeLoanBankAdvancesMaturitiesSummaryByInterestRateTypeFloatingRateOneToFiveYears' xlink:type='arc' />
    <link:calculationArc order='20' weight='1.0' xlink:arcrole='https://xbrl.org/2023/arcrole/summation-item' xlink:from='loc_FederalHomeLoanBankAdvancesLongTerm' xlink:to='loc_FederalHomeLoanBankAdvancesMaturitiesSummaryDueAfterFiveYearsOfBalanceSheetDate' xlink:type='arc' />
    <link:calculationArc order='10' weight='1.0' xlink:arcrole='https://xbrl.org/2023/arcrole/summation-item' xlink:from='loc_FederalHomeLoanBankAdvancesMaturitiesSummaryDueAfterFiveYearsOfBalanceSheetDate' xlink:to='loc_FederalHomeLoanBankAdvancesMaturitiesSummaryByInterestRateTypeFixedRateAfterFiveYears' xlink:type='arc' />
    <link:calculationArc order='20' weight='1.0' xlink:arcrole='https://xbrl.org/2023/arcrole/summation-item' xlink:from='loc_FederalHomeLoanBankAdvancesMaturitiesSummaryDueAfterFiveYearsOfBalanceSheetDate' xlink:to='loc_FederalHomeLoanBankAdvancesMaturitiesSummaryByInterestRateTypeFloatingRateAfterFiveYears' xlink:type='arc' />
    <link:calculationArc order='20' weight='1.0' xlink:arcrole='https://xbrl.org/2023/arcrole/summation-item' xlink:from='loc_AdvancesFromFederalHomeLoanBanks' xlink:to='loc_FederalHomeLoanBankAdvancesMaturitiesSummaryDueWithinOneYearOfBalanceSheetDate' xlink:type='arc' />
    <link:calculationArc order='10' weight='1.0' xlink:arcrole='https://xbrl.org/2023/arcrole/summation-item' xlink:from='loc_FederalHomeLoanBankAdvancesMaturitiesSummaryDueWithinOneYearOfBalanceSheetDate' xlink:to='loc_FederalHomeLoanBankAdvancesMaturitiesSummaryByInterestRateTypeFixedRateUnderOneYear' xlink:type='arc' />
    <link:calculationArc order='20' weight='1.0' xlink:arcrole='https://xbrl.org/2023/arcrole/summation-item' xlink:from='loc_FederalHomeLoanBankAdvancesMaturitiesSummaryDueWithinOneYearOfBalanceSheetDate' xlink:to='loc_FederalHomeLoanBankAdvancesMaturitiesSummaryByInterestRateTypeFloatingRateUnderOneYear' xlink:type='arc' />
    <link:calculationArc order='10' weight='1.0' xlink:arcrole='https://xbrl.org/2023/arcrole/summation-item' xlink:from='loc_CarryingValueOfFederalFundsPurchasedSecuritiesSoldUnderAgreementsToRepurchaseAndDepositsReceivedForSecuritiesLoaned' xlink:to='loc_FederalFundsPurchased' xlink:type='arc' />
    <link:calculationArc order='20' weight='1.0' xlink:arcrole='https://xbrl.org/2023/arcrole/summation-item' xlink:from='loc_CarryingValueOfFederalFundsPurchasedSecuritiesSoldUnderAgreementsToRepurchaseAndDepositsReceivedForSecuritiesLoaned' xlink:to='loc_CarryingValueOfSecuritiesSoldUnderRepurchaseAgreementsAndDepositsReceivedForSecuritiesLoaned' xlink:type='arc' />
    <link:calculationArc order='10' weight='1.0' xlink:arcrole='https://xbrl.org/2023/arcrole/summation-item' xlink:from='loc_CarryingValueOfSecuritiesSoldUnderRepurchaseAgreementsAndDepositsReceivedForSecuritiesLoaned' xlink:to='loc_SecuritiesSoldUnderAgreementsToRepurchase' xlink:type='arc' />
    <link:calculationArc order='20' weight='1.0' xlink:arcrole='https://xbrl.org/2023/arcrole/summation-item' xlink:from='loc_CarryingValueOfSecuritiesSoldUnderRepurchaseAgreementsAndDepositsReceivedForSecuritiesLoaned' xlink:to='loc_DepositsReceivedForSecuritiesLoanedAtCarryingValue' xlink:type='arc' />
    <link:calculationArc order='10' weight='1.0' xlink:arcrole='https://xbrl.org/2023/arcrole/summation-item' xlink:from='loc_CarryingValueOfFederalFundsSoldSecuritiesPurchasedUnderAgreementsToResellAndDepositsPaidForSecuritiesBorrowed' xlink:to='loc_CarryingValueOfSecuritiesPurchasedUnderAgreementsToResellAndDepositsPaidForSecuritiesBorrowed' xlink:type='arc' />
    <link:calculationArc order='10' weight='1.0' xlink:arcrole='https://xbrl.org/2023/arcrole/summation-item' xlink:from='loc_CarryingValueOfSecuritiesPurchasedUnderAgreementsToResellAndDepositsPaidForSecuritiesBorrowed' xlink:to='loc_DepositsPaidForSecuritiesBorrowedAtCarryingValue' xlink:type='arc' />
    <link:calculationArc order='20' weight='1.0' xlink:arcrole='https://xbrl.org/2023/arcrole/summation-item' xlink:from='loc_CarryingValueOfSecuritiesPurchasedUnderAgreementsToResellAndDepositsPaidForSecuritiesBorrowed' xlink:to='loc_SecuritiesPurchasedUnderAgreementsToResell' xlink:type='arc' />
    <link:calculationArc order='20' weight='1.0' xlink:arcrole='https://xbrl.org/2023/arcrole/summation-item' xlink:from='loc_CarryingValueOfFederalFundsSoldSecuritiesPurchasedUnderAgreementsToResellAndDepositsPaidForSecuritiesBorrowed' xlink:to='loc_FederalFundsSold' xlink:type='arc' />
    <link:calculationArc order='10' weight='1.0' xlink:arcrole='https://xbrl.org/2023/arcrole/summation-item' xlink:from='loc_FDICIndemnificationAssetPeriodIncreaseDecrease' xlink:to='loc_FDICIndemnificationAssetAcquisitions' xlink:type='arc' />
    <link:calculationArc order='20' weight='1.0' xlink:arcrole='https://xbrl.org/2023/arcrole/summation-item' xlink:from='loc_FDICIndemnificationAssetPeriodIncreaseDecrease' xlink:to='loc_FDICIndemnificationAssetAdditionalEstimatedLosses' xlink:type='arc' />
    <link:calculationArc order='30' weight='-1.0' xlink:arcrole='https://xbrl.org/2023/arcrole/summation-item' xlink:from='loc_FDICIndemnificationAssetPeriodIncreaseDecrease' xlink:to='loc_FDICIndemnificationAssetCashPaymentsReceived' xlink:type='arc' />
    <link:calculationArc order='40' weight='1.0' xlink:arcrole='https://xbrl.org/2023/arcrole/summation-item' xlink:from='loc_FDICIndemnificationAssetPeriodIncreaseDecrease' xlink:to='loc_FDICIndemnificationAssetAccretionOfDiscount' xlink:type='arc' />
    <link:calculationArc order='50' weight='-1.0' xlink:arcrole='https://xbrl.org/2023/arcrole/summation-item' xlink:from='loc_FDICIndemnificationAssetPeriodIncreaseDecrease' xlink:to='loc_FDICIndemnificationAssetNetWriteOffs' xlink:type='arc' />
    <link:calculationArc order='60' weight='-1.0' xlink:arcrole='https://xbrl.org/2023/arcrole/summation-item' xlink:from='loc_FDICIndemnificationAssetPeriodIncreaseDecrease' xlink:to='loc_FDICIndemnificationAssetDisposals' xlink:type='arc' />
    <link:calculationArc order='10' weight='1.0' xlink:arcrole='https://xbrl.org/2023/arcrole/summation-item' xlink:from='loc_InterestExpenseDomesticDepositLiabilities' xlink:to='loc_InterestExpenseDomesticDepositLiabilitiesBrokered' xlink:type='arc' />
    <link:calculationArc order='20' weight='1.0' xlink:arcrole='https://xbrl.org/2023/arcrole/summation-item' xlink:from='loc_InterestExpenseDomesticDepositLiabilities' xlink:to='loc_InterestExpenseDomesticDepositLiabilitiesRetail' xlink:type='arc' />
    <link:calculationArc order='30' weight='1.0' xlink:arcrole='https://xbrl.org/2023/arcrole/summation-item' xlink:from='loc_InterestExpenseDomesticDepositLiabilities' xlink:to='loc_InterestExpenseDomesticDepositLiabilitiesDemand' xlink:type='arc' />
    <link:calculationArc order='40' weight='1.0' xlink:arcrole='https://xbrl.org/2023/arcrole/summation-item' xlink:from='loc_InterestExpenseDomesticDepositLiabilities' xlink:to='loc_InterestExpenseDomesticDepositLiabilitiesChecking' xlink:type='arc' />
    <link:calculationArc order='50' weight='1.0' xlink:arcrole='https://xbrl.org/2023/arcrole/summation-item' xlink:from='loc_InterestExpenseDomesticDepositLiabilities' xlink:to='loc_InterestExpenseDomesticDepositLiabilitiesNoticeOfWithdrawal' xlink:type='arc' />
    <link:calculationArc order='60' weight='1.0' xlink:arcrole='https://xbrl.org/2023/arcrole/summation-item' xlink:from='loc_InterestExpenseDomesticDepositLiabilities' xlink:to='loc_InterestExpenseDomesticDepositLiabilitiesMoneyMarket' xlink:type='arc' />
    <link:calculationArc order='70' weight='1.0' xlink:arcrole='https://xbrl.org/2023/arcrole/summation-item' xlink:from='loc_InterestExpenseDomesticDepositLiabilities' xlink:to='loc_InterestExpenseDomesticDepositLiabilitiesSavings' xlink:type='arc' />
    <link:calculationArc order='80' weight='1.0' xlink:arcrole='https://xbrl.org/2023/arcrole/summation-item' xlink:from='loc_InterestExpenseDomesticDepositLiabilities' xlink:to='loc_InterestExpenseDomesticDepositLiabilitiesTimeDeposit' xlink:type='arc' />
    <link:calculationArc order='90' weight='1.0' xlink:arcrole='https://xbrl.org/2023/arcrole/summation-item' xlink:from='loc_InterestExpenseDomesticDepositLiabilities' xlink:to='loc_InterestExpenseDomesticDepositLiabilitiesCertificatesOfDeposit' xlink:type='arc' />
    <link:calculationArc order='100' weight='1.0' xlink:arcrole='https://xbrl.org/2023/arcrole/summation-item' xlink:from='loc_InterestExpenseDomesticDepositLiabilities' xlink:to='loc_InterestExpenseDomesticDepositLiabilitiesOtherTimeDeposit' xlink:type='arc' />
    <link:calculationArc order='110' weight='-1.0' xlink:arcrole='https://xbrl.org/2023/arcrole/summation-item' xlink:from='loc_InterestExpenseDomesticDepositLiabilities' xlink:to='loc_InterestExpenseDomesticDepositLiabilitiesWithdrawalPenalties' xlink:type='arc' />
    <link:calculationArc order='10' weight='1.0' xlink:arcrole='https://xbrl.org/2023/arcrole/summation-item' xlink:from='loc_OtherRealEstateCoveredPeriodIncreaseDecrease' xlink:to='loc_OtherRealEstateCoveredAdditions' xlink:type='arc' />
    <link:calculationArc order='20' weight='1.0' xlink:arcrole='https://xbrl.org/2023/arcrole/summation-item' xlink:from='loc_OtherRealEstateCoveredPeriodIncreaseDecrease' xlink:to='loc_OtherRealEstateCoveredImprovements' xlink:type='arc' />
    <link:calculationArc order='30' weight='-1.0' xlink:arcrole='https://xbrl.org/2023/arcrole/summation-item' xlink:from='loc_OtherRealEstateCoveredPeriodIncreaseDecrease' xlink:to='loc_OtherRealEstateCoveredDisposals' xlink:type='arc' />
    <link:calculationArc order='40' weight='-1.0' xlink:arcrole='https://xbrl.org/2023/arcrole/summation-item' xlink:from='loc_OtherRealEstateCoveredPeriodIncreaseDecrease' xlink:to='loc_OtherRealEstateCoveredValuationAdjustments' xlink:type='arc' />
    <link:calculationArc order='10' weight='1.0' xlink:arcrole='https://xbrl.org/2023/arcrole/summation-item' xlink:from='loc_OtherRealEstateNonCoveredPeriodIncreaseDecrease' xlink:to='loc_OtherRealEstateNonCoveredAdditions' xlink:type='arc' />
    <link:calculationArc order='20' weight='1.0' xlink:arcrole='https://xbrl.org/2023/arcrole/summation-item' xlink:from='loc_OtherRealEstateNonCoveredPeriodIncreaseDecrease' xlink:to='loc_OtherRealEstateNonCoveredImprovements' xlink:type='arc' />
    <link:calculationArc order='30' weight='-1.0' xlink:arcrole='https://xbrl.org/2023/arcrole/summation-item' xlink:from='loc_OtherRealEstateNonCoveredPeriodIncreaseDecrease' xlink:to='loc_OtherRealEstateNonCoveredDisposals' xlink:type='arc' />
    <link:calculationArc order='40' weight='-1.0' xlink:arcrole='https://xbrl.org/2023/arcrole/summation-item' xlink:from='loc_OtherRealEstateNonCoveredPeriodIncreaseDecrease' xlink:to='loc_OtherRealEstateNonCoveredValuationAdjustments' xlink:type='arc' />
    <link:calculationArc order='10' weight='1.0' xlink:arcrole='https://xbrl.org/2023/arcrole/summation-item' xlink:from='loc_OtherRealEstatePeriodIncreaseDecrease' xlink:to='loc_OtherRealEstateAdditions' xlink:type='arc' />
    <link:calculationArc order='20' weight='1.0' xlink:arcrole='https://xbrl.org/2023/arcrole/summation-item' xlink:from='loc_OtherRealEstatePeriodIncreaseDecrease' xlink:to='loc_OtherRealEstateImprovements' xlink:type='arc' />
    <link:calculationArc order='30' weight='-1.0' xlink:arcrole='https://xbrl.org/2023/arcrole/summation-item' xlink:from='loc_OtherRealEstatePeriodIncreaseDecrease' xlink:to='loc_OtherRealEstateDisposals' xlink:type='arc' />
    <link:calculationArc order='40' weight='-1.0' xlink:arcrole='https://xbrl.org/2023/arcrole/summation-item' xlink:from='loc_OtherRealEstatePeriodIncreaseDecrease' xlink:to='loc_OtherRealEstateValuationAdjustments' xlink:type='arc' />
    <link:calculationArc order='10' weight='1.0' xlink:arcrole='https://xbrl.org/2023/arcrole/summation-item' xlink:from='loc_SecuredDebt' xlink:to='loc_SecuredDebtRepurchaseAgreements' xlink:type='arc' />
    <link:calculationArc order='20' weight='1.0' xlink:arcrole='https://xbrl.org/2023/arcrole/summation-item' xlink:from='loc_SecuredDebt' xlink:to='loc_SecuredDebtDollarRolls' xlink:type='arc' />
    <link:calculationArc order='30' weight='1.0' xlink:arcrole='https://xbrl.org/2023/arcrole/summation-item' xlink:from='loc_SecuredDebt' xlink:to='loc_SecuredDebtOther' xlink:type='arc' />
    <link:calculationArc order='10' weight='1.0' xlink:arcrole='https://xbrl.org/2023/arcrole/summation-item' xlink:from='loc_TimeDeposits100000OrMore' xlink:to='loc_ContractualMaturitiesTimeDeposits100000OrMoreThreeMonthsOrLess' xlink:type='arc' />
    <link:calculationArc order='20' weight='1.0' xlink:arcrole='https://xbrl.org/2023/arcrole/summation-item' xlink:from='loc_TimeDeposits100000OrMore' xlink:to='loc_ContractualMaturitiesTimeDeposits100000OrMoreThreeMonthsThroughSixMonths' xlink:type='arc' />
    <link:calculationArc order='30' weight='1.0' xlink:arcrole='https://xbrl.org/2023/arcrole/summation-item' xlink:from='loc_TimeDeposits100000OrMore' xlink:to='loc_ContractualMaturitiesTimeDeposits100000OrMoreSixMonthsThrough12Months' xlink:type='arc' />
    <link:calculationArc order='40' weight='1.0' xlink:arcrole='https://xbrl.org/2023/arcrole/summation-item' xlink:from='loc_TimeDeposits100000OrMore' xlink:to='loc_ContractualMaturitiesTimeDeposits100000OrMoreAfter12Months' xlink:type='arc' />
    <link:calculationArc order='10' weight='1.0' xlink:arcrole='https://xbrl.org/2023/arcrole/summation-item' xlink:from='loc_RealEstateOwnedValuationAllowancePeriodIncreaseDecrease' xlink:to='loc_RealEstateOwnedValuationAllowanceProvision1' xlink:type='arc' />
    <link:calculationArc order='20' weight='-1.0' xlink:arcrole='https://xbrl.org/2023/arcrole/summation-item' xlink:from='loc_RealEstateOwnedValuationAllowancePeriodIncreaseDecrease' xlink:to='loc_RealEstateOwnedValuationAllowanceValuationIncrease' xlink:type='arc' />
    <link:calculationArc order='30' weight='-1.0' xlink:arcrole='https://xbrl.org/2023/arcrole/summation-item' xlink:from='loc_RealEstateOwnedValuationAllowancePeriodIncreaseDecrease' xlink:to='loc_RealEstateOwnedValuationAllowanceAmountsApplied' xlink:type='arc' />
    <link:calculationArc order='10' weight='1.0' xlink:arcrole='https://xbrl.org/2023/arcrole/summation-item' xlink:from='loc_RealEstatePartnershipInvestmentSubsidiariesNetIncomeLossBeforeTax' xlink:to='loc_NetIncomeLossFromRealEstateInvestmentPartnershipAttributableToParent' xlink:type='arc' />
    <link:calculationArc order='10' weight='1.0' xlink:arcrole='https://xbrl.org/2023/arcrole/summation-item' xlink:from='loc_NetIncomeLossFromRealEstateInvestmentPartnershipAttributableToParent' xlink:to='loc_NetIncomeLossFromRealEstateInvestmentPartnership' xlink:type='arc' />
    <link:calculationArc order='10' weight='1.0' xlink:arcrole='https://xbrl.org/2023/arcrole/summation-item' xlink:from='loc_NetIncomeLossFromRealEstateInvestmentPartnership' xlink:to='loc_RealEstateInvestmentPartnershipRevenue' xlink:type='arc' />
    <link:calculationArc order='20' weight='-1.0' xlink:arcrole='https://xbrl.org/2023/arcrole/summation-item' xlink:from='loc_NetIncomeLossFromRealEstateInvestmentPartnership' xlink:to='loc_RealEstateInvestmentPartnershipCostOfSales' xlink:type='arc' />
    <link:calculationArc order='30' weight='-1.0' xlink:arcrole='https://xbrl.org/2023/arcrole/summation-item' xlink:from='loc_NetIncomeLossFromRealEstateInvestmentPartnership' xlink:to='loc_OtherExpenseFromRealEstatePartnershipOperations' xlink:type='arc' />
    <link:calculationArc order='20' weight='-1.0' xlink:arcrole='https://xbrl.org/2023/arcrole/summation-item' xlink:from='loc_NetIncomeLossFromRealEstateInvestmentPartnershipAttributableToParent' xlink:to='loc_NetIncomeLossFromRealEstateInvestmentPartnershipAttributableToNoncontrollingInterest' xlink:type='arc' />
    <link:calculationArc order='20' weight='1.0' xlink:arcrole='https://xbrl.org/2023/arcrole/summation-item' xlink:from='loc_RealEstatePartnershipInvestmentSubsidiariesNetIncomeLossBeforeTax' xlink:to='loc_OtherRevenueExpenseFromRealEstateOperations' xlink:type='arc' />
    <link:calculationArc order='10' weight='1.0' xlink:arcrole='https://xbrl.org/2023/arcrole/summation-item' xlink:from='loc_AssetsAverageOutstanding' xlink:to='loc_NoninterestEarningAssetsAverageAmountOutstanding' xlink:type='arc' />
    <link:calculationArc order='20' weight='1.0' xlink:arcrole='https://xbrl.org/2023/arcrole/summation-item' xlink:from='loc_AssetsAverageOutstanding' xlink:to='loc_InterestEarningAssetsAverageAmountOutstanding' xlink:type='arc' />
    <link:calculationArc order='10' weight='1.0' xlink:arcrole='https://xbrl.org/2023/arcrole/summation-item' xlink:from='loc_InterestEarningAssetsAverageAmountOutstanding' xlink:to='loc_FinancingReceivablesBeforeAllowanceForCreditLossAverageAmountOutstanding' xlink:type='arc' />
    <link:calculationArc order='20' weight='1.0' xlink:arcrole='https://xbrl.org/2023/arcrole/summation-item' xlink:from='loc_InterestEarningAssetsAverageAmountOutstanding' xlink:to='loc_TaxableInvestmentSecuritiesAverageAmountOutstanding' xlink:type='arc' />
    <link:calculationArc order='30' weight='1.0' xlink:arcrole='https://xbrl.org/2023/arcrole/summation-item' xlink:from='loc_InterestEarningAssetsAverageAmountOutstanding' xlink:to='loc_NontaxableInvestmentSecuritiesAverageAmountOutstanding' xlink:type='arc' />
    <link:calculationArc order='40' weight='1.0' xlink:arcrole='https://xbrl.org/2023/arcrole/summation-item' xlink:from='loc_InterestEarningAssetsAverageAmountOutstanding' xlink:to='loc_InterestEarningDepositsInBanksAverageAmountOutstanding' xlink:type='arc' />
    <link:calculationArc order='50' weight='1.0' xlink:arcrole='https://xbrl.org/2023/arcrole/summation-item' xlink:from='loc_InterestEarningAssetsAverageAmountOutstanding' xlink:to='loc_FederalFundsSoldAverageOutstanding' xlink:type='arc' />
    <link:calculationArc order='60' weight='1.0' xlink:arcrole='https://xbrl.org/2023/arcrole/summation-item' xlink:from='loc_InterestEarningAssetsAverageAmountOutstanding' xlink:to='loc_SecuritiesPurchasedUnderAgreementsToResellAverageAmountOutstanding' xlink:type='arc' />
    <link:calculationArc order='70' weight='1.0' xlink:arcrole='https://xbrl.org/2023/arcrole/summation-item' xlink:from='loc_InterestEarningAssetsAverageAmountOutstanding' xlink:to='loc_ShortTermInvestmentsOtherAverageAmountOutstanding' xlink:type='arc' />
    <link:calculationArc order='10' weight='1.0' xlink:arcrole='https://xbrl.org/2023/arcrole/summation-item' xlink:from='loc_LiabilitiesAndStockholdersEquityAverageAmountOutstanding' xlink:to='loc_LiabilitiesAverageAmountOutstanding' xlink:type='arc' />
    <link:calculationArc order='10' weight='1.0' xlink:arcrole='https://xbrl.org/2023/arcrole/summation-item' xlink:from='loc_LiabilitiesAverageAmountOutstanding' xlink:to='loc_NoninterestEarningLiabilitiesAverageAmountOutstanding' xlink:type='arc' />
    <link:calculationArc order='20' weight='1.0' xlink:arcrole='https://xbrl.org/2023/arcrole/summation-item' xlink:from='loc_LiabilitiesAverageAmountOutstanding' xlink:to='loc_InterestBearingLiabilitiesAverageAmountOutstanding' xlink:type='arc' />
    <link:calculationArc order='10' weight='1.0' xlink:arcrole='https://xbrl.org/2023/arcrole/summation-item' xlink:from='loc_InterestBearingLiabilitiesAverageAmountOutstanding' xlink:to='loc_SavingsDepositLiabilitiesAverageAmountOutstanding' xlink:type='arc' />
    <link:calculationArc order='20' weight='1.0' xlink:arcrole='https://xbrl.org/2023/arcrole/summation-item' xlink:from='loc_InterestBearingLiabilitiesAverageAmountOutstanding' xlink:to='loc_TimeDepositsLiabilitiesAverageAmountOutstanding' xlink:type='arc' />
    <link:calculationArc order='30' weight='1.0' xlink:arcrole='https://xbrl.org/2023/arcrole/summation-item' xlink:from='loc_InterestBearingLiabilitiesAverageAmountOutstanding' xlink:to='loc_FederalFundsPurchasedAverageAmountOutstanding' xlink:type='arc' />
    <link:calculationArc order='40' weight='1.0' xlink:arcrole='https://xbrl.org/2023/arcrole/summation-item' xlink:from='loc_InterestBearingLiabilitiesAverageAmountOutstanding' xlink:to='loc_SecuritiesSoldUnderAgreementsToRepurchaseAverageAmountOutstanding' xlink:type='arc' />
    <link:calculationArc order='50' weight='1.0' xlink:arcrole='https://xbrl.org/2023/arcrole/summation-item' xlink:from='loc_InterestBearingLiabilitiesAverageAmountOutstanding' xlink:to='loc_CommercialPaperAverageOutstanding' xlink:type='arc' />
    <link:calculationArc order='60' weight='1.0' xlink:arcrole='https://xbrl.org/2023/arcrole/summation-item' xlink:from='loc_InterestBearingLiabilitiesAverageAmountOutstanding' xlink:to='loc_ShorttermDebtAverageOutstandingAmount' xlink:type='arc' />
    <link:calculationArc order='70' weight='1.0' xlink:arcrole='https://xbrl.org/2023/arcrole/summation-item' xlink:from='loc_InterestBearingLiabilitiesAverageAmountOutstanding' xlink:to='loc_LongTermDebtAverageAmountOutstanding' xlink:type='arc' />
    <link:calculationArc order='20' weight='1.0' xlink:arcrole='https://xbrl.org/2023/arcrole/summation-item' xlink:from='loc_LiabilitiesAndStockholdersEquityAverageAmountOutstanding' xlink:to='loc_StockholdersEquityAverageAmountOutstanding' xlink:type='arc' />
    <link:calculationArc order='10' weight='1.0' xlink:arcrole='https://xbrl.org/2023/arcrole/summation-item' xlink:from='loc_InterestIncomeInterestEarningAsset' xlink:to='loc_InterestIncomeFinancingReceivableBeforeAllowanceForCreditLoss' xlink:type='arc' />
    <link:calculationArc order='20' weight='1.0' xlink:arcrole='https://xbrl.org/2023/arcrole/summation-item' xlink:from='loc_InterestIncomeInterestEarningAsset' xlink:to='loc_InterestIncomeSecuritiesTaxable' xlink:type='arc' />
    <link:calculationArc order='30' weight='1.0' xlink:arcrole='https://xbrl.org/2023/arcrole/summation-item' xlink:from='loc_InterestIncomeInterestEarningAsset' xlink:to='loc_InterestIncomeSecuritiesTaxExempt' xlink:type='arc' />
    <link:calculationArc order='40' weight='1.0' xlink:arcrole='https://xbrl.org/2023/arcrole/summation-item' xlink:from='loc_InterestIncomeInterestEarningAsset' xlink:to='loc_InterestIncomeDepositsWithFinancialInstitutions' xlink:type='arc' />
    <link:calculationArc order='50' weight='1.0' xlink:arcrole='https://xbrl.org/2023/arcrole/summation-item' xlink:from='loc_InterestIncomeInterestEarningAsset' xlink:to='loc_InterestIncomeFederalFundsSold' xlink:type='arc' />
    <link:calculationArc order='60' weight='1.0' xlink:arcrole='https://xbrl.org/2023/arcrole/summation-item' xlink:from='loc_InterestIncomeInterestEarningAsset' xlink:to='loc_InterestIncomeSecuritiesPurchasedUnderAgreementsToResell' xlink:type='arc' />
    <link:calculationArc order='70' weight='1.0' xlink:arcrole='https://xbrl.org/2023/arcrole/summation-item' xlink:from='loc_InterestIncomeInterestEarningAsset' xlink:to='loc_InterestIncomeShortTermInvestmentOther' xlink:type='arc' />
    <link:calculationArc order='10' weight='1.0' xlink:arcrole='https://xbrl.org/2023/arcrole/summation-item' xlink:from='loc_InterestExpenseInterestBearingLiability' xlink:to='loc_InterestExpenseSavingsDeposits' xlink:type='arc' />
    <link:calculationArc order='20' weight='1.0' xlink:arcrole='https://xbrl.org/2023/arcrole/summation-item' xlink:from='loc_InterestExpenseInterestBearingLiability' xlink:to='loc_InterestExpenseTimeDeposits' xlink:type='arc' />
    <link:calculationArc order='30' weight='1.0' xlink:arcrole='https://xbrl.org/2023/arcrole/summation-item' xlink:from='loc_InterestExpenseInterestBearingLiability' xlink:to='loc_InterestExpenseFederalFundsPurchased' xlink:type='arc' />
    <link:calculationArc order='40' weight='1.0' xlink:arcrole='https://xbrl.org/2023/arcrole/summation-item' xlink:from='loc_InterestExpenseInterestBearingLiability' xlink:to='loc_InterestExpenseSecuritiesSoldUnderAgreementsToRepurchase' xlink:type='arc' />
    <link:calculationArc order='50' weight='1.0' xlink:arcrole='https://xbrl.org/2023/arcrole/summation-item' xlink:from='loc_InterestExpenseInterestBearingLiability' xlink:to='loc_InterestExpenseShortTermBorrowings' xlink:type='arc' />
    <link:calculationArc order='60' weight='1.0' xlink:arcrole='https://xbrl.org/2023/arcrole/summation-item' xlink:from='loc_InterestExpenseInterestBearingLiability' xlink:to='loc_InterestExpenseLongTermDebt' xlink:type='arc' />
    <link:calculationArc order='70' weight='1.0' xlink:arcrole='https://xbrl.org/2023/arcrole/summation-item' xlink:from='loc_InterestExpenseInterestBearingLiability' xlink:to='loc_InterestExpenseCommercialPaper' xlink:type='arc' />
    <link:calculationArc order='10' weight='1.0' xlink:arcrole='https://xbrl.org/2023/arcrole/summation-item' xlink:from='loc_InterestIncomeInterestEarningAssetIncreaseDecrease' xlink:to='loc_InterestIncomeFinancingReceivableBeforeAllowanceForCreditLossIncreaseDecrease' xlink:type='arc' />
    <link:calculationArc order='20' weight='1.0' xlink:arcrole='https://xbrl.org/2023/arcrole/summation-item' xlink:from='loc_InterestIncomeInterestEarningAssetIncreaseDecrease' xlink:to='loc_InterestIncomeTaxableInvestmentSecuritiesIncreaseDecrease' xlink:type='arc' />
    <link:calculationArc order='30' weight='1.0' xlink:arcrole='https://xbrl.org/2023/arcrole/summation-item' xlink:from='loc_InterestIncomeInterestEarningAssetIncreaseDecrease' xlink:to='loc_InterestIncomeNontaxableInvestmentSecurityIncreaseDecrease' xlink:type='arc' />
    <link:calculationArc order='40' weight='1.0' xlink:arcrole='https://xbrl.org/2023/arcrole/summation-item' xlink:from='loc_InterestIncomeInterestEarningAssetIncreaseDecrease' xlink:to='loc_InterestIncomeDepositWithFinancialInstitutionIncreaseDecrease' xlink:type='arc' />
    <link:calculationArc order='50' weight='1.0' xlink:arcrole='https://xbrl.org/2023/arcrole/summation-item' xlink:from='loc_InterestIncomeInterestEarningAssetIncreaseDecrease' xlink:to='loc_InterestIncomeFederalFundsSoldIncreaseDecrease' xlink:type='arc' />
    <link:calculationArc order='60' weight='1.0' xlink:arcrole='https://xbrl.org/2023/arcrole/summation-item' xlink:from='loc_InterestIncomeInterestEarningAssetIncreaseDecrease' xlink:to='loc_InterestIncomeSecurityPurchasedUnderAgreementToResellIncreaseDecrease' xlink:type='arc' />
    <link:calculationArc order='70' weight='1.0' xlink:arcrole='https://xbrl.org/2023/arcrole/summation-item' xlink:from='loc_InterestIncomeInterestEarningAssetIncreaseDecrease' xlink:to='loc_InterestIncomeShortTermInvestmentIncreaseDecrease' xlink:type='arc' />
    <link:calculationArc order='80' weight='1.0' xlink:arcrole='https://xbrl.org/2023/arcrole/summation-item' xlink:from='loc_InterestIncomeInterestEarningAssetIncreaseDecrease' xlink:to='loc_InterestIncomeShortTermInvestmentOtherIncreaseDecrease' xlink:type='arc' />
    <link:calculationArc order='10' weight='1.0' xlink:arcrole='https://xbrl.org/2023/arcrole/summation-item' xlink:from='loc_InterestExpenseInterestBearingLiabilityIncreaseDecrease' xlink:to='loc_InterestExpenseSavingsDepositIncreaseDecrease' xlink:type='arc' />
    <link:calculationArc order='20' weight='1.0' xlink:arcrole='https://xbrl.org/2023/arcrole/summation-item' xlink:from='loc_InterestExpenseInterestBearingLiabilityIncreaseDecrease' xlink:to='loc_InterestExpenseTimeDepositIncreaseDecrease' xlink:type='arc' />
    <link:calculationArc order='30' weight='1.0' xlink:arcrole='https://xbrl.org/2023/arcrole/summation-item' xlink:from='loc_InterestExpenseInterestBearingLiabilityIncreaseDecrease' xlink:to='loc_InterestExpenseFederalFundsPurchasedIncreaseDecrease' xlink:type='arc' />
    <link:calculationArc order='40' weight='1.0' xlink:arcrole='https://xbrl.org/2023/arcrole/summation-item' xlink:from='loc_InterestExpenseInterestBearingLiabilityIncreaseDecrease' xlink:to='loc_InterestExpenseSecuritySoldUnderAgreementToRepurchaseIncreaseDecrease' xlink:type='arc' />
    <link:calculationArc order='50' weight='1.0' xlink:arcrole='https://xbrl.org/2023/arcrole/summation-item' xlink:from='loc_InterestExpenseInterestBearingLiabilityIncreaseDecrease' xlink:to='loc_InterestExpenseShortTermDebtOtherIncreaseDecrease' xlink:type='arc' />
    <link:calculationArc order='60' weight='1.0' xlink:arcrole='https://xbrl.org/2023/arcrole/summation-item' xlink:from='loc_InterestExpenseInterestBearingLiabilityIncreaseDecrease' xlink:to='loc_InterestExpenseLongTermDebtIncreaseDecrease' xlink:type='arc' />
    <link:calculationArc order='10' weight='1.0' xlink:arcrole='https://xbrl.org/2023/arcrole/summation-item' xlink:from='loc_NotesReceivableGross' xlink:to='loc_FinancingReceivableBeforeAllowanceForCreditLossMaturityYearOne' xlink:type='arc' />
    <link:calculationArc order='20' weight='1.0' xlink:arcrole='https://xbrl.org/2023/arcrole/summation-item' xlink:from='loc_NotesReceivableGross' xlink:to='loc_FinancingReceivableBeforeAllowanceForCreditLossMaturityAfterYearOneThroughFive' xlink:type='arc' />
    <link:calculationArc order='30' weight='1.0' xlink:arcrole='https://xbrl.org/2023/arcrole/summation-item' xlink:from='loc_NotesReceivableGross' xlink:to='loc_FinancingReceivableBeforeAllowanceForCreditLossMaturityAfterYearFiveThoughFifteen' xlink:type='arc' />
    <link:calculationArc order='40' weight='1.0' xlink:arcrole='https://xbrl.org/2023/arcrole/summation-item' xlink:from='loc_NotesReceivableGross' xlink:to='loc_FinancingReceivableBeforeAllowanceForCreditLossMaturityAfterYearFifteen' xlink:type='arc' />
    <link:calculationArc order='10' weight='1.0' xlink:arcrole='https://xbrl.org/2023/arcrole/summation-item' xlink:from='loc_TimeDepositLiabilityAboveUsInsuranceLimit' xlink:to='loc_TimeDepositLiabilityAboveUsInsuranceLimitMaturityThreeMonthsOrLess' xlink:type='arc' />
    <link:calculationArc order='20' weight='1.0' xlink:arcrole='https://xbrl.org/2023/arcrole/summation-item' xlink:from='loc_TimeDepositLiabilityAboveUsInsuranceLimit' xlink:to='loc_TimeDepositLiabilityAboveUsInsuranceLimitMaturityOverThreeMonthsThroughSixMonths' xlink:type='arc' />
    <link:calculationArc order='30' weight='1.0' xlink:arcrole='https://xbrl.org/2023/arcrole/summation-item' xlink:from='loc_TimeDepositLiabilityAboveUsInsuranceLimit' xlink:to='loc_TimeDepositLiabilityAboveUsInsuranceLimitMaturityOverSixMonthsThroughTwelveMonths' xlink:type='arc' />
    <link:calculationArc order='40' weight='1.0' xlink:arcrole='https://xbrl.org/2023/arcrole/summation-item' xlink:from='loc_TimeDepositLiabilityAboveUsInsuranceLimit' xlink:to='loc_TimeDepositLiabilityAboveUsInsuranceLimitMaturityOver12Months' xlink:type='arc' />
    <link:calculationArc order='10' weight='1.0' xlink:arcrole='https://xbrl.org/2023/arcrole/summation-item' xlink:from='loc_TimeDepositLiabilityUninsured' xlink:to='loc_TimeDepositLiabilityUninsuredMaturityThreeMonthsOrLess' xlink:type='arc' />
    <link:calculationArc order='20' weight='1.0' xlink:arcrole='https://xbrl.org/2023/arcrole/summation-item' xlink:from='loc_TimeDepositLiabilityUninsured' xlink:to='loc_TimeDepositLiabilityUninsuredMaturityOverThreeMonthsThroughSixMonths' xlink:type='arc' />
    <link:calculationArc order='30' weight='1.0' xlink:arcrole='https://xbrl.org/2023/arcrole/summation-item' xlink:from='loc_TimeDepositLiabilityUninsured' xlink:to='loc_TimeDepositLiabilityUninsuredMaturityOverSixMonthsThroughTwelveMonths' xlink:type='arc' />
    <link:calculationArc order='40' weight='1.0' xlink:arcrole='https://xbrl.org/2023/arcrole/summation-item' xlink:from='loc_TimeDepositLiabilityUninsured' xlink:to='loc_TimeDepositLiabilityUninsuredMaturityOverTwelveMonths' xlink:type='arc' />
    <link:calculationArc order='10' weight='-1.0' xlink:arcrole='https://xbrl.org/2023/arcrole/summation-item' xlink:from='loc_DebtSecuritiesHeldToMaturityAmortizedCostAfterAllowanceForCreditLoss' xlink:to='loc_DebtSecuritiesHeldToMaturityAllowanceForCreditLoss' xlink:type='arc' />
    <link:calculationArc order='20' weight='1.0' xlink:arcrole='https://xbrl.org/2023/arcrole/summation-item' xlink:from='loc_DebtSecuritiesHeldToMaturityAmortizedCostAfterAllowanceForCreditLoss' xlink:to='loc_HeldToMaturitySecurities' xlink:type='arc' />
    <link:calculationArc order='10' weight='1.0' xlink:arcrole='https://xbrl.org/2023/arcrole/summation-item' xlink:from='loc_FinancingReceivableExcludingAccruedInterestAfterAllowanceForCreditLossCurrent' xlink:to='loc_FinancingReceivableExcludingAccruedInterestBeforeAllowanceForCreditLossCurrent' xlink:type='arc' />
    <link:calculationArc order='20' weight='-1.0' xlink:arcrole='https://xbrl.org/2023/arcrole/summation-item' xlink:from='loc_FinancingReceivableExcludingAccruedInterestAfterAllowanceForCreditLossCurrent' xlink:to='loc_FinancingReceivableAllowanceForCreditLossExcludingAccruedInterestCurrent' xlink:type='arc' />
    <link:calculationArc order='10' weight='1.0' xlink:arcrole='https://xbrl.org/2023/arcrole/summation-item' xlink:from='loc_DebtSecuritiesHeldToMaturityExcludingAccruedInterestAfterAllowanceForCreditLossCurrent' xlink:to='loc_DebtSecuritiesHeldToMaturityExcludingAccruedInterestBeforeAllowanceForCreditLossCurrent' xlink:type='arc' />
    <link:calculationArc order='20' weight='-1.0' xlink:arcrole='https://xbrl.org/2023/arcrole/summation-item' xlink:from='loc_DebtSecuritiesHeldToMaturityExcludingAccruedInterestAfterAllowanceForCreditLossCurrent' xlink:to='loc_DebtSecuritiesHeldToMaturityAllowanceForCreditLossExcludingAccruedInterestCurrent' xlink:type='arc' />
    <link:calculationArc order='10' weight='1.0' xlink:arcrole='https://xbrl.org/2023/arcrole/summation-item' xlink:from='loc_NetInvestmentInLeaseExcludingAccruedInterestAfterAllowanceForCreditLossCurrent' xlink:to='loc_NetInvestmentInLeaseExcludingAccruedInterestBeforeAllowanceForCreditLossCurrent' xlink:type='arc' />
    <link:calculationArc order='20' weight='-1.0' xlink:arcrole='https://xbrl.org/2023/arcrole/summation-item' xlink:from='loc_NetInvestmentInLeaseExcludingAccruedInterestAfterAllowanceForCreditLossCurrent' xlink:to='loc_NetInvestmentInLeaseAllowanceForCreditLossExcludingAccruedInterestCurrent' xlink:type='arc' />
    <link:calculationArc order='10' weight='1.0' xlink:arcrole='https://xbrl.org/2023/arcrole/summation-item' xlink:from='loc_DebtSecuritiesAvailableForSaleAmortizedCostExcludingAccruedInterestAfterAllowanceForCreditLossCurrent' xlink:to='loc_DebtSecuritiesAvailableForSaleAmortizedCostExcludingAccruedInterestBeforeAllowanceForCreditLossCurrent' xlink:type='arc' />
    <link:calculationArc order='20' weight='-1.0' xlink:arcrole='https://xbrl.org/2023/arcrole/summation-item' xlink:from='loc_DebtSecuritiesAvailableForSaleAmortizedCostExcludingAccruedInterestAfterAllowanceForCreditLossCurrent' xlink:to='loc_DebtSecuritiesAvailableForSaleAmortizedCostAllowanceForCreditLossExcludingAccruedInterestCurrent' xlink:type='arc' />
    <link:calculationArc order='10' weight='1.0' xlink:arcrole='https://xbrl.org/2023/arcrole/summation-item' xlink:from='loc_AccountsReceivableExcludingAccruedInterestAfterAllowanceForCreditLossNoncurrent' xlink:to='loc_AccountsReceivableExcludingAccruedInterestBeforeAllowanceForCreditLossNoncurrent' xlink:type='arc' />
    <link:calculationArc order='20' weight='-1.0' xlink:arcrole='https://xbrl.org/2023/arcrole/summation-item' xlink:from='loc_AccountsReceivableExcludingAccruedInterestAfterAllowanceForCreditLossNoncurrent' xlink:to='loc_AccountsReceivableAllowanceForCreditLossExcludingAccruedInterestNoncurrent' xlink:type='arc' />
    <link:calculationArc order='10' weight='1.0' xlink:arcrole='https://xbrl.org/2023/arcrole/summation-item' xlink:from='loc_FinancingReceivableExcludingAccruedInterestAfterAllowanceForCreditLossNoncurrent' xlink:to='loc_FinancingReceivableExcludingAccruedInterestBeforeAllowanceForCreditLossNoncurrent' xlink:type='arc' />
    <link:calculationArc order='20' weight='-1.0' xlink:arcrole='https://xbrl.org/2023/arcrole/summation-item' xlink:from='loc_FinancingReceivableExcludingAccruedInterestAfterAllowanceForCreditLossNoncurrent' xlink:to='loc_FinancingReceivableAllowanceForCreditLossExcludingAccruedInterestNoncurrent' xlink:type='arc' />
    <link:calculationArc order='10' weight='1.0' xlink:arcrole='https://xbrl.org/2023/arcrole/summation-item' xlink:from='loc_DebtSecuritiesHeldToMaturityExcludingAccruedInterestAfterAllowanceForCreditLossNoncurrent' xlink:to='loc_DebtSecuritiesHeldToMaturityExcludingAccruedInterestBeforeAllowanceForCreditLossNoncurrent' xlink:type='arc' />
    <link:calculationArc order='20' weight='-1.0' xlink:arcrole='https://xbrl.org/2023/arcrole/summation-item' xlink:from='loc_DebtSecuritiesHeldToMaturityExcludingAccruedInterestAfterAllowanceForCreditLossNoncurrent' xlink:to='loc_DebtSecuritiesHeldToMaturityAllowanceForCreditLossExcludingAccruedInterestNoncurrent' xlink:type='arc' />
    <link:calculationArc order='10' weight='1.0' xlink:arcrole='https://xbrl.org/2023/arcrole/summation-item' xlink:from='loc_NetInvestmentInLeaseExcludingAccruedInterestAfterAllowanceForCreditLossNoncurrent' xlink:to='loc_NetInvestmentInLeaseExcludingAccruedInterestBeforeAllowanceForCreditLossNoncurrent' xlink:type='arc' />
    <link:calculationArc order='20' weight='-1.0' xlink:arcrole='https://xbrl.org/2023/arcrole/summation-item' xlink:from='loc_NetInvestmentInLeaseExcludingAccruedInterestAfterAllowanceForCreditLossNoncurrent' xlink:to='loc_NetInvestmentInLeaseAllowanceForCreditLossExcludingAccruedInterestNoncurrent' xlink:type='arc' />
    <link:calculationArc order='10' weight='1.0' xlink:arcrole='https://xbrl.org/2023/arcrole/summation-item' xlink:from='loc_DebtSecuritiesAvailableForSaleAmortizedCostExcludingAccruedInterestAfterAllowanceForCreditLossNoncurrent' xlink:to='loc_DebtSecuritiesAvailableForSaleAmortizedCostExcludingAccruedInterestBeforeAllowanceForCreditLossNoncurrent' xlink:type='arc' />
    <link:calculationArc order='20' weight='-1.0' xlink:arcrole='https://xbrl.org/2023/arcrole/summation-item' xlink:from='loc_DebtSecuritiesAvailableForSaleAmortizedCostExcludingAccruedInterestAfterAllowanceForCreditLossNoncurrent' xlink:to='loc_DebtSecuritiesAvailableForSaleAmortizedCostAllowanceForCreditLossExcludingAccruedInterestNoncurrent' xlink:type='arc' />
  </link:calculationLink>
</link:linkbase>
