<?xml version='1.0' encoding='UTF-8'?>

<!--
(c) 2010-2025 Financial Accounting Foundation; (c) 2007-2010 XBRL US, Inc.  All Rights Reserved.
Notice: Authorized Uses are Set Forth at https://xbrl.fasb.org/terms/TaxonomiesTermsConditions.html
  -->
<link:linkbase xmlns:link='http://www.xbrl.org/2003/linkbase' xmlns:xlink='http://www.w3.org/1999/xlink' xmlns:xsi='http://www.w3.org/2001/XMLSchema-instance' xsi:schemaLocation='http://www.xbrl.org/2003/linkbase http://www.xbrl.org/2003/xbrl-linkbase-2003-12-31.xsd'>
  <link:arcroleRef arcroleURI='https://xbrl.org/2023/arcrole/summation-item' xlink:href='https://www.xbrl.org/2023/calculation-1.1.xsd#summation-item' xlink:type='simple'/>
  <link:roleRef roleURI='http://fasb.org/us-gaap/role/disclosure/BalanceSheetOffsetting' xlink:href='../elts/us-roles-2025.xsd#bsoff' xlink:type='simple' />
  <link:calculationLink xlink:role='http://fasb.org/us-gaap/role/disclosure/BalanceSheetOffsetting' xlink:type='extended'>
    <link:loc xlink:href='../elts/us-gaap-2025.xsd#us-gaap_DerivativeAssetFairValueAfterOffsetAndDeductionSubjectToMasterNettingArrangement' xlink:label='loc_DerivativeAssetFairValueAfterOffsetAndDeductionSubjectToMasterNettingArrangement' xlink:type='locator' />
    <link:loc xlink:href='../elts/us-gaap-2025.xsd#us-gaap_DerivativeAssetNotOffsetPolicyElectionDeduction' xlink:label='loc_DerivativeAssetNotOffsetPolicyElectionDeduction' xlink:type='locator' />
    <link:loc xlink:href='../elts/us-gaap-2025.xsd#us-gaap_DerivativeCollateralObligationToReturnSecurities' xlink:label='loc_DerivativeCollateralObligationToReturnSecurities' xlink:type='locator' />
    <link:loc xlink:href='../elts/us-gaap-2025.xsd#us-gaap_DerivativeCollateralObligationToReturnCash' xlink:label='loc_DerivativeCollateralObligationToReturnCash' xlink:type='locator' />
    <link:loc xlink:href='../elts/us-gaap-2025.xsd#us-gaap_DerivativeAssetAfterOffsetSubjectToMasterNettingArrangement' xlink:label='loc_DerivativeAssetAfterOffsetSubjectToMasterNettingArrangement' xlink:type='locator' />
    <link:loc xlink:href='../elts/us-gaap-2025.xsd#us-gaap_DerivativeAssetCollateralObligationToReturnCashOffset' xlink:label='loc_DerivativeAssetCollateralObligationToReturnCashOffset' xlink:type='locator' />
    <link:loc xlink:href='../elts/us-gaap-2025.xsd#us-gaap_DerivativeFairValueOfDerivativeAssetAmountNotOffsetAgainstCollateral' xlink:label='loc_DerivativeFairValueOfDerivativeAssetAmountNotOffsetAgainstCollateral' xlink:type='locator' />
    <link:loc xlink:href='../elts/us-gaap-2025.xsd#us-gaap_DerivativeFairValueOfDerivativeAsset' xlink:label='loc_DerivativeFairValueOfDerivativeAsset' xlink:type='locator' />
    <link:loc xlink:href='../elts/us-gaap-2025.xsd#us-gaap_DerivativeAssetFairValueGrossLiability' xlink:label='loc_DerivativeAssetFairValueGrossLiability' xlink:type='locator' />
    <link:loc xlink:href='../elts/us-gaap-2025.xsd#us-gaap_SecurityPurchasedUnderAgreementToResellAfterOffsetAndDeductionSubjectToMasterNettingArrangement' xlink:label='loc_SecurityPurchasedUnderAgreementToResellAfterOffsetAndDeductionSubjectToMasterNettingArrangement' xlink:type='locator' />
    <link:loc xlink:href='../elts/us-gaap-2025.xsd#us-gaap_SecuritiesPurchasedUnderAgreementsToResellNotOffsetPolicyElectionDeduction' xlink:label='loc_SecuritiesPurchasedUnderAgreementsToResellNotOffsetPolicyElectionDeduction' xlink:type='locator' />
    <link:loc xlink:href='../elts/us-gaap-2025.xsd#us-gaap_SecuritiesPurchasedUnderAgreementsToResellCollateralObligationToReturnSecurities' xlink:label='loc_SecuritiesPurchasedUnderAgreementsToResellCollateralObligationToReturnSecurities' xlink:type='locator' />
    <link:loc xlink:href='../elts/us-gaap-2025.xsd#us-gaap_SecuritiesPurchasedUnderAgreementsToResellCollateralObligationToReturnCash' xlink:label='loc_SecuritiesPurchasedUnderAgreementsToResellCollateralObligationToReturnCash' xlink:type='locator' />
    <link:loc xlink:href='../elts/us-gaap-2025.xsd#us-gaap_SecurityPurchasedUnderAgreementToResellAfterOffsetSubjectToMasterNettingArrangement' xlink:label='loc_SecurityPurchasedUnderAgreementToResellAfterOffsetSubjectToMasterNettingArrangement' xlink:type='locator' />
    <link:loc xlink:href='../elts/us-gaap-2025.xsd#us-gaap_SecuritiesPurchasedUnderAgreementsToResellGross' xlink:label='loc_SecuritiesPurchasedUnderAgreementsToResellGross' xlink:type='locator' />
    <link:loc xlink:href='../elts/us-gaap-2025.xsd#us-gaap_SecuritiesPurchasedUnderAgreementsToResellLiability' xlink:label='loc_SecuritiesPurchasedUnderAgreementsToResellLiability' xlink:type='locator' />
    <link:loc xlink:href='../elts/us-gaap-2025.xsd#us-gaap_SecurityBorrowedAfterOffsetAndDeductionSubjectToMasterNettingArrangement' xlink:label='loc_SecurityBorrowedAfterOffsetAndDeductionSubjectToMasterNettingArrangement' xlink:type='locator' />
    <link:loc xlink:href='../elts/us-gaap-2025.xsd#us-gaap_SecuritiesBorrowedNotOffsetPolicyElectionDeduction' xlink:label='loc_SecuritiesBorrowedNotOffsetPolicyElectionDeduction' xlink:type='locator' />
    <link:loc xlink:href='../elts/us-gaap-2025.xsd#us-gaap_SecuritiesBorrowedCollateralObligationToReturnSecurities' xlink:label='loc_SecuritiesBorrowedCollateralObligationToReturnSecurities' xlink:type='locator' />
    <link:loc xlink:href='../elts/us-gaap-2025.xsd#us-gaap_SecuritiesBorrowedCollateralObligationToReturnCash' xlink:label='loc_SecuritiesBorrowedCollateralObligationToReturnCash' xlink:type='locator' />
    <link:loc xlink:href='../elts/us-gaap-2025.xsd#us-gaap_SecurityBorrowedAfterOffsetSubjectToMasterNettingArrangement' xlink:label='loc_SecurityBorrowedAfterOffsetSubjectToMasterNettingArrangement' xlink:type='locator' />
    <link:loc xlink:href='../elts/us-gaap-2025.xsd#us-gaap_SecuritiesBorrowedGross' xlink:label='loc_SecuritiesBorrowedGross' xlink:type='locator' />
    <link:loc xlink:href='../elts/us-gaap-2025.xsd#us-gaap_SecuritiesBorrowedLiability' xlink:label='loc_SecuritiesBorrowedLiability' xlink:type='locator' />
    <link:loc xlink:href='../elts/us-gaap-2025.xsd#us-gaap_DerivativeLiabilityFairValueAfterOffsetAndDeductionSubjectToMasterNettingArrangement' xlink:label='loc_DerivativeLiabilityFairValueAfterOffsetAndDeductionSubjectToMasterNettingArrangement' xlink:type='locator' />
    <link:loc xlink:href='../elts/us-gaap-2025.xsd#us-gaap_DerivativeLiabilityNotOffsetPolicyElectionDeduction' xlink:label='loc_DerivativeLiabilityNotOffsetPolicyElectionDeduction' xlink:type='locator' />
    <link:loc xlink:href='../elts/us-gaap-2025.xsd#us-gaap_DerivativeCollateralRightToReclaimCash' xlink:label='loc_DerivativeCollateralRightToReclaimCash' xlink:type='locator' />
    <link:loc xlink:href='../elts/us-gaap-2025.xsd#us-gaap_DerivativeCollateralRightToReclaimSecurities' xlink:label='loc_DerivativeCollateralRightToReclaimSecurities' xlink:type='locator' />
    <link:loc xlink:href='../elts/us-gaap-2025.xsd#us-gaap_DerivativeLiabilityAfterOffsetSubjectToMasterNettingArrangement' xlink:label='loc_DerivativeLiabilityAfterOffsetSubjectToMasterNettingArrangement' xlink:type='locator' />
    <link:loc xlink:href='../elts/us-gaap-2025.xsd#us-gaap_DerivativeLiabilityCollateralRightToReclaimCashOffset' xlink:label='loc_DerivativeLiabilityCollateralRightToReclaimCashOffset' xlink:type='locator' />
    <link:loc xlink:href='../elts/us-gaap-2025.xsd#us-gaap_DerivativeFairValueOfDerivativeLiabilityAmountNotOffsetAgainstCollateral' xlink:label='loc_DerivativeFairValueOfDerivativeLiabilityAmountNotOffsetAgainstCollateral' xlink:type='locator' />
    <link:loc xlink:href='../elts/us-gaap-2025.xsd#us-gaap_DerivativeFairValueOfDerivativeLiability' xlink:label='loc_DerivativeFairValueOfDerivativeLiability' xlink:type='locator' />
    <link:loc xlink:href='../elts/us-gaap-2025.xsd#us-gaap_DerivativeLiabilityFairValueGrossAsset' xlink:label='loc_DerivativeLiabilityFairValueGrossAsset' xlink:type='locator' />
    <link:loc xlink:href='../elts/us-gaap-2025.xsd#us-gaap_SecurityLoanedAfterOffsetAndDeductionSubjectToMasterNettingArrangement' xlink:label='loc_SecurityLoanedAfterOffsetAndDeductionSubjectToMasterNettingArrangement' xlink:type='locator' />
    <link:loc xlink:href='../elts/us-gaap-2025.xsd#us-gaap_SecuritiesLoanedNotOffsetPolicyElectionDeduction' xlink:label='loc_SecuritiesLoanedNotOffsetPolicyElectionDeduction' xlink:type='locator' />
    <link:loc xlink:href='../elts/us-gaap-2025.xsd#us-gaap_SecuritiesLoanedCollateralRightToReclaimSecurities' xlink:label='loc_SecuritiesLoanedCollateralRightToReclaimSecurities' xlink:type='locator' />
    <link:loc xlink:href='../elts/us-gaap-2025.xsd#us-gaap_SecuritiesLoanedCollateralRightToReclaimCash' xlink:label='loc_SecuritiesLoanedCollateralRightToReclaimCash' xlink:type='locator' />
    <link:loc xlink:href='../elts/us-gaap-2025.xsd#us-gaap_SecurityLoanedAfterOffsetSubjectToMasterNettingArrangement' xlink:label='loc_SecurityLoanedAfterOffsetSubjectToMasterNettingArrangement' xlink:type='locator' />
    <link:loc xlink:href='../elts/us-gaap-2025.xsd#us-gaap_SecuritiesLoanedGross' xlink:label='loc_SecuritiesLoanedGross' xlink:type='locator' />
    <link:loc xlink:href='../elts/us-gaap-2025.xsd#us-gaap_SecuritiesLoanedAsset' xlink:label='loc_SecuritiesLoanedAsset' xlink:type='locator' />
    <link:loc xlink:href='../elts/us-gaap-2025.xsd#us-gaap_SecuritySoldUnderAgreementToRepurchaseAfterOffsetAndDeductionSubjectToMasterNettingArrangement' xlink:label='loc_SecuritySoldUnderAgreementToRepurchaseAfterOffsetAndDeductionSubjectToMasterNettingArrangement' xlink:type='locator' />
    <link:loc xlink:href='../elts/us-gaap-2025.xsd#us-gaap_SecuritiesSoldUnderAgreementsToResellNotOffsetPolicyElectionDeduction' xlink:label='loc_SecuritiesSoldUnderAgreementsToResellNotOffsetPolicyElectionDeduction' xlink:type='locator' />
    <link:loc xlink:href='../elts/us-gaap-2025.xsd#us-gaap_SecuritiesSoldUnderAgreementsToRepurchaseCollateralRightToReclaimSecurities' xlink:label='loc_SecuritiesSoldUnderAgreementsToRepurchaseCollateralRightToReclaimSecurities' xlink:type='locator' />
    <link:loc xlink:href='../elts/us-gaap-2025.xsd#us-gaap_SecuritiesSoldUnderAgreementsToRepurchaseCollateralRightToReclaimCash' xlink:label='loc_SecuritiesSoldUnderAgreementsToRepurchaseCollateralRightToReclaimCash' xlink:type='locator' />
    <link:loc xlink:href='../elts/us-gaap-2025.xsd#us-gaap_SecuritySoldUnderAgreementToRepurchaseAfterOffsetSubjectToMasterNettingArrangement' xlink:label='loc_SecuritySoldUnderAgreementToRepurchaseAfterOffsetSubjectToMasterNettingArrangement' xlink:type='locator' />
    <link:loc xlink:href='../elts/us-gaap-2025.xsd#us-gaap_SecuritiesSoldUnderAgreementsToRepurchaseGross' xlink:label='loc_SecuritiesSoldUnderAgreementsToRepurchaseGross' xlink:type='locator' />
    <link:loc xlink:href='../elts/us-gaap-2025.xsd#us-gaap_SecuritiesSoldUnderAgreementsToRepurchaseAsset' xlink:label='loc_SecuritiesSoldUnderAgreementsToRepurchaseAsset' xlink:type='locator' />
    <link:loc xlink:href='../elts/us-gaap-2025.xsd#us-gaap_DerivativeFairValueOfDerivativeAssetAmountOffsetAgainstCollateral' xlink:label='loc_DerivativeFairValueOfDerivativeAssetAmountOffsetAgainstCollateral' xlink:type='locator' />
    <link:loc xlink:href='../elts/us-gaap-2025.xsd#us-gaap_DerivativeAssets' xlink:label='loc_DerivativeAssets' xlink:type='locator' />
    <link:loc xlink:href='../elts/us-gaap-2025.xsd#us-gaap_DerivativeAssetFairValueGrossAssetIncludingNotSubjectToMasterNettingArrangement' xlink:label='loc_DerivativeAssetFairValueGrossAssetIncludingNotSubjectToMasterNettingArrangement' xlink:type='locator' />
    <link:loc xlink:href='../elts/us-gaap-2025.xsd#us-gaap_DerivativeAssetNotSubjectToMasterNettingArrangement' xlink:label='loc_DerivativeAssetNotSubjectToMasterNettingArrangement' xlink:type='locator' />
    <link:loc xlink:href='../elts/us-gaap-2025.xsd#us-gaap_DerivativeAssetFairValueGrossLiabilityAndObligationToReturnCashOffset' xlink:label='loc_DerivativeAssetFairValueGrossLiabilityAndObligationToReturnCashOffset' xlink:type='locator' />
    <link:loc xlink:href='../elts/us-gaap-2025.xsd#us-gaap_DerivativeAssetSecuritiesPurchasedUnderAgreementsToResellSecuritiesBorrowedAmountOffsetAgainstCollateral' xlink:label='loc_DerivativeAssetSecuritiesPurchasedUnderAgreementsToResellSecuritiesBorrowedAmountOffsetAgainstCollateral' xlink:type='locator' />
    <link:loc xlink:href='../elts/us-gaap-2025.xsd#us-gaap_DerivativeAssetSecuritiesPurchasedUnderAgreementsToResellSecuritiesBorrowedCollateralObligationToReturnSecurities' xlink:label='loc_DerivativeAssetSecuritiesPurchasedUnderAgreementsToResellSecuritiesBorrowedCollateralObligationToReturnSecurities' xlink:type='locator' />
    <link:loc xlink:href='../elts/us-gaap-2025.xsd#us-gaap_DerivativeAssetSecuritiesPurchasedUnderAgreementsToResellSecuritiesBorrowedCollateralObligationToReturnCash' xlink:label='loc_DerivativeAssetSecuritiesPurchasedUnderAgreementsToResellSecuritiesBorrowedCollateralObligationToReturnCash' xlink:type='locator' />
    <link:loc xlink:href='../elts/us-gaap-2025.xsd#us-gaap_DerivativeAssetSecuritiesPurchasedUnderAgreementsToResellSecuritiesBorrowedNotOffsetPolicyElectionDeduction' xlink:label='loc_DerivativeAssetSecuritiesPurchasedUnderAgreementsToResellSecuritiesBorrowedNotOffsetPolicyElectionDeduction' xlink:type='locator' />
    <link:loc xlink:href='../elts/us-gaap-2025.xsd#us-gaap_DerivativeAssetSecuritiesPurchasedUnderAgreementsToResellSecuritiesBorrowed' xlink:label='loc_DerivativeAssetSecuritiesPurchasedUnderAgreementsToResellSecuritiesBorrowed' xlink:type='locator' />
    <link:loc xlink:href='../elts/us-gaap-2025.xsd#us-gaap_DerivativeAssetSecuritiesPurchasedUnderAgreementsToResellSecuritiesBorrowedGrossIncludingNotSubjectToMasterNettingArrangement' xlink:label='loc_DerivativeAssetSecuritiesPurchasedUnderAgreementsToResellSecuritiesBorrowedGrossIncludingNotSubjectToMasterNettingArrangement' xlink:type='locator' />
    <link:loc xlink:href='../elts/us-gaap-2025.xsd#us-gaap_DerivativeAssetSecuritiesPurchasedUnderAgreementsToResellSecuritiesBorrowedGross' xlink:label='loc_DerivativeAssetSecuritiesPurchasedUnderAgreementsToResellSecuritiesBorrowedGross' xlink:type='locator' />
    <link:loc xlink:href='../elts/us-gaap-2025.xsd#us-gaap_DerivativeAssetSecuritiesPurchasedUnderAgreementsToResellSecuritiesBorrowedNotSubjectToMasterNettingArrangement' xlink:label='loc_DerivativeAssetSecuritiesPurchasedUnderAgreementsToResellSecuritiesBorrowedNotSubjectToMasterNettingArrangement' xlink:type='locator' />
    <link:loc xlink:href='../elts/us-gaap-2025.xsd#us-gaap_DerivativeAssetSecuritiesPurchasedUnderAgreementsToResellSecuritiesBorrowedLiability' xlink:label='loc_DerivativeAssetSecuritiesPurchasedUnderAgreementsToResellSecuritiesBorrowedLiability' xlink:type='locator' />
    <link:loc xlink:href='../elts/us-gaap-2025.xsd#us-gaap_DerivativeAssetSecurityPurchasedUnderAgreementToResellSecurityBorrowedAfterOffsetAndDeductionSubjectToMasterNettingArrangement' xlink:label='loc_DerivativeAssetSecurityPurchasedUnderAgreementToResellSecurityBorrowedAfterOffsetAndDeductionSubjectToMasterNettingArrangement' xlink:type='locator' />
    <link:loc xlink:href='../elts/us-gaap-2025.xsd#us-gaap_DerivativeAssetSecurityPurchasedUnderAgreementToResellSecurityBorrowedAfterOffsetSubjectToMasterNettingArrangement' xlink:label='loc_DerivativeAssetSecurityPurchasedUnderAgreementToResellSecurityBorrowedAfterOffsetSubjectToMasterNettingArrangement' xlink:type='locator' />
    <link:loc xlink:href='../elts/us-gaap-2025.xsd#us-gaap_DerivativeFairValueOfDerivativeLiabilityAmountOffsetAgainstCollateral' xlink:label='loc_DerivativeFairValueOfDerivativeLiabilityAmountOffsetAgainstCollateral' xlink:type='locator' />
    <link:loc xlink:href='../elts/us-gaap-2025.xsd#us-gaap_DerivativeLiabilities' xlink:label='loc_DerivativeLiabilities' xlink:type='locator' />
    <link:loc xlink:href='../elts/us-gaap-2025.xsd#us-gaap_DerivativeLiabilityFairValueGrossLiabilityIncludingNotSubjectToMasterNettingArrangement' xlink:label='loc_DerivativeLiabilityFairValueGrossLiabilityIncludingNotSubjectToMasterNettingArrangement' xlink:type='locator' />
    <link:loc xlink:href='../elts/us-gaap-2025.xsd#us-gaap_DerivativeLiabilityNotSubjectToMasterNettingArrangement' xlink:label='loc_DerivativeLiabilityNotSubjectToMasterNettingArrangement' xlink:type='locator' />
    <link:loc xlink:href='../elts/us-gaap-2025.xsd#us-gaap_DerivativeLiabilityFairValueGrossAssetAndRightToReclaimCashOffset' xlink:label='loc_DerivativeLiabilityFairValueGrossAssetAndRightToReclaimCashOffset' xlink:type='locator' />
    <link:loc xlink:href='../elts/us-gaap-2025.xsd#us-gaap_DerivativeLiabilitySecuritiesSoldUnderAgreementsToResellSecuritiesLoanedAmountOffsetAgainstCollateral' xlink:label='loc_DerivativeLiabilitySecuritiesSoldUnderAgreementsToResellSecuritiesLoanedAmountOffsetAgainstCollateral' xlink:type='locator' />
    <link:loc xlink:href='../elts/us-gaap-2025.xsd#us-gaap_DerivativeLiabilitySecuritiesSoldUnderAgreementsToResellSecuritiesLoanedCollateralRightToReclaimSecurities' xlink:label='loc_DerivativeLiabilitySecuritiesSoldUnderAgreementsToResellSecuritiesLoanedCollateralRightToReclaimSecurities' xlink:type='locator' />
    <link:loc xlink:href='../elts/us-gaap-2025.xsd#us-gaap_DerivativeLiabilitySecuritiesSoldUnderAgreementsToResellSecuritiesLoanedCollateralRightToReclaimCash' xlink:label='loc_DerivativeLiabilitySecuritiesSoldUnderAgreementsToResellSecuritiesLoanedCollateralRightToReclaimCash' xlink:type='locator' />
    <link:loc xlink:href='../elts/us-gaap-2025.xsd#us-gaap_DerivativeLiabilitySecuritiesSoldUnderAgreementsToResellSecuritiesLoanedNotOffsetPolicyElectionDeduction' xlink:label='loc_DerivativeLiabilitySecuritiesSoldUnderAgreementsToResellSecuritiesLoanedNotOffsetPolicyElectionDeduction' xlink:type='locator' />
    <link:loc xlink:href='../elts/us-gaap-2025.xsd#us-gaap_DerivativeLiabilitySecuritiesSoldUnderAgreementsToResellSecuritiesLoaned' xlink:label='loc_DerivativeLiabilitySecuritiesSoldUnderAgreementsToResellSecuritiesLoaned' xlink:type='locator' />
    <link:loc xlink:href='../elts/us-gaap-2025.xsd#us-gaap_DerivativeLiabilitySecuritiesSoldUnderAgreementsToResellSecuritiesLoanedGrossIncludingNotSubjectToMasterNettingArrangement' xlink:label='loc_DerivativeLiabilitySecuritiesSoldUnderAgreementsToResellSecuritiesLoanedGrossIncludingNotSubjectToMasterNettingArrangement' xlink:type='locator' />
    <link:loc xlink:href='../elts/us-gaap-2025.xsd#us-gaap_DerivativeLiabilitySecuritiesSoldUnderAgreementsToResellSecuritiesLoanedGross' xlink:label='loc_DerivativeLiabilitySecuritiesSoldUnderAgreementsToResellSecuritiesLoanedGross' xlink:type='locator' />
    <link:loc xlink:href='../elts/us-gaap-2025.xsd#us-gaap_DerivativeLiabilitySecuritiesSoldUnderAgreementsToResellSecuritiesLoanedNotSubjectToMasterNettingArrangement' xlink:label='loc_DerivativeLiabilitySecuritiesSoldUnderAgreementsToResellSecuritiesLoanedNotSubjectToMasterNettingArrangement' xlink:type='locator' />
    <link:loc xlink:href='../elts/us-gaap-2025.xsd#us-gaap_DerivativeLiabilitySecuritiesSoldUnderAgreementsToResellSecuritiesLoanedAsset' xlink:label='loc_DerivativeLiabilitySecuritiesSoldUnderAgreementsToResellSecuritiesLoanedAsset' xlink:type='locator' />
    <link:loc xlink:href='../elts/us-gaap-2025.xsd#us-gaap_DerivativeLiabilitySecuritySoldUnderAgreementToRepurchaseSecurityLoanedAfterOffsetAndDeductionSubjectToMasterNettingArrangement' xlink:label='loc_DerivativeLiabilitySecuritySoldUnderAgreementToRepurchaseSecurityLoanedAfterOffsetAndDeductionSubjectToMasterNettingArrangement' xlink:type='locator' />
    <link:loc xlink:href='../elts/us-gaap-2025.xsd#us-gaap_DerivativeLiabilitySecuritySoldUnderAgreementToRepurchaseSecurityLoanedAfterOffsetSubjectToMasterNettingArrangement' xlink:label='loc_DerivativeLiabilitySecuritySoldUnderAgreementToRepurchaseSecurityLoanedAfterOffsetSubjectToMasterNettingArrangement' xlink:type='locator' />
    <link:loc xlink:href='../elts/us-gaap-2025.xsd#us-gaap_SecuritiesBorrowedAmountOffsetAgainstCollateral' xlink:label='loc_SecuritiesBorrowedAmountOffsetAgainstCollateral' xlink:type='locator' />
    <link:loc xlink:href='../elts/us-gaap-2025.xsd#us-gaap_SecuritiesBorrowed' xlink:label='loc_SecuritiesBorrowed' xlink:type='locator' />
    <link:loc xlink:href='../elts/us-gaap-2025.xsd#us-gaap_SecuritiesBorrowedGrossIncludingNotSubjectToMasterNettingArrangement' xlink:label='loc_SecuritiesBorrowedGrossIncludingNotSubjectToMasterNettingArrangement' xlink:type='locator' />
    <link:loc xlink:href='../elts/us-gaap-2025.xsd#us-gaap_SecuritiesBorrowedNotSubjectToMasterNettingArrangement' xlink:label='loc_SecuritiesBorrowedNotSubjectToMasterNettingArrangement' xlink:type='locator' />
    <link:loc xlink:href='../elts/us-gaap-2025.xsd#us-gaap_SecuritiesLoanedAmountOffsetAgainstCollateral' xlink:label='loc_SecuritiesLoanedAmountOffsetAgainstCollateral' xlink:type='locator' />
    <link:loc xlink:href='../elts/us-gaap-2025.xsd#us-gaap_SecuritiesLoaned' xlink:label='loc_SecuritiesLoaned' xlink:type='locator' />
    <link:loc xlink:href='../elts/us-gaap-2025.xsd#us-gaap_SecuritiesLoanedGrossIncludingNotSubjectToMasterNettingArrangement' xlink:label='loc_SecuritiesLoanedGrossIncludingNotSubjectToMasterNettingArrangement' xlink:type='locator' />
    <link:loc xlink:href='../elts/us-gaap-2025.xsd#us-gaap_SecuritiesLoanedNotSubjectToMasterNettingArrangement' xlink:label='loc_SecuritiesLoanedNotSubjectToMasterNettingArrangement' xlink:type='locator' />
    <link:loc xlink:href='../elts/us-gaap-2025.xsd#us-gaap_SecuritiesPurchasedUnderAgreementsToResellAmountOffsetAgainstCollateral' xlink:label='loc_SecuritiesPurchasedUnderAgreementsToResellAmountOffsetAgainstCollateral' xlink:type='locator' />
    <link:loc xlink:href='../elts/us-gaap-2025.xsd#us-gaap_SecuritiesPurchasedUnderAgreementsToResell' xlink:label='loc_SecuritiesPurchasedUnderAgreementsToResell' xlink:type='locator' />
    <link:loc xlink:href='../elts/us-gaap-2025.xsd#us-gaap_SecuritiesPurchasedUnderAgreementsToResellGrossIncludingNotSubjectToMasterNettingArrangement' xlink:label='loc_SecuritiesPurchasedUnderAgreementsToResellGrossIncludingNotSubjectToMasterNettingArrangement' xlink:type='locator' />
    <link:loc xlink:href='../elts/us-gaap-2025.xsd#us-gaap_SecuritiesPurchasedUnderAgreementsToResellNotSubjectToMasterNettingArrangement' xlink:label='loc_SecuritiesPurchasedUnderAgreementsToResellNotSubjectToMasterNettingArrangement' xlink:type='locator' />
    <link:loc xlink:href='../elts/us-gaap-2025.xsd#us-gaap_SecuritiesSoldUnderAgreementsToRepurchaseAmountOffsetAgainstCollateral' xlink:label='loc_SecuritiesSoldUnderAgreementsToRepurchaseAmountOffsetAgainstCollateral' xlink:type='locator' />
    <link:loc xlink:href='../elts/us-gaap-2025.xsd#us-gaap_SecuritiesSoldUnderAgreementsToRepurchase' xlink:label='loc_SecuritiesSoldUnderAgreementsToRepurchase' xlink:type='locator' />
    <link:loc xlink:href='../elts/us-gaap-2025.xsd#us-gaap_SecuritiesSoldUnderAgreementsToRepurchaseGrossIncludingNotSubjectToMasterNettingArrangement' xlink:label='loc_SecuritiesSoldUnderAgreementsToRepurchaseGrossIncludingNotSubjectToMasterNettingArrangement' xlink:type='locator' />
    <link:loc xlink:href='../elts/us-gaap-2025.xsd#us-gaap_SecuritiesSoldUnderAgreementsToRepurchaseNotSubjectToMasterNettingArrangement' xlink:label='loc_SecuritiesSoldUnderAgreementsToRepurchaseNotSubjectToMasterNettingArrangement' xlink:type='locator' />
    <link:calculationArc order='10' weight='-1.0' xlink:arcrole='https://xbrl.org/2023/arcrole/summation-item' xlink:from='loc_DerivativeAssetFairValueAfterOffsetAndDeductionSubjectToMasterNettingArrangement' xlink:to='loc_DerivativeAssetNotOffsetPolicyElectionDeduction' xlink:type='arc' />
    <link:calculationArc order='20' weight='-1.0' xlink:arcrole='https://xbrl.org/2023/arcrole/summation-item' xlink:from='loc_DerivativeAssetFairValueAfterOffsetAndDeductionSubjectToMasterNettingArrangement' xlink:to='loc_DerivativeCollateralObligationToReturnSecurities' xlink:type='arc' />
    <link:calculationArc order='30' weight='-1.0' xlink:arcrole='https://xbrl.org/2023/arcrole/summation-item' xlink:from='loc_DerivativeAssetFairValueAfterOffsetAndDeductionSubjectToMasterNettingArrangement' xlink:to='loc_DerivativeCollateralObligationToReturnCash' xlink:type='arc' />
    <link:calculationArc order='40' weight='1.0' xlink:arcrole='https://xbrl.org/2023/arcrole/summation-item' xlink:from='loc_DerivativeAssetFairValueAfterOffsetAndDeductionSubjectToMasterNettingArrangement' xlink:to='loc_DerivativeAssetAfterOffsetSubjectToMasterNettingArrangement' xlink:type='arc' />
    <link:calculationArc order='10' weight='-1.0' xlink:arcrole='https://xbrl.org/2023/arcrole/summation-item' xlink:from='loc_DerivativeAssetAfterOffsetSubjectToMasterNettingArrangement' xlink:to='loc_DerivativeAssetCollateralObligationToReturnCashOffset' xlink:type='arc' />
    <link:calculationArc order='20' weight='1.0' xlink:arcrole='https://xbrl.org/2023/arcrole/summation-item' xlink:from='loc_DerivativeAssetAfterOffsetSubjectToMasterNettingArrangement' xlink:to='loc_DerivativeFairValueOfDerivativeAssetAmountNotOffsetAgainstCollateral' xlink:type='arc' />
    <link:calculationArc order='10' weight='1.0' xlink:arcrole='https://xbrl.org/2023/arcrole/summation-item' xlink:from='loc_DerivativeFairValueOfDerivativeAssetAmountNotOffsetAgainstCollateral' xlink:to='loc_DerivativeFairValueOfDerivativeAsset' xlink:type='arc' />
    <link:calculationArc order='20' weight='-1.0' xlink:arcrole='https://xbrl.org/2023/arcrole/summation-item' xlink:from='loc_DerivativeFairValueOfDerivativeAssetAmountNotOffsetAgainstCollateral' xlink:to='loc_DerivativeAssetFairValueGrossLiability' xlink:type='arc' />
    <link:calculationArc order='10' weight='-1.0' xlink:arcrole='https://xbrl.org/2023/arcrole/summation-item' xlink:from='loc_SecurityPurchasedUnderAgreementToResellAfterOffsetAndDeductionSubjectToMasterNettingArrangement' xlink:to='loc_SecuritiesPurchasedUnderAgreementsToResellNotOffsetPolicyElectionDeduction' xlink:type='arc' />
    <link:calculationArc order='20' weight='-1.0' xlink:arcrole='https://xbrl.org/2023/arcrole/summation-item' xlink:from='loc_SecurityPurchasedUnderAgreementToResellAfterOffsetAndDeductionSubjectToMasterNettingArrangement' xlink:to='loc_SecuritiesPurchasedUnderAgreementsToResellCollateralObligationToReturnSecurities' xlink:type='arc' />
    <link:calculationArc order='30' weight='-1.0' xlink:arcrole='https://xbrl.org/2023/arcrole/summation-item' xlink:from='loc_SecurityPurchasedUnderAgreementToResellAfterOffsetAndDeductionSubjectToMasterNettingArrangement' xlink:to='loc_SecuritiesPurchasedUnderAgreementsToResellCollateralObligationToReturnCash' xlink:type='arc' />
    <link:calculationArc order='40' weight='1.0' xlink:arcrole='https://xbrl.org/2023/arcrole/summation-item' xlink:from='loc_SecurityPurchasedUnderAgreementToResellAfterOffsetAndDeductionSubjectToMasterNettingArrangement' xlink:to='loc_SecurityPurchasedUnderAgreementToResellAfterOffsetSubjectToMasterNettingArrangement' xlink:type='arc' />
    <link:calculationArc order='10' weight='1.0' xlink:arcrole='https://xbrl.org/2023/arcrole/summation-item' xlink:from='loc_SecurityPurchasedUnderAgreementToResellAfterOffsetSubjectToMasterNettingArrangement' xlink:to='loc_SecuritiesPurchasedUnderAgreementsToResellGross' xlink:type='arc' />
    <link:calculationArc order='20' weight='-1.0' xlink:arcrole='https://xbrl.org/2023/arcrole/summation-item' xlink:from='loc_SecurityPurchasedUnderAgreementToResellAfterOffsetSubjectToMasterNettingArrangement' xlink:to='loc_SecuritiesPurchasedUnderAgreementsToResellLiability' xlink:type='arc' />
    <link:calculationArc order='10' weight='-1.0' xlink:arcrole='https://xbrl.org/2023/arcrole/summation-item' xlink:from='loc_SecurityBorrowedAfterOffsetAndDeductionSubjectToMasterNettingArrangement' xlink:to='loc_SecuritiesBorrowedNotOffsetPolicyElectionDeduction' xlink:type='arc' />
    <link:calculationArc order='20' weight='-1.0' xlink:arcrole='https://xbrl.org/2023/arcrole/summation-item' xlink:from='loc_SecurityBorrowedAfterOffsetAndDeductionSubjectToMasterNettingArrangement' xlink:to='loc_SecuritiesBorrowedCollateralObligationToReturnSecurities' xlink:type='arc' />
    <link:calculationArc order='30' weight='-1.0' xlink:arcrole='https://xbrl.org/2023/arcrole/summation-item' xlink:from='loc_SecurityBorrowedAfterOffsetAndDeductionSubjectToMasterNettingArrangement' xlink:to='loc_SecuritiesBorrowedCollateralObligationToReturnCash' xlink:type='arc' />
    <link:calculationArc order='40' weight='1.0' xlink:arcrole='https://xbrl.org/2023/arcrole/summation-item' xlink:from='loc_SecurityBorrowedAfterOffsetAndDeductionSubjectToMasterNettingArrangement' xlink:to='loc_SecurityBorrowedAfterOffsetSubjectToMasterNettingArrangement' xlink:type='arc' />
    <link:calculationArc order='10' weight='1.0' xlink:arcrole='https://xbrl.org/2023/arcrole/summation-item' xlink:from='loc_SecurityBorrowedAfterOffsetSubjectToMasterNettingArrangement' xlink:to='loc_SecuritiesBorrowedGross' xlink:type='arc' />
    <link:calculationArc order='20' weight='-1.0' xlink:arcrole='https://xbrl.org/2023/arcrole/summation-item' xlink:from='loc_SecurityBorrowedAfterOffsetSubjectToMasterNettingArrangement' xlink:to='loc_SecuritiesBorrowedLiability' xlink:type='arc' />
    <link:calculationArc order='10' weight='-1.0' xlink:arcrole='https://xbrl.org/2023/arcrole/summation-item' xlink:from='loc_DerivativeLiabilityFairValueAfterOffsetAndDeductionSubjectToMasterNettingArrangement' xlink:to='loc_DerivativeLiabilityNotOffsetPolicyElectionDeduction' xlink:type='arc' />
    <link:calculationArc order='20' weight='-1.0' xlink:arcrole='https://xbrl.org/2023/arcrole/summation-item' xlink:from='loc_DerivativeLiabilityFairValueAfterOffsetAndDeductionSubjectToMasterNettingArrangement' xlink:to='loc_DerivativeCollateralRightToReclaimCash' xlink:type='arc' />
    <link:calculationArc order='30' weight='-1.0' xlink:arcrole='https://xbrl.org/2023/arcrole/summation-item' xlink:from='loc_DerivativeLiabilityFairValueAfterOffsetAndDeductionSubjectToMasterNettingArrangement' xlink:to='loc_DerivativeCollateralRightToReclaimSecurities' xlink:type='arc' />
    <link:calculationArc order='40' weight='1.0' xlink:arcrole='https://xbrl.org/2023/arcrole/summation-item' xlink:from='loc_DerivativeLiabilityFairValueAfterOffsetAndDeductionSubjectToMasterNettingArrangement' xlink:to='loc_DerivativeLiabilityAfterOffsetSubjectToMasterNettingArrangement' xlink:type='arc' />
    <link:calculationArc order='10' weight='-1.0' xlink:arcrole='https://xbrl.org/2023/arcrole/summation-item' xlink:from='loc_DerivativeLiabilityAfterOffsetSubjectToMasterNettingArrangement' xlink:to='loc_DerivativeLiabilityCollateralRightToReclaimCashOffset' xlink:type='arc' />
    <link:calculationArc order='20' weight='1.0' xlink:arcrole='https://xbrl.org/2023/arcrole/summation-item' xlink:from='loc_DerivativeLiabilityAfterOffsetSubjectToMasterNettingArrangement' xlink:to='loc_DerivativeFairValueOfDerivativeLiabilityAmountNotOffsetAgainstCollateral' xlink:type='arc' />
    <link:calculationArc order='10' weight='1.0' xlink:arcrole='https://xbrl.org/2023/arcrole/summation-item' xlink:from='loc_DerivativeFairValueOfDerivativeLiabilityAmountNotOffsetAgainstCollateral' xlink:to='loc_DerivativeFairValueOfDerivativeLiability' xlink:type='arc' />
    <link:calculationArc order='20' weight='-1.0' xlink:arcrole='https://xbrl.org/2023/arcrole/summation-item' xlink:from='loc_DerivativeFairValueOfDerivativeLiabilityAmountNotOffsetAgainstCollateral' xlink:to='loc_DerivativeLiabilityFairValueGrossAsset' xlink:type='arc' />
    <link:calculationArc order='10' weight='-1.0' xlink:arcrole='https://xbrl.org/2023/arcrole/summation-item' xlink:from='loc_SecurityLoanedAfterOffsetAndDeductionSubjectToMasterNettingArrangement' xlink:to='loc_SecuritiesLoanedNotOffsetPolicyElectionDeduction' xlink:type='arc' />
    <link:calculationArc order='20' weight='-1.0' xlink:arcrole='https://xbrl.org/2023/arcrole/summation-item' xlink:from='loc_SecurityLoanedAfterOffsetAndDeductionSubjectToMasterNettingArrangement' xlink:to='loc_SecuritiesLoanedCollateralRightToReclaimSecurities' xlink:type='arc' />
    <link:calculationArc order='30' weight='-1.0' xlink:arcrole='https://xbrl.org/2023/arcrole/summation-item' xlink:from='loc_SecurityLoanedAfterOffsetAndDeductionSubjectToMasterNettingArrangement' xlink:to='loc_SecuritiesLoanedCollateralRightToReclaimCash' xlink:type='arc' />
    <link:calculationArc order='40' weight='1.0' xlink:arcrole='https://xbrl.org/2023/arcrole/summation-item' xlink:from='loc_SecurityLoanedAfterOffsetAndDeductionSubjectToMasterNettingArrangement' xlink:to='loc_SecurityLoanedAfterOffsetSubjectToMasterNettingArrangement' xlink:type='arc' />
    <link:calculationArc order='10' weight='1.0' xlink:arcrole='https://xbrl.org/2023/arcrole/summation-item' xlink:from='loc_SecurityLoanedAfterOffsetSubjectToMasterNettingArrangement' xlink:to='loc_SecuritiesLoanedGross' xlink:type='arc' />
    <link:calculationArc order='20' weight='-1.0' xlink:arcrole='https://xbrl.org/2023/arcrole/summation-item' xlink:from='loc_SecurityLoanedAfterOffsetSubjectToMasterNettingArrangement' xlink:to='loc_SecuritiesLoanedAsset' xlink:type='arc' />
    <link:calculationArc order='10' weight='-1.0' xlink:arcrole='https://xbrl.org/2023/arcrole/summation-item' xlink:from='loc_SecuritySoldUnderAgreementToRepurchaseAfterOffsetAndDeductionSubjectToMasterNettingArrangement' xlink:to='loc_SecuritiesSoldUnderAgreementsToResellNotOffsetPolicyElectionDeduction' xlink:type='arc' />
    <link:calculationArc order='20' weight='-1.0' xlink:arcrole='https://xbrl.org/2023/arcrole/summation-item' xlink:from='loc_SecuritySoldUnderAgreementToRepurchaseAfterOffsetAndDeductionSubjectToMasterNettingArrangement' xlink:to='loc_SecuritiesSoldUnderAgreementsToRepurchaseCollateralRightToReclaimSecurities' xlink:type='arc' />
    <link:calculationArc order='30' weight='-1.0' xlink:arcrole='https://xbrl.org/2023/arcrole/summation-item' xlink:from='loc_SecuritySoldUnderAgreementToRepurchaseAfterOffsetAndDeductionSubjectToMasterNettingArrangement' xlink:to='loc_SecuritiesSoldUnderAgreementsToRepurchaseCollateralRightToReclaimCash' xlink:type='arc' />
    <link:calculationArc order='40' weight='1.0' xlink:arcrole='https://xbrl.org/2023/arcrole/summation-item' xlink:from='loc_SecuritySoldUnderAgreementToRepurchaseAfterOffsetAndDeductionSubjectToMasterNettingArrangement' xlink:to='loc_SecuritySoldUnderAgreementToRepurchaseAfterOffsetSubjectToMasterNettingArrangement' xlink:type='arc' />
    <link:calculationArc order='10' weight='1.0' xlink:arcrole='https://xbrl.org/2023/arcrole/summation-item' xlink:from='loc_SecuritySoldUnderAgreementToRepurchaseAfterOffsetSubjectToMasterNettingArrangement' xlink:to='loc_SecuritiesSoldUnderAgreementsToRepurchaseGross' xlink:type='arc' />
    <link:calculationArc order='20' weight='-1.0' xlink:arcrole='https://xbrl.org/2023/arcrole/summation-item' xlink:from='loc_SecuritySoldUnderAgreementToRepurchaseAfterOffsetSubjectToMasterNettingArrangement' xlink:to='loc_SecuritiesSoldUnderAgreementsToRepurchaseAsset' xlink:type='arc' />
    <link:calculationArc order='10' weight='-1.0' xlink:arcrole='https://xbrl.org/2023/arcrole/summation-item' xlink:from='loc_DerivativeFairValueOfDerivativeAssetAmountOffsetAgainstCollateral' xlink:to='loc_DerivativeAssetNotOffsetPolicyElectionDeduction' xlink:type='arc' />
    <link:calculationArc order='20' weight='-1.0' xlink:arcrole='https://xbrl.org/2023/arcrole/summation-item' xlink:from='loc_DerivativeFairValueOfDerivativeAssetAmountOffsetAgainstCollateral' xlink:to='loc_DerivativeCollateralObligationToReturnSecurities' xlink:type='arc' />
    <link:calculationArc order='30' weight='-1.0' xlink:arcrole='https://xbrl.org/2023/arcrole/summation-item' xlink:from='loc_DerivativeFairValueOfDerivativeAssetAmountOffsetAgainstCollateral' xlink:to='loc_DerivativeCollateralObligationToReturnCash' xlink:type='arc' />
    <link:calculationArc order='40' weight='1.0' xlink:arcrole='https://xbrl.org/2023/arcrole/summation-item' xlink:from='loc_DerivativeFairValueOfDerivativeAssetAmountOffsetAgainstCollateral' xlink:to='loc_DerivativeAssets' xlink:type='arc' />
    <link:calculationArc order='10' weight='1.0' xlink:arcrole='https://xbrl.org/2023/arcrole/summation-item' xlink:from='loc_DerivativeAssets' xlink:to='loc_DerivativeAssetFairValueGrossAssetIncludingNotSubjectToMasterNettingArrangement' xlink:type='arc' />
    <link:calculationArc order='10' weight='1.0' xlink:arcrole='https://xbrl.org/2023/arcrole/summation-item' xlink:from='loc_DerivativeAssetFairValueGrossAssetIncludingNotSubjectToMasterNettingArrangement' xlink:to='loc_DerivativeFairValueOfDerivativeAsset' xlink:type='arc' />
    <link:calculationArc order='20' weight='1.0' xlink:arcrole='https://xbrl.org/2023/arcrole/summation-item' xlink:from='loc_DerivativeAssetFairValueGrossAssetIncludingNotSubjectToMasterNettingArrangement' xlink:to='loc_DerivativeAssetNotSubjectToMasterNettingArrangement' xlink:type='arc' />
    <link:calculationArc order='20' weight='-1.0' xlink:arcrole='https://xbrl.org/2023/arcrole/summation-item' xlink:from='loc_DerivativeAssets' xlink:to='loc_DerivativeAssetFairValueGrossLiabilityAndObligationToReturnCashOffset' xlink:type='arc' />
    <link:calculationArc order='10' weight='1.0' xlink:arcrole='https://xbrl.org/2023/arcrole/summation-item' xlink:from='loc_DerivativeAssetFairValueGrossLiabilityAndObligationToReturnCashOffset' xlink:to='loc_DerivativeAssetFairValueGrossLiability' xlink:type='arc' />
    <link:calculationArc order='20' weight='1.0' xlink:arcrole='https://xbrl.org/2023/arcrole/summation-item' xlink:from='loc_DerivativeAssetFairValueGrossLiabilityAndObligationToReturnCashOffset' xlink:to='loc_DerivativeAssetCollateralObligationToReturnCashOffset' xlink:type='arc' />
    <link:calculationArc order='10' weight='-1.0' xlink:arcrole='https://xbrl.org/2023/arcrole/summation-item' xlink:from='loc_DerivativeAssetSecuritiesPurchasedUnderAgreementsToResellSecuritiesBorrowedAmountOffsetAgainstCollateral' xlink:to='loc_DerivativeAssetSecuritiesPurchasedUnderAgreementsToResellSecuritiesBorrowedCollateralObligationToReturnSecurities' xlink:type='arc' />
    <link:calculationArc order='20' weight='-1.0' xlink:arcrole='https://xbrl.org/2023/arcrole/summation-item' xlink:from='loc_DerivativeAssetSecuritiesPurchasedUnderAgreementsToResellSecuritiesBorrowedAmountOffsetAgainstCollateral' xlink:to='loc_DerivativeAssetSecuritiesPurchasedUnderAgreementsToResellSecuritiesBorrowedCollateralObligationToReturnCash' xlink:type='arc' />
    <link:calculationArc order='30' weight='-1.0' xlink:arcrole='https://xbrl.org/2023/arcrole/summation-item' xlink:from='loc_DerivativeAssetSecuritiesPurchasedUnderAgreementsToResellSecuritiesBorrowedAmountOffsetAgainstCollateral' xlink:to='loc_DerivativeAssetSecuritiesPurchasedUnderAgreementsToResellSecuritiesBorrowedNotOffsetPolicyElectionDeduction' xlink:type='arc' />
    <link:calculationArc order='40' weight='1.0' xlink:arcrole='https://xbrl.org/2023/arcrole/summation-item' xlink:from='loc_DerivativeAssetSecuritiesPurchasedUnderAgreementsToResellSecuritiesBorrowedAmountOffsetAgainstCollateral' xlink:to='loc_DerivativeAssetSecuritiesPurchasedUnderAgreementsToResellSecuritiesBorrowed' xlink:type='arc' />
    <link:calculationArc order='10' weight='1.0' xlink:arcrole='https://xbrl.org/2023/arcrole/summation-item' xlink:from='loc_DerivativeAssetSecuritiesPurchasedUnderAgreementsToResellSecuritiesBorrowed' xlink:to='loc_DerivativeAssetSecuritiesPurchasedUnderAgreementsToResellSecuritiesBorrowedGrossIncludingNotSubjectToMasterNettingArrangement' xlink:type='arc' />
    <link:calculationArc order='10' weight='1.0' xlink:arcrole='https://xbrl.org/2023/arcrole/summation-item' xlink:from='loc_DerivativeAssetSecuritiesPurchasedUnderAgreementsToResellSecuritiesBorrowedGrossIncludingNotSubjectToMasterNettingArrangement' xlink:to='loc_DerivativeAssetSecuritiesPurchasedUnderAgreementsToResellSecuritiesBorrowedGross' xlink:type='arc' />
    <link:calculationArc order='20' weight='1.0' xlink:arcrole='https://xbrl.org/2023/arcrole/summation-item' xlink:from='loc_DerivativeAssetSecuritiesPurchasedUnderAgreementsToResellSecuritiesBorrowedGrossIncludingNotSubjectToMasterNettingArrangement' xlink:to='loc_DerivativeAssetSecuritiesPurchasedUnderAgreementsToResellSecuritiesBorrowedNotSubjectToMasterNettingArrangement' xlink:type='arc' />
    <link:calculationArc order='20' weight='-1.0' xlink:arcrole='https://xbrl.org/2023/arcrole/summation-item' xlink:from='loc_DerivativeAssetSecuritiesPurchasedUnderAgreementsToResellSecuritiesBorrowed' xlink:to='loc_DerivativeAssetSecuritiesPurchasedUnderAgreementsToResellSecuritiesBorrowedLiability' xlink:type='arc' />
    <link:calculationArc order='10' weight='-1.0' xlink:arcrole='https://xbrl.org/2023/arcrole/summation-item' xlink:from='loc_DerivativeAssetSecurityPurchasedUnderAgreementToResellSecurityBorrowedAfterOffsetAndDeductionSubjectToMasterNettingArrangement' xlink:to='loc_DerivativeAssetSecuritiesPurchasedUnderAgreementsToResellSecuritiesBorrowedCollateralObligationToReturnSecurities' xlink:type='arc' />
    <link:calculationArc order='20' weight='-1.0' xlink:arcrole='https://xbrl.org/2023/arcrole/summation-item' xlink:from='loc_DerivativeAssetSecurityPurchasedUnderAgreementToResellSecurityBorrowedAfterOffsetAndDeductionSubjectToMasterNettingArrangement' xlink:to='loc_DerivativeAssetSecuritiesPurchasedUnderAgreementsToResellSecuritiesBorrowedCollateralObligationToReturnCash' xlink:type='arc' />
    <link:calculationArc order='30' weight='-1.0' xlink:arcrole='https://xbrl.org/2023/arcrole/summation-item' xlink:from='loc_DerivativeAssetSecurityPurchasedUnderAgreementToResellSecurityBorrowedAfterOffsetAndDeductionSubjectToMasterNettingArrangement' xlink:to='loc_DerivativeAssetSecuritiesPurchasedUnderAgreementsToResellSecuritiesBorrowedNotOffsetPolicyElectionDeduction' xlink:type='arc' />
    <link:calculationArc order='40' weight='1.0' xlink:arcrole='https://xbrl.org/2023/arcrole/summation-item' xlink:from='loc_DerivativeAssetSecurityPurchasedUnderAgreementToResellSecurityBorrowedAfterOffsetAndDeductionSubjectToMasterNettingArrangement' xlink:to='loc_DerivativeAssetSecurityPurchasedUnderAgreementToResellSecurityBorrowedAfterOffsetSubjectToMasterNettingArrangement' xlink:type='arc' />
    <link:calculationArc order='10' weight='1.0' xlink:arcrole='https://xbrl.org/2023/arcrole/summation-item' xlink:from='loc_DerivativeAssetSecurityPurchasedUnderAgreementToResellSecurityBorrowedAfterOffsetSubjectToMasterNettingArrangement' xlink:to='loc_DerivativeAssetSecuritiesPurchasedUnderAgreementsToResellSecuritiesBorrowedGross' xlink:type='arc' />
    <link:calculationArc order='20' weight='-1.0' xlink:arcrole='https://xbrl.org/2023/arcrole/summation-item' xlink:from='loc_DerivativeAssetSecurityPurchasedUnderAgreementToResellSecurityBorrowedAfterOffsetSubjectToMasterNettingArrangement' xlink:to='loc_DerivativeAssetSecuritiesPurchasedUnderAgreementsToResellSecuritiesBorrowedLiability' xlink:type='arc' />
    <link:calculationArc order='10' weight='-1.0' xlink:arcrole='https://xbrl.org/2023/arcrole/summation-item' xlink:from='loc_DerivativeFairValueOfDerivativeLiabilityAmountOffsetAgainstCollateral' xlink:to='loc_DerivativeLiabilityNotOffsetPolicyElectionDeduction' xlink:type='arc' />
    <link:calculationArc order='20' weight='-1.0' xlink:arcrole='https://xbrl.org/2023/arcrole/summation-item' xlink:from='loc_DerivativeFairValueOfDerivativeLiabilityAmountOffsetAgainstCollateral' xlink:to='loc_DerivativeCollateralRightToReclaimCash' xlink:type='arc' />
    <link:calculationArc order='30' weight='-1.0' xlink:arcrole='https://xbrl.org/2023/arcrole/summation-item' xlink:from='loc_DerivativeFairValueOfDerivativeLiabilityAmountOffsetAgainstCollateral' xlink:to='loc_DerivativeCollateralRightToReclaimSecurities' xlink:type='arc' />
    <link:calculationArc order='40' weight='1.0' xlink:arcrole='https://xbrl.org/2023/arcrole/summation-item' xlink:from='loc_DerivativeFairValueOfDerivativeLiabilityAmountOffsetAgainstCollateral' xlink:to='loc_DerivativeLiabilities' xlink:type='arc' />
    <link:calculationArc order='10' weight='1.0' xlink:arcrole='https://xbrl.org/2023/arcrole/summation-item' xlink:from='loc_DerivativeLiabilities' xlink:to='loc_DerivativeLiabilityFairValueGrossLiabilityIncludingNotSubjectToMasterNettingArrangement' xlink:type='arc' />
    <link:calculationArc order='10' weight='1.0' xlink:arcrole='https://xbrl.org/2023/arcrole/summation-item' xlink:from='loc_DerivativeLiabilityFairValueGrossLiabilityIncludingNotSubjectToMasterNettingArrangement' xlink:to='loc_DerivativeFairValueOfDerivativeLiability' xlink:type='arc' />
    <link:calculationArc order='20' weight='1.0' xlink:arcrole='https://xbrl.org/2023/arcrole/summation-item' xlink:from='loc_DerivativeLiabilityFairValueGrossLiabilityIncludingNotSubjectToMasterNettingArrangement' xlink:to='loc_DerivativeLiabilityNotSubjectToMasterNettingArrangement' xlink:type='arc' />
    <link:calculationArc order='20' weight='-1.0' xlink:arcrole='https://xbrl.org/2023/arcrole/summation-item' xlink:from='loc_DerivativeLiabilities' xlink:to='loc_DerivativeLiabilityFairValueGrossAssetAndRightToReclaimCashOffset' xlink:type='arc' />
    <link:calculationArc order='10' weight='1.0' xlink:arcrole='https://xbrl.org/2023/arcrole/summation-item' xlink:from='loc_DerivativeLiabilityFairValueGrossAssetAndRightToReclaimCashOffset' xlink:to='loc_DerivativeLiabilityFairValueGrossAsset' xlink:type='arc' />
    <link:calculationArc order='20' weight='1.0' xlink:arcrole='https://xbrl.org/2023/arcrole/summation-item' xlink:from='loc_DerivativeLiabilityFairValueGrossAssetAndRightToReclaimCashOffset' xlink:to='loc_DerivativeLiabilityCollateralRightToReclaimCashOffset' xlink:type='arc' />
    <link:calculationArc order='10' weight='-1.0' xlink:arcrole='https://xbrl.org/2023/arcrole/summation-item' xlink:from='loc_DerivativeLiabilitySecuritiesSoldUnderAgreementsToResellSecuritiesLoanedAmountOffsetAgainstCollateral' xlink:to='loc_DerivativeLiabilitySecuritiesSoldUnderAgreementsToResellSecuritiesLoanedCollateralRightToReclaimSecurities' xlink:type='arc' />
    <link:calculationArc order='20' weight='-1.0' xlink:arcrole='https://xbrl.org/2023/arcrole/summation-item' xlink:from='loc_DerivativeLiabilitySecuritiesSoldUnderAgreementsToResellSecuritiesLoanedAmountOffsetAgainstCollateral' xlink:to='loc_DerivativeLiabilitySecuritiesSoldUnderAgreementsToResellSecuritiesLoanedCollateralRightToReclaimCash' xlink:type='arc' />
    <link:calculationArc order='30' weight='-1.0' xlink:arcrole='https://xbrl.org/2023/arcrole/summation-item' xlink:from='loc_DerivativeLiabilitySecuritiesSoldUnderAgreementsToResellSecuritiesLoanedAmountOffsetAgainstCollateral' xlink:to='loc_DerivativeLiabilitySecuritiesSoldUnderAgreementsToResellSecuritiesLoanedNotOffsetPolicyElectionDeduction' xlink:type='arc' />
    <link:calculationArc order='40' weight='1.0' xlink:arcrole='https://xbrl.org/2023/arcrole/summation-item' xlink:from='loc_DerivativeLiabilitySecuritiesSoldUnderAgreementsToResellSecuritiesLoanedAmountOffsetAgainstCollateral' xlink:to='loc_DerivativeLiabilitySecuritiesSoldUnderAgreementsToResellSecuritiesLoaned' xlink:type='arc' />
    <link:calculationArc order='10' weight='1.0' xlink:arcrole='https://xbrl.org/2023/arcrole/summation-item' xlink:from='loc_DerivativeLiabilitySecuritiesSoldUnderAgreementsToResellSecuritiesLoaned' xlink:to='loc_DerivativeLiabilitySecuritiesSoldUnderAgreementsToResellSecuritiesLoanedGrossIncludingNotSubjectToMasterNettingArrangement' xlink:type='arc' />
    <link:calculationArc order='10' weight='1.0' xlink:arcrole='https://xbrl.org/2023/arcrole/summation-item' xlink:from='loc_DerivativeLiabilitySecuritiesSoldUnderAgreementsToResellSecuritiesLoanedGrossIncludingNotSubjectToMasterNettingArrangement' xlink:to='loc_DerivativeLiabilitySecuritiesSoldUnderAgreementsToResellSecuritiesLoanedGross' xlink:type='arc' />
    <link:calculationArc order='20' weight='1.0' xlink:arcrole='https://xbrl.org/2023/arcrole/summation-item' xlink:from='loc_DerivativeLiabilitySecuritiesSoldUnderAgreementsToResellSecuritiesLoanedGrossIncludingNotSubjectToMasterNettingArrangement' xlink:to='loc_DerivativeLiabilitySecuritiesSoldUnderAgreementsToResellSecuritiesLoanedNotSubjectToMasterNettingArrangement' xlink:type='arc' />
    <link:calculationArc order='20' weight='-1.0' xlink:arcrole='https://xbrl.org/2023/arcrole/summation-item' xlink:from='loc_DerivativeLiabilitySecuritiesSoldUnderAgreementsToResellSecuritiesLoaned' xlink:to='loc_DerivativeLiabilitySecuritiesSoldUnderAgreementsToResellSecuritiesLoanedAsset' xlink:type='arc' />
    <link:calculationArc order='10' weight='-1.0' xlink:arcrole='https://xbrl.org/2023/arcrole/summation-item' xlink:from='loc_DerivativeLiabilitySecuritySoldUnderAgreementToRepurchaseSecurityLoanedAfterOffsetAndDeductionSubjectToMasterNettingArrangement' xlink:to='loc_DerivativeLiabilitySecuritiesSoldUnderAgreementsToResellSecuritiesLoanedCollateralRightToReclaimSecurities' xlink:type='arc' />
    <link:calculationArc order='20' weight='-1.0' xlink:arcrole='https://xbrl.org/2023/arcrole/summation-item' xlink:from='loc_DerivativeLiabilitySecuritySoldUnderAgreementToRepurchaseSecurityLoanedAfterOffsetAndDeductionSubjectToMasterNettingArrangement' xlink:to='loc_DerivativeLiabilitySecuritiesSoldUnderAgreementsToResellSecuritiesLoanedCollateralRightToReclaimCash' xlink:type='arc' />
    <link:calculationArc order='30' weight='-1.0' xlink:arcrole='https://xbrl.org/2023/arcrole/summation-item' xlink:from='loc_DerivativeLiabilitySecuritySoldUnderAgreementToRepurchaseSecurityLoanedAfterOffsetAndDeductionSubjectToMasterNettingArrangement' xlink:to='loc_DerivativeLiabilitySecuritiesSoldUnderAgreementsToResellSecuritiesLoanedNotOffsetPolicyElectionDeduction' xlink:type='arc' />
    <link:calculationArc order='40' weight='1.0' xlink:arcrole='https://xbrl.org/2023/arcrole/summation-item' xlink:from='loc_DerivativeLiabilitySecuritySoldUnderAgreementToRepurchaseSecurityLoanedAfterOffsetAndDeductionSubjectToMasterNettingArrangement' xlink:to='loc_DerivativeLiabilitySecuritySoldUnderAgreementToRepurchaseSecurityLoanedAfterOffsetSubjectToMasterNettingArrangement' xlink:type='arc' />
    <link:calculationArc order='10' weight='1.0' xlink:arcrole='https://xbrl.org/2023/arcrole/summation-item' xlink:from='loc_DerivativeLiabilitySecuritySoldUnderAgreementToRepurchaseSecurityLoanedAfterOffsetSubjectToMasterNettingArrangement' xlink:to='loc_DerivativeLiabilitySecuritiesSoldUnderAgreementsToResellSecuritiesLoanedGross' xlink:type='arc' />
    <link:calculationArc order='20' weight='-1.0' xlink:arcrole='https://xbrl.org/2023/arcrole/summation-item' xlink:from='loc_DerivativeLiabilitySecuritySoldUnderAgreementToRepurchaseSecurityLoanedAfterOffsetSubjectToMasterNettingArrangement' xlink:to='loc_DerivativeLiabilitySecuritiesSoldUnderAgreementsToResellSecuritiesLoanedAsset' xlink:type='arc' />
    <link:calculationArc order='10' weight='-1.0' xlink:arcrole='https://xbrl.org/2023/arcrole/summation-item' xlink:from='loc_SecuritiesBorrowedAmountOffsetAgainstCollateral' xlink:to='loc_SecuritiesBorrowedNotOffsetPolicyElectionDeduction' xlink:type='arc' />
    <link:calculationArc order='20' weight='-1.0' xlink:arcrole='https://xbrl.org/2023/arcrole/summation-item' xlink:from='loc_SecuritiesBorrowedAmountOffsetAgainstCollateral' xlink:to='loc_SecuritiesBorrowedCollateralObligationToReturnSecurities' xlink:type='arc' />
    <link:calculationArc order='30' weight='-1.0' xlink:arcrole='https://xbrl.org/2023/arcrole/summation-item' xlink:from='loc_SecuritiesBorrowedAmountOffsetAgainstCollateral' xlink:to='loc_SecuritiesBorrowedCollateralObligationToReturnCash' xlink:type='arc' />
    <link:calculationArc order='40' weight='1.0' xlink:arcrole='https://xbrl.org/2023/arcrole/summation-item' xlink:from='loc_SecuritiesBorrowedAmountOffsetAgainstCollateral' xlink:to='loc_SecuritiesBorrowed' xlink:type='arc' />
    <link:calculationArc order='10' weight='1.0' xlink:arcrole='https://xbrl.org/2023/arcrole/summation-item' xlink:from='loc_SecuritiesBorrowed' xlink:to='loc_SecuritiesBorrowedGrossIncludingNotSubjectToMasterNettingArrangement' xlink:type='arc' />
    <link:calculationArc order='10' weight='1.0' xlink:arcrole='https://xbrl.org/2023/arcrole/summation-item' xlink:from='loc_SecuritiesBorrowedGrossIncludingNotSubjectToMasterNettingArrangement' xlink:to='loc_SecuritiesBorrowedGross' xlink:type='arc' />
    <link:calculationArc order='20' weight='1.0' xlink:arcrole='https://xbrl.org/2023/arcrole/summation-item' xlink:from='loc_SecuritiesBorrowedGrossIncludingNotSubjectToMasterNettingArrangement' xlink:to='loc_SecuritiesBorrowedNotSubjectToMasterNettingArrangement' xlink:type='arc' />
    <link:calculationArc order='20' weight='-1.0' xlink:arcrole='https://xbrl.org/2023/arcrole/summation-item' xlink:from='loc_SecuritiesBorrowed' xlink:to='loc_SecuritiesBorrowedLiability' xlink:type='arc' />
    <link:calculationArc order='10' weight='-1.0' xlink:arcrole='https://xbrl.org/2023/arcrole/summation-item' xlink:from='loc_SecuritiesLoanedAmountOffsetAgainstCollateral' xlink:to='loc_SecuritiesLoanedNotOffsetPolicyElectionDeduction' xlink:type='arc' />
    <link:calculationArc order='20' weight='-1.0' xlink:arcrole='https://xbrl.org/2023/arcrole/summation-item' xlink:from='loc_SecuritiesLoanedAmountOffsetAgainstCollateral' xlink:to='loc_SecuritiesLoanedCollateralRightToReclaimSecurities' xlink:type='arc' />
    <link:calculationArc order='30' weight='-1.0' xlink:arcrole='https://xbrl.org/2023/arcrole/summation-item' xlink:from='loc_SecuritiesLoanedAmountOffsetAgainstCollateral' xlink:to='loc_SecuritiesLoanedCollateralRightToReclaimCash' xlink:type='arc' />
    <link:calculationArc order='40' weight='1.0' xlink:arcrole='https://xbrl.org/2023/arcrole/summation-item' xlink:from='loc_SecuritiesLoanedAmountOffsetAgainstCollateral' xlink:to='loc_SecuritiesLoaned' xlink:type='arc' />
    <link:calculationArc order='10' weight='1.0' xlink:arcrole='https://xbrl.org/2023/arcrole/summation-item' xlink:from='loc_SecuritiesLoaned' xlink:to='loc_SecuritiesLoanedGrossIncludingNotSubjectToMasterNettingArrangement' xlink:type='arc' />
    <link:calculationArc order='10' weight='1.0' xlink:arcrole='https://xbrl.org/2023/arcrole/summation-item' xlink:from='loc_SecuritiesLoanedGrossIncludingNotSubjectToMasterNettingArrangement' xlink:to='loc_SecuritiesLoanedGross' xlink:type='arc' />
    <link:calculationArc order='20' weight='1.0' xlink:arcrole='https://xbrl.org/2023/arcrole/summation-item' xlink:from='loc_SecuritiesLoanedGrossIncludingNotSubjectToMasterNettingArrangement' xlink:to='loc_SecuritiesLoanedNotSubjectToMasterNettingArrangement' xlink:type='arc' />
    <link:calculationArc order='20' weight='-1.0' xlink:arcrole='https://xbrl.org/2023/arcrole/summation-item' xlink:from='loc_SecuritiesLoaned' xlink:to='loc_SecuritiesLoanedAsset' xlink:type='arc' />
    <link:calculationArc order='10' weight='-1.0' xlink:arcrole='https://xbrl.org/2023/arcrole/summation-item' xlink:from='loc_SecuritiesPurchasedUnderAgreementsToResellAmountOffsetAgainstCollateral' xlink:to='loc_SecuritiesPurchasedUnderAgreementsToResellNotOffsetPolicyElectionDeduction' xlink:type='arc' />
    <link:calculationArc order='20' weight='-1.0' xlink:arcrole='https://xbrl.org/2023/arcrole/summation-item' xlink:from='loc_SecuritiesPurchasedUnderAgreementsToResellAmountOffsetAgainstCollateral' xlink:to='loc_SecuritiesPurchasedUnderAgreementsToResellCollateralObligationToReturnSecurities' xlink:type='arc' />
    <link:calculationArc order='30' weight='-1.0' xlink:arcrole='https://xbrl.org/2023/arcrole/summation-item' xlink:from='loc_SecuritiesPurchasedUnderAgreementsToResellAmountOffsetAgainstCollateral' xlink:to='loc_SecuritiesPurchasedUnderAgreementsToResellCollateralObligationToReturnCash' xlink:type='arc' />
    <link:calculationArc order='40' weight='1.0' xlink:arcrole='https://xbrl.org/2023/arcrole/summation-item' xlink:from='loc_SecuritiesPurchasedUnderAgreementsToResellAmountOffsetAgainstCollateral' xlink:to='loc_SecuritiesPurchasedUnderAgreementsToResell' xlink:type='arc' />
    <link:calculationArc order='10' weight='1.0' xlink:arcrole='https://xbrl.org/2023/arcrole/summation-item' xlink:from='loc_SecuritiesPurchasedUnderAgreementsToResell' xlink:to='loc_SecuritiesPurchasedUnderAgreementsToResellGrossIncludingNotSubjectToMasterNettingArrangement' xlink:type='arc' />
    <link:calculationArc order='10' weight='1.0' xlink:arcrole='https://xbrl.org/2023/arcrole/summation-item' xlink:from='loc_SecuritiesPurchasedUnderAgreementsToResellGrossIncludingNotSubjectToMasterNettingArrangement' xlink:to='loc_SecuritiesPurchasedUnderAgreementsToResellGross' xlink:type='arc' />
    <link:calculationArc order='20' weight='1.0' xlink:arcrole='https://xbrl.org/2023/arcrole/summation-item' xlink:from='loc_SecuritiesPurchasedUnderAgreementsToResellGrossIncludingNotSubjectToMasterNettingArrangement' xlink:to='loc_SecuritiesPurchasedUnderAgreementsToResellNotSubjectToMasterNettingArrangement' xlink:type='arc' />
    <link:calculationArc order='20' weight='-1.0' xlink:arcrole='https://xbrl.org/2023/arcrole/summation-item' xlink:from='loc_SecuritiesPurchasedUnderAgreementsToResell' xlink:to='loc_SecuritiesPurchasedUnderAgreementsToResellLiability' xlink:type='arc' />
    <link:calculationArc order='10' weight='-1.0' xlink:arcrole='https://xbrl.org/2023/arcrole/summation-item' xlink:from='loc_SecuritiesSoldUnderAgreementsToRepurchaseAmountOffsetAgainstCollateral' xlink:to='loc_SecuritiesSoldUnderAgreementsToResellNotOffsetPolicyElectionDeduction' xlink:type='arc' />
    <link:calculationArc order='20' weight='-1.0' xlink:arcrole='https://xbrl.org/2023/arcrole/summation-item' xlink:from='loc_SecuritiesSoldUnderAgreementsToRepurchaseAmountOffsetAgainstCollateral' xlink:to='loc_SecuritiesSoldUnderAgreementsToRepurchaseCollateralRightToReclaimSecurities' xlink:type='arc' />
    <link:calculationArc order='30' weight='-1.0' xlink:arcrole='https://xbrl.org/2023/arcrole/summation-item' xlink:from='loc_SecuritiesSoldUnderAgreementsToRepurchaseAmountOffsetAgainstCollateral' xlink:to='loc_SecuritiesSoldUnderAgreementsToRepurchaseCollateralRightToReclaimCash' xlink:type='arc' />
    <link:calculationArc order='40' weight='1.0' xlink:arcrole='https://xbrl.org/2023/arcrole/summation-item' xlink:from='loc_SecuritiesSoldUnderAgreementsToRepurchaseAmountOffsetAgainstCollateral' xlink:to='loc_SecuritiesSoldUnderAgreementsToRepurchase' xlink:type='arc' />
    <link:calculationArc order='10' weight='1.0' xlink:arcrole='https://xbrl.org/2023/arcrole/summation-item' xlink:from='loc_SecuritiesSoldUnderAgreementsToRepurchase' xlink:to='loc_SecuritiesSoldUnderAgreementsToRepurchaseGrossIncludingNotSubjectToMasterNettingArrangement' xlink:type='arc' />
    <link:calculationArc order='10' weight='1.0' xlink:arcrole='https://xbrl.org/2023/arcrole/summation-item' xlink:from='loc_SecuritiesSoldUnderAgreementsToRepurchaseGrossIncludingNotSubjectToMasterNettingArrangement' xlink:to='loc_SecuritiesSoldUnderAgreementsToRepurchaseGross' xlink:type='arc' />
    <link:calculationArc order='20' weight='1.0' xlink:arcrole='https://xbrl.org/2023/arcrole/summation-item' xlink:from='loc_SecuritiesSoldUnderAgreementsToRepurchaseGrossIncludingNotSubjectToMasterNettingArrangement' xlink:to='loc_SecuritiesSoldUnderAgreementsToRepurchaseNotSubjectToMasterNettingArrangement' xlink:type='arc' />
    <link:calculationArc order='20' weight='-1.0' xlink:arcrole='https://xbrl.org/2023/arcrole/summation-item' xlink:from='loc_SecuritiesSoldUnderAgreementsToRepurchase' xlink:to='loc_SecuritiesSoldUnderAgreementsToRepurchaseAsset' xlink:type='arc' />
  </link:calculationLink>
</link:linkbase>
