<?xml version='1.0' encoding='UTF-8'?>

<!--
(c) 2010-2025 Financial Accounting Foundation; (c) 2007-2010 XBRL US, Inc.  All Rights Reserved.
Notice: Authorized Uses are Set Forth at https://xbrl.fasb.org/terms/TaxonomiesTermsConditions.html
  -->
<link:linkbase xmlns:link='http://www.xbrl.org/2003/linkbase' xmlns:xlink='http://www.w3.org/1999/xlink' xmlns:xsi='http://www.w3.org/2001/XMLSchema-instance' xsi:schemaLocation='http://www.xbrl.org/2003/linkbase http://www.xbrl.org/2003/xbrl-linkbase-2003-12-31.xsd'>
  <link:arcroleRef arcroleURI='https://xbrl.org/2023/arcrole/summation-item' xlink:href='https://www.xbrl.org/2023/calculation-1.1.xsd#summation-item' xlink:type='simple'/>
  <link:roleRef roleURI='http://fasb.org/us-gaap/role/disclosure/InvestmentsDebtAndEquitySecurities' xlink:href='../elts/us-roles-2025.xsd#ides' xlink:type='simple' />
  <link:calculationLink xlink:role='http://fasb.org/us-gaap/role/disclosure/InvestmentsDebtAndEquitySecurities' xlink:type='extended'>
    <link:loc xlink:href='../elts/us-gaap-2025.xsd#us-gaap_AvailableForSaleSecuritiesDebtMaturitiesSingleMaturityDate' xlink:label='loc_AvailableForSaleSecuritiesDebtMaturitiesSingleMaturityDate' xlink:type='locator' />
    <link:loc xlink:href='../elts/us-gaap-2025.xsd#us-gaap_AvailableForSaleSecuritiesDebtMaturitiesNextRollingTwelveMonthsFairValue' xlink:label='loc_AvailableForSaleSecuritiesDebtMaturitiesNextRollingTwelveMonthsFairValue' xlink:type='locator' />
    <link:loc xlink:href='../elts/us-gaap-2025.xsd#us-gaap_AvailableForSaleSecuritiesDebtMaturitiesRollingYearTwoThroughFiveFairValue' xlink:label='loc_AvailableForSaleSecuritiesDebtMaturitiesRollingYearTwoThroughFiveFairValue' xlink:type='locator' />
    <link:loc xlink:href='../elts/us-gaap-2025.xsd#us-gaap_AvailableForSaleSecuritiesDebtMaturitiesRollingYearSixThroughTenFairValue' xlink:label='loc_AvailableForSaleSecuritiesDebtMaturitiesRollingYearSixThroughTenFairValue' xlink:type='locator' />
    <link:loc xlink:href='../elts/us-gaap-2025.xsd#us-gaap_AvailableForSaleSecuritiesDebtMaturitiesRollingAfterYearTenFairValue' xlink:label='loc_AvailableForSaleSecuritiesDebtMaturitiesRollingAfterYearTenFairValue' xlink:type='locator' />
    <link:loc xlink:href='../elts/us-gaap-2025.xsd#us-gaap_AvailableForSaleDebtSecuritiesAmortizedCostBasis' xlink:label='loc_AvailableForSaleDebtSecuritiesAmortizedCostBasis' xlink:type='locator' />
    <link:loc xlink:href='../elts/us-gaap-2025.xsd#us-gaap_AvailableForSaleSecuritiesDebtMaturitiesWithoutSingleMaturityDateAmortizedCost' xlink:label='loc_AvailableForSaleSecuritiesDebtMaturitiesWithoutSingleMaturityDateAmortizedCost' xlink:type='locator' />
    <link:loc xlink:href='../elts/us-gaap-2025.xsd#us-gaap_AvailableForSaleSecuritiesDebtMaturitiesSingleMaturityDateAmortizedCostBasis' xlink:label='loc_AvailableForSaleSecuritiesDebtMaturitiesSingleMaturityDateAmortizedCostBasis' xlink:type='locator' />
    <link:loc xlink:href='../elts/us-gaap-2025.xsd#us-gaap_AvailableForSaleSecuritiesDebtMaturitiesWithinOneYearAmortizedCost' xlink:label='loc_AvailableForSaleSecuritiesDebtMaturitiesWithinOneYearAmortizedCost' xlink:type='locator' />
    <link:loc xlink:href='../elts/us-gaap-2025.xsd#us-gaap_AvailableForSaleSecuritiesDebtMaturitiesAfterOneThroughFiveYearsAmortizedCost' xlink:label='loc_AvailableForSaleSecuritiesDebtMaturitiesAfterOneThroughFiveYearsAmortizedCost' xlink:type='locator' />
    <link:loc xlink:href='../elts/us-gaap-2025.xsd#us-gaap_AvailableForSaleSecuritiesDebtMaturitiesAfterFiveThroughTenYearsAmortizedCost' xlink:label='loc_AvailableForSaleSecuritiesDebtMaturitiesAfterFiveThroughTenYearsAmortizedCost' xlink:type='locator' />
    <link:loc xlink:href='../elts/us-gaap-2025.xsd#us-gaap_AvailableForSaleSecuritiesDebtMaturitiesAfterTenYearsAmortizedCost' xlink:label='loc_AvailableForSaleSecuritiesDebtMaturitiesAfterTenYearsAmortizedCost' xlink:type='locator' />
    <link:loc xlink:href='../elts/us-gaap-2025.xsd#us-gaap_InterestAndDividendIncomeSecurities' xlink:label='loc_InterestAndDividendIncomeSecurities' xlink:type='locator' />
    <link:loc xlink:href='../elts/us-gaap-2025.xsd#us-gaap_DividendIncomeOperating' xlink:label='loc_DividendIncomeOperating' xlink:type='locator' />
    <link:loc xlink:href='../elts/us-gaap-2025.xsd#us-gaap_DividendIncomeOperatingPaidInCash' xlink:label='loc_DividendIncomeOperatingPaidInCash' xlink:type='locator' />
    <link:loc xlink:href='../elts/us-gaap-2025.xsd#us-gaap_DividendIncomeOperatingPaidInKind' xlink:label='loc_DividendIncomeOperatingPaidInKind' xlink:type='locator' />
    <link:loc xlink:href='../elts/us-gaap-2025.xsd#us-gaap_InterestIncomeOperating' xlink:label='loc_InterestIncomeOperating' xlink:type='locator' />
    <link:loc xlink:href='../elts/us-gaap-2025.xsd#us-gaap_InterestIncomeOperatingPaidInCash' xlink:label='loc_InterestIncomeOperatingPaidInCash' xlink:type='locator' />
    <link:loc xlink:href='../elts/us-gaap-2025.xsd#us-gaap_InterestIncomeOperatingPaidInKind' xlink:label='loc_InterestIncomeOperatingPaidInKind' xlink:type='locator' />
    <link:loc xlink:href='../elts/us-gaap-2025.xsd#us-gaap_LifeSettlementContractsFairValueMethodCarryingAmount' xlink:label='loc_LifeSettlementContractsFairValueMethodCarryingAmount' xlink:type='locator' />
    <link:loc xlink:href='../elts/us-gaap-2025.xsd#us-gaap_LifeSettlementContractsFairValueMaturingInNextTwelveMonths' xlink:label='loc_LifeSettlementContractsFairValueMaturingInNextTwelveMonths' xlink:type='locator' />
    <link:loc xlink:href='../elts/us-gaap-2025.xsd#us-gaap_LifeSettlementContractsFairValueMaturingInYearTwo' xlink:label='loc_LifeSettlementContractsFairValueMaturingInYearTwo' xlink:type='locator' />
    <link:loc xlink:href='../elts/us-gaap-2025.xsd#us-gaap_LifeSettlementContractsFairValueMaturingInYearThree' xlink:label='loc_LifeSettlementContractsFairValueMaturingInYearThree' xlink:type='locator' />
    <link:loc xlink:href='../elts/us-gaap-2025.xsd#us-gaap_LifeSettlementContractsFairValueMaturingInYearFour' xlink:label='loc_LifeSettlementContractsFairValueMaturingInYearFour' xlink:type='locator' />
    <link:loc xlink:href='../elts/us-gaap-2025.xsd#us-gaap_LifeSettlementContractsFairValueMaturingInYearFive' xlink:label='loc_LifeSettlementContractsFairValueMaturingInYearFive' xlink:type='locator' />
    <link:loc xlink:href='../elts/us-gaap-2025.xsd#us-gaap_LifeSettlementContractsFairValueMaturingAfterYearFive' xlink:label='loc_LifeSettlementContractsFairValueMaturingAfterYearFive' xlink:type='locator' />
    <link:loc xlink:href='../elts/us-gaap-2025.xsd#us-gaap_LifeSettlementContractsFairValueMethodFaceValue' xlink:label='loc_LifeSettlementContractsFairValueMethodFaceValue' xlink:type='locator' />
    <link:loc xlink:href='../elts/us-gaap-2025.xsd#us-gaap_LifeSettlementContractsFairValueMethodFaceValueMaturingInNextTwelveMonths' xlink:label='loc_LifeSettlementContractsFairValueMethodFaceValueMaturingInNextTwelveMonths' xlink:type='locator' />
    <link:loc xlink:href='../elts/us-gaap-2025.xsd#us-gaap_LifeSettlementContractsFairValueMethodFaceValueMaturingInYearTwo' xlink:label='loc_LifeSettlementContractsFairValueMethodFaceValueMaturingInYearTwo' xlink:type='locator' />
    <link:loc xlink:href='../elts/us-gaap-2025.xsd#us-gaap_LifeSettlementContractsFairValueMethodFaceValueMaturingInYearThree' xlink:label='loc_LifeSettlementContractsFairValueMethodFaceValueMaturingInYearThree' xlink:type='locator' />
    <link:loc xlink:href='../elts/us-gaap-2025.xsd#us-gaap_LifeSettlementContractsFairValueMethodFaceValueMaturingInYearFour' xlink:label='loc_LifeSettlementContractsFairValueMethodFaceValueMaturingInYearFour' xlink:type='locator' />
    <link:loc xlink:href='../elts/us-gaap-2025.xsd#us-gaap_LifeSettlementContractsFairValueMethodFaceValueMaturingInYearFive' xlink:label='loc_LifeSettlementContractsFairValueMethodFaceValueMaturingInYearFive' xlink:type='locator' />
    <link:loc xlink:href='../elts/us-gaap-2025.xsd#us-gaap_LifeSettlementContractsFairValueMethodFaceValueMaturingAfterYearFive' xlink:label='loc_LifeSettlementContractsFairValueMethodFaceValueMaturingAfterYearFive' xlink:type='locator' />
    <link:loc xlink:href='../elts/us-gaap-2025.xsd#us-gaap_LifeSettlementContractsFairValueMethodNumberOfContracts' xlink:label='loc_LifeSettlementContractsFairValueMethodNumberOfContracts' xlink:type='locator' />
    <link:loc xlink:href='../elts/us-gaap-2025.xsd#us-gaap_LifeSettlementContractsFairValueMethodNumberOfContractsMaturingInNextTwelveMonths' xlink:label='loc_LifeSettlementContractsFairValueMethodNumberOfContractsMaturingInNextTwelveMonths' xlink:type='locator' />
    <link:loc xlink:href='../elts/us-gaap-2025.xsd#us-gaap_LifeSettlementContractsFairValueMethodNumberOfContractsMaturingInYearTwo' xlink:label='loc_LifeSettlementContractsFairValueMethodNumberOfContractsMaturingInYearTwo' xlink:type='locator' />
    <link:loc xlink:href='../elts/us-gaap-2025.xsd#us-gaap_LifeSettlementContractsFairValueMethodNumberOfContractsMaturingInYearThree' xlink:label='loc_LifeSettlementContractsFairValueMethodNumberOfContractsMaturingInYearThree' xlink:type='locator' />
    <link:loc xlink:href='../elts/us-gaap-2025.xsd#us-gaap_LifeSettlementContractsFairValueMethodNumberOfContractsMaturingInYearFour' xlink:label='loc_LifeSettlementContractsFairValueMethodNumberOfContractsMaturingInYearFour' xlink:type='locator' />
    <link:loc xlink:href='../elts/us-gaap-2025.xsd#us-gaap_LifeSettlementContractsFairValueMethodNumberOfContractsMaturingInYearFive' xlink:label='loc_LifeSettlementContractsFairValueMethodNumberOfContractsMaturingInYearFive' xlink:type='locator' />
    <link:loc xlink:href='../elts/us-gaap-2025.xsd#us-gaap_LifeSettlementContractsFairValueMethodNumberOfContractsMaturingAfterYearFive' xlink:label='loc_LifeSettlementContractsFairValueMethodNumberOfContractsMaturingAfterYearFive' xlink:type='locator' />
    <link:loc xlink:href='../elts/us-gaap-2025.xsd#us-gaap_LifeSettlementContractsInvestmentMethodCarryingAmount' xlink:label='loc_LifeSettlementContractsInvestmentMethodCarryingAmount' xlink:type='locator' />
    <link:loc xlink:href='../elts/us-gaap-2025.xsd#us-gaap_LifeSettlementContractsInvestmentMethodCarryingAmountMaturingInNextTwelveMonths' xlink:label='loc_LifeSettlementContractsInvestmentMethodCarryingAmountMaturingInNextTwelveMonths' xlink:type='locator' />
    <link:loc xlink:href='../elts/us-gaap-2025.xsd#us-gaap_LifeSettlementContractsInvestmentMethodCarryingAmountMaturingInYearTwo' xlink:label='loc_LifeSettlementContractsInvestmentMethodCarryingAmountMaturingInYearTwo' xlink:type='locator' />
    <link:loc xlink:href='../elts/us-gaap-2025.xsd#us-gaap_LifeSettlementContractsInvestmentMethodCarryingAmountMaturingInYearThree' xlink:label='loc_LifeSettlementContractsInvestmentMethodCarryingAmountMaturingInYearThree' xlink:type='locator' />
    <link:loc xlink:href='../elts/us-gaap-2025.xsd#us-gaap_LifeSettlementContractsInvestmentMethodCarryingAmountMaturingInYearFour' xlink:label='loc_LifeSettlementContractsInvestmentMethodCarryingAmountMaturingInYearFour' xlink:type='locator' />
    <link:loc xlink:href='../elts/us-gaap-2025.xsd#us-gaap_LifeSettlementContractsInvestmentMethodCarryingAmountMaturingInYearFive' xlink:label='loc_LifeSettlementContractsInvestmentMethodCarryingAmountMaturingInYearFive' xlink:type='locator' />
    <link:loc xlink:href='../elts/us-gaap-2025.xsd#us-gaap_LifeSettlementContractsInvestmentMethodCarryingAmountMaturingAfterYearFive' xlink:label='loc_LifeSettlementContractsInvestmentMethodCarryingAmountMaturingAfterYearFive' xlink:type='locator' />
    <link:loc xlink:href='../elts/us-gaap-2025.xsd#us-gaap_LifeSettlementContractsInvestmentMethodFaceValue' xlink:label='loc_LifeSettlementContractsInvestmentMethodFaceValue' xlink:type='locator' />
    <link:loc xlink:href='../elts/us-gaap-2025.xsd#us-gaap_LifeSettlementContractsInvestmentMethodFaceValueMaturingInNextTwelveMonths' xlink:label='loc_LifeSettlementContractsInvestmentMethodFaceValueMaturingInNextTwelveMonths' xlink:type='locator' />
    <link:loc xlink:href='../elts/us-gaap-2025.xsd#us-gaap_LifeSettlementContractsInvestmentMethodFaceValueMaturingInYearTwo' xlink:label='loc_LifeSettlementContractsInvestmentMethodFaceValueMaturingInYearTwo' xlink:type='locator' />
    <link:loc xlink:href='../elts/us-gaap-2025.xsd#us-gaap_LifeSettlementContractsInvestmentMethodFaceValueMaturingInYearThree' xlink:label='loc_LifeSettlementContractsInvestmentMethodFaceValueMaturingInYearThree' xlink:type='locator' />
    <link:loc xlink:href='../elts/us-gaap-2025.xsd#us-gaap_LifeSettlementContractsInvestmentMethodFaceValueMaturingInYearFour' xlink:label='loc_LifeSettlementContractsInvestmentMethodFaceValueMaturingInYearFour' xlink:type='locator' />
    <link:loc xlink:href='../elts/us-gaap-2025.xsd#us-gaap_LifeSettlementContractsInvestmentMethodFaceValueMaturingInYearFive' xlink:label='loc_LifeSettlementContractsInvestmentMethodFaceValueMaturingInYearFive' xlink:type='locator' />
    <link:loc xlink:href='../elts/us-gaap-2025.xsd#us-gaap_LifeSettlementContractsInvestmentMethodFaceValueMaturingAfterYearFive' xlink:label='loc_LifeSettlementContractsInvestmentMethodFaceValueMaturingAfterYearFive' xlink:type='locator' />
    <link:loc xlink:href='../elts/us-gaap-2025.xsd#us-gaap_LifeSettlementContractsInvestmentMethodFiveYearDisclosurePremiumsToBePaid' xlink:label='loc_LifeSettlementContractsInvestmentMethodFiveYearDisclosurePremiumsToBePaid' xlink:type='locator' />
    <link:loc xlink:href='../elts/us-gaap-2025.xsd#us-gaap_LifeSettlementContractsInvestmentMethodPremiumsToBePaidInNextTwelveMonths' xlink:label='loc_LifeSettlementContractsInvestmentMethodPremiumsToBePaidInNextTwelveMonths' xlink:type='locator' />
    <link:loc xlink:href='../elts/us-gaap-2025.xsd#us-gaap_LifeSettlementContractsInvestmentMethodPremiumsToBePaidInYearTwo' xlink:label='loc_LifeSettlementContractsInvestmentMethodPremiumsToBePaidInYearTwo' xlink:type='locator' />
    <link:loc xlink:href='../elts/us-gaap-2025.xsd#us-gaap_LifeSettlementContractsInvestmentMethodPremiumsToBePaidInYearThree' xlink:label='loc_LifeSettlementContractsInvestmentMethodPremiumsToBePaidInYearThree' xlink:type='locator' />
    <link:loc xlink:href='../elts/us-gaap-2025.xsd#us-gaap_LifeSettlementContractsInvestmentMethodPremiumsToBePaidInYearFour' xlink:label='loc_LifeSettlementContractsInvestmentMethodPremiumsToBePaidInYearFour' xlink:type='locator' />
    <link:loc xlink:href='../elts/us-gaap-2025.xsd#us-gaap_LifeSettlementContractsInvestmentMethodPremiumsToBePaidInYearFive' xlink:label='loc_LifeSettlementContractsInvestmentMethodPremiumsToBePaidInYearFive' xlink:type='locator' />
    <link:loc xlink:href='../elts/us-gaap-2025.xsd#us-gaap_LifeSettlementContractsInvestmentMethodPremiumsToBePaidAfterYearFive' xlink:label='loc_LifeSettlementContractsInvestmentMethodPremiumsToBePaidAfterYearFive' xlink:type='locator' />
    <link:loc xlink:href='../elts/us-gaap-2025.xsd#us-gaap_LifeSettlementContractsInvestmentMethodNumberOfContracts' xlink:label='loc_LifeSettlementContractsInvestmentMethodNumberOfContracts' xlink:type='locator' />
    <link:loc xlink:href='../elts/us-gaap-2025.xsd#us-gaap_LifeSettlementContractsInvestmentMethodNumberOfContractsMaturingInNextRollingTwelveMonths' xlink:label='loc_LifeSettlementContractsInvestmentMethodNumberOfContractsMaturingInNextRollingTwelveMonths' xlink:type='locator' />
    <link:loc xlink:href='../elts/us-gaap-2025.xsd#us-gaap_LifeSettlementContractsInvestmentMethodNumberOfContractsMaturingInRollingYearTwo' xlink:label='loc_LifeSettlementContractsInvestmentMethodNumberOfContractsMaturingInRollingYearTwo' xlink:type='locator' />
    <link:loc xlink:href='../elts/us-gaap-2025.xsd#us-gaap_LifeSettlementContractsInvestmentMethodNumberOfContractsMaturingInRollingYearThree' xlink:label='loc_LifeSettlementContractsInvestmentMethodNumberOfContractsMaturingInRollingYearThree' xlink:type='locator' />
    <link:loc xlink:href='../elts/us-gaap-2025.xsd#us-gaap_LifeSettlementContractsInvestmentMethodNumberOfContractsMaturingInRollingYearFour' xlink:label='loc_LifeSettlementContractsInvestmentMethodNumberOfContractsMaturingInRollingYearFour' xlink:type='locator' />
    <link:loc xlink:href='../elts/us-gaap-2025.xsd#us-gaap_LifeSettlementContractsInvestmentMethodNumberOfContractsMaturingInRollingYearFive' xlink:label='loc_LifeSettlementContractsInvestmentMethodNumberOfContractsMaturingInRollingYearFive' xlink:type='locator' />
    <link:loc xlink:href='../elts/us-gaap-2025.xsd#us-gaap_LifeSettlementContractsInvestmentMethodNumberOfContractsMaturingAfterRollingYearFive' xlink:label='loc_LifeSettlementContractsInvestmentMethodNumberOfContractsMaturingAfterRollingYearFive' xlink:type='locator' />
    <link:loc xlink:href='../elts/us-gaap-2025.xsd#us-gaap_DebtSecuritiesTradingGainLoss' xlink:label='loc_DebtSecuritiesTradingGainLoss' xlink:type='locator' />
    <link:loc xlink:href='../elts/us-gaap-2025.xsd#us-gaap_DebtSecuritiesTradingRealizedGainLoss' xlink:label='loc_DebtSecuritiesTradingRealizedGainLoss' xlink:type='locator' />
    <link:loc xlink:href='../elts/us-gaap-2025.xsd#us-gaap_DebtSecuritiesTradingRealizedGain' xlink:label='loc_DebtSecuritiesTradingRealizedGain' xlink:type='locator' />
    <link:loc xlink:href='../elts/us-gaap-2025.xsd#us-gaap_DebtSecuritiesTradingRealizedLoss' xlink:label='loc_DebtSecuritiesTradingRealizedLoss' xlink:type='locator' />
    <link:loc xlink:href='../elts/us-gaap-2025.xsd#us-gaap_DebtSecuritiesTradingUnrealizedGainLoss' xlink:label='loc_DebtSecuritiesTradingUnrealizedGainLoss' xlink:type='locator' />
    <link:loc xlink:href='../elts/us-gaap-2025.xsd#us-gaap_DebtSecuritiesTradingUnrealizedGain' xlink:label='loc_DebtSecuritiesTradingUnrealizedGain' xlink:type='locator' />
    <link:loc xlink:href='../elts/us-gaap-2025.xsd#us-gaap_DebtSecuritiesTradingUnrealizedLoss' xlink:label='loc_DebtSecuritiesTradingUnrealizedLoss' xlink:type='locator' />
    <link:loc xlink:href='../elts/us-gaap-2025.xsd#us-gaap_DebtSecuritiesAvailableForSaleAccumulatedGrossUnrealizedGainLossBeforeTax' xlink:label='loc_DebtSecuritiesAvailableForSaleAccumulatedGrossUnrealizedGainLossBeforeTax' xlink:type='locator' />
    <link:loc xlink:href='../elts/us-gaap-2025.xsd#us-gaap_AvailableForSaleDebtSecuritiesAccumulatedGrossUnrealizedGainBeforeTax' xlink:label='loc_AvailableForSaleDebtSecuritiesAccumulatedGrossUnrealizedGainBeforeTax' xlink:type='locator' />
    <link:loc xlink:href='../elts/us-gaap-2025.xsd#us-gaap_AvailableForSaleDebtSecuritiesAccumulatedGrossUnrealizedLossBeforeTax' xlink:label='loc_AvailableForSaleDebtSecuritiesAccumulatedGrossUnrealizedLossBeforeTax' xlink:type='locator' />
    <link:loc xlink:href='../elts/us-gaap-2025.xsd#us-gaap_MarketableSecuritiesGainLossExcludingOtherThanTemporaryImpairments' xlink:label='loc_MarketableSecuritiesGainLossExcludingOtherThanTemporaryImpairments' xlink:type='locator' />
    <link:loc xlink:href='../elts/us-gaap-2025.xsd#us-gaap_MarketableSecuritiesUnrealizedGainLoss' xlink:label='loc_MarketableSecuritiesUnrealizedGainLoss' xlink:type='locator' />
    <link:loc xlink:href='../elts/us-gaap-2025.xsd#us-gaap_MarketableSecuritiesRealizedGainLossExcludingOtherThanTemporaryImpairments' xlink:label='loc_MarketableSecuritiesRealizedGainLossExcludingOtherThanTemporaryImpairments' xlink:type='locator' />
    <link:loc xlink:href='../elts/us-gaap-2025.xsd#us-gaap_DebtAndEquitySecuritiesGainLoss' xlink:label='loc_DebtAndEquitySecuritiesGainLoss' xlink:type='locator' />
    <link:loc xlink:href='../elts/us-gaap-2025.xsd#us-gaap_DebtSecuritiesGainLoss' xlink:label='loc_DebtSecuritiesGainLoss' xlink:type='locator' />
    <link:loc xlink:href='../elts/us-gaap-2025.xsd#us-gaap_EquitySecuritiesFvNiGainLoss' xlink:label='loc_EquitySecuritiesFvNiGainLoss' xlink:type='locator' />
    <link:loc xlink:href='../elts/us-gaap-2025.xsd#us-gaap_DebtSecuritiesAvailableForSaleGainLoss' xlink:label='loc_DebtSecuritiesAvailableForSaleGainLoss' xlink:type='locator' />
    <link:loc xlink:href='../elts/us-gaap-2025.xsd#us-gaap_DebtSecuritiesAvailableForSaleUnrealizedGainLoss' xlink:label='loc_DebtSecuritiesAvailableForSaleUnrealizedGainLoss' xlink:type='locator' />
    <link:loc xlink:href='../elts/us-gaap-2025.xsd#us-gaap_AvailableForSaleDebtSecuritiesGrossUnrealizedGain' xlink:label='loc_AvailableForSaleDebtSecuritiesGrossUnrealizedGain' xlink:type='locator' />
    <link:loc xlink:href='../elts/us-gaap-2025.xsd#us-gaap_AvailableForSaleDebtSecuritiesGrossUnrealizedLoss' xlink:label='loc_AvailableForSaleDebtSecuritiesGrossUnrealizedLoss' xlink:type='locator' />
    <link:loc xlink:href='../elts/us-gaap-2025.xsd#us-gaap_DebtSecuritiesAvailableForSaleRealizedGainLoss' xlink:label='loc_DebtSecuritiesAvailableForSaleRealizedGainLoss' xlink:type='locator' />
    <link:loc xlink:href='../elts/us-gaap-2025.xsd#us-gaap_DebtSecuritiesAvailableForSaleRealizedGain' xlink:label='loc_DebtSecuritiesAvailableForSaleRealizedGain' xlink:type='locator' />
    <link:loc xlink:href='../elts/us-gaap-2025.xsd#us-gaap_DebtSecuritiesAvailableForSaleRealizedLoss' xlink:label='loc_DebtSecuritiesAvailableForSaleRealizedLoss' xlink:type='locator' />
    <link:loc xlink:href='../elts/us-gaap-2025.xsd#us-gaap_DebtSecuritiesAvailableForSaleTransferToTradingGainLoss' xlink:label='loc_DebtSecuritiesAvailableForSaleTransferToTradingGainLoss' xlink:type='locator' />
    <link:loc xlink:href='../elts/us-gaap-2025.xsd#us-gaap_DebtSecuritiesAvailableForSaleTransferToTradingGain' xlink:label='loc_DebtSecuritiesAvailableForSaleTransferToTradingGain' xlink:type='locator' />
    <link:loc xlink:href='../elts/us-gaap-2025.xsd#us-gaap_DebtSecuritiesAvailableForSaleTransferToTradingLoss' xlink:label='loc_DebtSecuritiesAvailableForSaleTransferToTradingLoss' xlink:type='locator' />
    <link:loc xlink:href='../elts/us-gaap-2025.xsd#us-gaap_DebtSecuritiesAvailableForSaleUnrealizedLossPosition' xlink:label='loc_DebtSecuritiesAvailableForSaleUnrealizedLossPosition' xlink:type='locator' />
    <link:loc xlink:href='../elts/us-gaap-2025.xsd#us-gaap_DebtSecuritiesAvailableForSaleContinuousUnrealizedLossPositionLessThan12Months' xlink:label='loc_DebtSecuritiesAvailableForSaleContinuousUnrealizedLossPositionLessThan12Months' xlink:type='locator' />
    <link:loc xlink:href='../elts/us-gaap-2025.xsd#us-gaap_DebtSecuritiesAvailableForSaleContinuousUnrealizedLossPosition12MonthsOrLonger' xlink:label='loc_DebtSecuritiesAvailableForSaleContinuousUnrealizedLossPosition12MonthsOrLonger' xlink:type='locator' />
    <link:loc xlink:href='../elts/us-gaap-2025.xsd#us-gaap_DebtSecuritiesAvailableForSaleUnrealizedLossPositionAccumulatedLoss' xlink:label='loc_DebtSecuritiesAvailableForSaleUnrealizedLossPositionAccumulatedLoss' xlink:type='locator' />
    <link:loc xlink:href='../elts/us-gaap-2025.xsd#us-gaap_DebtSecuritiesAvailableForSaleContinuousUnrealizedLossPositionLessThan12MonthsAccumulatedLoss' xlink:label='loc_DebtSecuritiesAvailableForSaleContinuousUnrealizedLossPositionLessThan12MonthsAccumulatedLoss' xlink:type='locator' />
    <link:loc xlink:href='../elts/us-gaap-2025.xsd#us-gaap_DebtSecuritiesAvailableForSaleContinuousUnrealizedLossPosition12MonthsOrLongerAccumulatedLoss' xlink:label='loc_DebtSecuritiesAvailableForSaleContinuousUnrealizedLossPosition12MonthsOrLongerAccumulatedLoss' xlink:type='locator' />
    <link:loc xlink:href='../elts/us-gaap-2025.xsd#us-gaap_DebtSecuritiesTradingAndAvailableForSale' xlink:label='loc_DebtSecuritiesTradingAndAvailableForSale' xlink:type='locator' />
    <link:loc xlink:href='../elts/us-gaap-2025.xsd#us-gaap_TradingSecuritiesDebt' xlink:label='loc_TradingSecuritiesDebt' xlink:type='locator' />
    <link:loc xlink:href='../elts/us-gaap-2025.xsd#us-gaap_AvailableForSaleSecuritiesDebtSecurities' xlink:label='loc_AvailableForSaleSecuritiesDebtSecurities' xlink:type='locator' />
    <link:loc xlink:href='../elts/us-gaap-2025.xsd#us-gaap_DebtSecuritiesHeldToMaturityDerivativeCumulativeGainLoss' xlink:label='loc_DebtSecuritiesHeldToMaturityDerivativeCumulativeGainLoss' xlink:type='locator' />
    <link:loc xlink:href='../elts/us-gaap-2025.xsd#us-gaap_DebtSecuritiesHeldToMaturityDerivativeCumulativeGain' xlink:label='loc_DebtSecuritiesHeldToMaturityDerivativeCumulativeGain' xlink:type='locator' />
    <link:loc xlink:href='../elts/us-gaap-2025.xsd#us-gaap_DebtSecuritiesHeldToMaturityDerivativeCumulativeLoss' xlink:label='loc_DebtSecuritiesHeldToMaturityDerivativeCumulativeLoss' xlink:type='locator' />
    <link:loc xlink:href='../elts/us-gaap-2025.xsd#us-gaap_DebtSecuritiesTradingAndEquitySecuritiesFvNiCost' xlink:label='loc_DebtSecuritiesTradingAndEquitySecuritiesFvNiCost' xlink:type='locator' />
    <link:loc xlink:href='../elts/us-gaap-2025.xsd#us-gaap_EquitySecuritiesFvNiCost' xlink:label='loc_EquitySecuritiesFvNiCost' xlink:type='locator' />
    <link:loc xlink:href='../elts/us-gaap-2025.xsd#us-gaap_TradingSecuritiesDebtAmortizedCost' xlink:label='loc_TradingSecuritiesDebtAmortizedCost' xlink:type='locator' />
    <link:loc xlink:href='../elts/us-gaap-2025.xsd#us-gaap_EquitySecuritiesFvNiAndWithoutReadilyDeterminableFairValue' xlink:label='loc_EquitySecuritiesFvNiAndWithoutReadilyDeterminableFairValue' xlink:type='locator' />
    <link:loc xlink:href='../elts/us-gaap-2025.xsd#us-gaap_EquitySecuritiesFvNiCurrentAndNoncurrent' xlink:label='loc_EquitySecuritiesFvNiCurrentAndNoncurrent' xlink:type='locator' />
    <link:loc xlink:href='../elts/us-gaap-2025.xsd#us-gaap_EquitySecuritiesWithoutReadilyDeterminableFairValueAmount' xlink:label='loc_EquitySecuritiesWithoutReadilyDeterminableFairValueAmount' xlink:type='locator' />
    <link:loc xlink:href='../elts/us-gaap-2025.xsd#us-gaap_HeldToMaturitySecuritiesFairValue' xlink:label='loc_HeldToMaturitySecuritiesFairValue' xlink:type='locator' />
    <link:loc xlink:href='../elts/us-gaap-2025.xsd#us-gaap_DebtSecuritiesHeldToMaturityFairValueCurrent' xlink:label='loc_DebtSecuritiesHeldToMaturityFairValueCurrent' xlink:type='locator' />
    <link:loc xlink:href='../elts/us-gaap-2025.xsd#us-gaap_DebtSecuritiesHeldToMaturityFairValueNoncurrent' xlink:label='loc_DebtSecuritiesHeldToMaturityFairValueNoncurrent' xlink:type='locator' />
    <link:loc xlink:href='../elts/us-gaap-2025.xsd#us-gaap_DebtSecuritiesHeldToMaturityAmortizedCostAfterAllowanceForCreditLoss' xlink:label='loc_DebtSecuritiesHeldToMaturityAmortizedCostAfterAllowanceForCreditLoss' xlink:type='locator' />
    <link:loc xlink:href='../elts/us-gaap-2025.xsd#us-gaap_DebtSecuritiesHeldToMaturityAmortizedCostAfterAllowanceForCreditLossCurrent' xlink:label='loc_DebtSecuritiesHeldToMaturityAmortizedCostAfterAllowanceForCreditLossCurrent' xlink:type='locator' />
    <link:loc xlink:href='../elts/us-gaap-2025.xsd#us-gaap_DebtSecuritiesHeldToMaturityAmortizedCostAfterAllowanceForCreditLossNoncurrent' xlink:label='loc_DebtSecuritiesHeldToMaturityAmortizedCostAfterAllowanceForCreditLossNoncurrent' xlink:type='locator' />
    <link:loc xlink:href='../elts/us-gaap-2025.xsd#us-gaap_NotesReceivableGross' xlink:label='loc_NotesReceivableGross' xlink:type='locator' />
    <link:loc xlink:href='../elts/us-gaap-2025.xsd#us-gaap_FinancingReceivableExcludingAccruedInterestBeforeAllowanceForCreditLoss' xlink:label='loc_FinancingReceivableExcludingAccruedInterestBeforeAllowanceForCreditLoss' xlink:type='locator' />
    <link:loc xlink:href='../elts/us-gaap-2025.xsd#us-gaap_FinancingReceivableAccruedInterestBeforeAllowanceForCreditLoss' xlink:label='loc_FinancingReceivableAccruedInterestBeforeAllowanceForCreditLoss' xlink:type='locator' />
    <link:loc xlink:href='../elts/us-gaap-2025.xsd#us-gaap_HeldToMaturitySecurities' xlink:label='loc_HeldToMaturitySecurities' xlink:type='locator' />
    <link:loc xlink:href='../elts/us-gaap-2025.xsd#us-gaap_DebtSecuritiesHeldToMaturityExcludingAccruedInterestBeforeAllowanceForCreditLoss' xlink:label='loc_DebtSecuritiesHeldToMaturityExcludingAccruedInterestBeforeAllowanceForCreditLoss' xlink:type='locator' />
    <link:loc xlink:href='../elts/us-gaap-2025.xsd#us-gaap_DebtSecuritiesHeldToMaturityAccruedInterestBeforeAllowanceForCreditLoss' xlink:label='loc_DebtSecuritiesHeldToMaturityAccruedInterestBeforeAllowanceForCreditLoss' xlink:type='locator' />
    <link:loc xlink:href='../elts/us-gaap-2025.xsd#us-gaap_DebtSecuritiesHeldToMaturityExcludingAccruedInterestAfterAllowanceForCreditLoss' xlink:label='loc_DebtSecuritiesHeldToMaturityExcludingAccruedInterestAfterAllowanceForCreditLoss' xlink:type='locator' />
    <link:loc xlink:href='../elts/us-gaap-2025.xsd#us-gaap_DebtSecuritiesHeldToMaturityAmortizedCostExcludingAccruedInterestAfterAllowanceForCreditLossMaturityWithoutSingleMaturityDate' xlink:label='loc_DebtSecuritiesHeldToMaturityAmortizedCostExcludingAccruedInterestAfterAllowanceForCreditLossMaturityWithoutSingleMaturityDate' xlink:type='locator' />
    <link:loc xlink:href='../elts/us-gaap-2025.xsd#us-gaap_DebtSecuritiesHeldToMaturityAmortizedCostExcludingAccruedInterestAfterAllowanceForCreditLossMaturityAllocatedAndSingleMaturityDate' xlink:label='loc_DebtSecuritiesHeldToMaturityAmortizedCostExcludingAccruedInterestAfterAllowanceForCreditLossMaturityAllocatedAndSingleMaturityDate' xlink:type='locator' />
    <link:loc xlink:href='../elts/us-gaap-2025.xsd#us-gaap_DebtSecuritiesHeldToMaturityAmortizedCostExcludingAccruedInterestAfterAllowanceForCreditLossMaturityAllocatedAndSingleMaturityDateYearOne' xlink:label='loc_DebtSecuritiesHeldToMaturityAmortizedCostExcludingAccruedInterestAfterAllowanceForCreditLossMaturityAllocatedAndSingleMaturityDateYearOne' xlink:type='locator' />
    <link:loc xlink:href='../elts/us-gaap-2025.xsd#us-gaap_DebtSecuritiesHeldToMaturityAmortizedCostExcludingAccruedInterestAfterAllowanceForCreditLossMaturityAllocatedAndSingleMaturityDateAfterYearOneThroughFive' xlink:label='loc_DebtSecuritiesHeldToMaturityAmortizedCostExcludingAccruedInterestAfterAllowanceForCreditLossMaturityAllocatedAndSingleMaturityDateAfterYearOneThroughFive' xlink:type='locator' />
    <link:loc xlink:href='../elts/us-gaap-2025.xsd#us-gaap_DebtSecuritiesHeldToMaturityAmortizedCostExcludingAccruedInterestAfterAllowanceForCreditLossMaturityAllocatedAndSingleMaturityDateAfterYear5Through10' xlink:label='loc_DebtSecuritiesHeldToMaturityAmortizedCostExcludingAccruedInterestAfterAllowanceForCreditLossMaturityAllocatedAndSingleMaturityDateAfterYear5Through10' xlink:type='locator' />
    <link:loc xlink:href='../elts/us-gaap-2025.xsd#us-gaap_DebtSecuritiesHeldToMaturityAmortizedCostExcludingAccruedInterestAfterAllowanceForCreditLossMaturityAllocatedAndSingleMaturityDateAfterYear10' xlink:label='loc_DebtSecuritiesHeldToMaturityAmortizedCostExcludingAccruedInterestAfterAllowanceForCreditLossMaturityAllocatedAndSingleMaturityDateAfterYear10' xlink:type='locator' />
    <link:loc xlink:href='../elts/us-gaap-2025.xsd#us-gaap_DebtSecuritiesAvailableForSaleAndHeldToMaturityAmortizedCostAfterAllowanceForCreditLoss' xlink:label='loc_DebtSecuritiesAvailableForSaleAndHeldToMaturityAmortizedCostAfterAllowanceForCreditLoss' xlink:type='locator' />
    <link:loc xlink:href='../elts/us-gaap-2025.xsd#us-gaap_DebtSecuritiesAvailableForSaleAndHeldToMaturityAllowanceForCreditLoss' xlink:label='loc_DebtSecuritiesAvailableForSaleAndHeldToMaturityAllowanceForCreditLoss' xlink:type='locator' />
    <link:loc xlink:href='../elts/us-gaap-2025.xsd#us-gaap_DebtSecuritiesAvailableForSaleAndHeldToMaturityAmortizedCostBeforeAllowanceForCreditLoss' xlink:label='loc_DebtSecuritiesAvailableForSaleAndHeldToMaturityAmortizedCostBeforeAllowanceForCreditLoss' xlink:type='locator' />
    <link:calculationArc order='10' weight='1.0' xlink:arcrole='https://xbrl.org/2023/arcrole/summation-item' xlink:from='loc_AvailableForSaleSecuritiesDebtMaturitiesSingleMaturityDate' xlink:to='loc_AvailableForSaleSecuritiesDebtMaturitiesNextRollingTwelveMonthsFairValue' xlink:type='arc' />
    <link:calculationArc order='20' weight='1.0' xlink:arcrole='https://xbrl.org/2023/arcrole/summation-item' xlink:from='loc_AvailableForSaleSecuritiesDebtMaturitiesSingleMaturityDate' xlink:to='loc_AvailableForSaleSecuritiesDebtMaturitiesRollingYearTwoThroughFiveFairValue' xlink:type='arc' />
    <link:calculationArc order='30' weight='1.0' xlink:arcrole='https://xbrl.org/2023/arcrole/summation-item' xlink:from='loc_AvailableForSaleSecuritiesDebtMaturitiesSingleMaturityDate' xlink:to='loc_AvailableForSaleSecuritiesDebtMaturitiesRollingYearSixThroughTenFairValue' xlink:type='arc' />
    <link:calculationArc order='40' weight='1.0' xlink:arcrole='https://xbrl.org/2023/arcrole/summation-item' xlink:from='loc_AvailableForSaleSecuritiesDebtMaturitiesSingleMaturityDate' xlink:to='loc_AvailableForSaleSecuritiesDebtMaturitiesRollingAfterYearTenFairValue' xlink:type='arc' />
    <link:calculationArc order='10' weight='1.0' xlink:arcrole='https://xbrl.org/2023/arcrole/summation-item' xlink:from='loc_AvailableForSaleDebtSecuritiesAmortizedCostBasis' xlink:to='loc_AvailableForSaleSecuritiesDebtMaturitiesWithoutSingleMaturityDateAmortizedCost' xlink:type='arc' />
    <link:calculationArc order='20' weight='1.0' xlink:arcrole='https://xbrl.org/2023/arcrole/summation-item' xlink:from='loc_AvailableForSaleDebtSecuritiesAmortizedCostBasis' xlink:to='loc_AvailableForSaleSecuritiesDebtMaturitiesSingleMaturityDateAmortizedCostBasis' xlink:type='arc' />
    <link:calculationArc order='10' weight='1.0' xlink:arcrole='https://xbrl.org/2023/arcrole/summation-item' xlink:from='loc_AvailableForSaleSecuritiesDebtMaturitiesSingleMaturityDateAmortizedCostBasis' xlink:to='loc_AvailableForSaleSecuritiesDebtMaturitiesWithinOneYearAmortizedCost' xlink:type='arc' />
    <link:calculationArc order='20' weight='1.0' xlink:arcrole='https://xbrl.org/2023/arcrole/summation-item' xlink:from='loc_AvailableForSaleSecuritiesDebtMaturitiesSingleMaturityDateAmortizedCostBasis' xlink:to='loc_AvailableForSaleSecuritiesDebtMaturitiesAfterOneThroughFiveYearsAmortizedCost' xlink:type='arc' />
    <link:calculationArc order='30' weight='1.0' xlink:arcrole='https://xbrl.org/2023/arcrole/summation-item' xlink:from='loc_AvailableForSaleSecuritiesDebtMaturitiesSingleMaturityDateAmortizedCostBasis' xlink:to='loc_AvailableForSaleSecuritiesDebtMaturitiesAfterFiveThroughTenYearsAmortizedCost' xlink:type='arc' />
    <link:calculationArc order='40' weight='1.0' xlink:arcrole='https://xbrl.org/2023/arcrole/summation-item' xlink:from='loc_AvailableForSaleSecuritiesDebtMaturitiesSingleMaturityDateAmortizedCostBasis' xlink:to='loc_AvailableForSaleSecuritiesDebtMaturitiesAfterTenYearsAmortizedCost' xlink:type='arc' />
    <link:calculationArc order='10' weight='1.0' xlink:arcrole='https://xbrl.org/2023/arcrole/summation-item' xlink:from='loc_InterestAndDividendIncomeSecurities' xlink:to='loc_DividendIncomeOperating' xlink:type='arc' />
    <link:calculationArc order='10' weight='1.0' xlink:arcrole='https://xbrl.org/2023/arcrole/summation-item' xlink:from='loc_DividendIncomeOperating' xlink:to='loc_DividendIncomeOperatingPaidInCash' xlink:type='arc' />
    <link:calculationArc order='20' weight='1.0' xlink:arcrole='https://xbrl.org/2023/arcrole/summation-item' xlink:from='loc_DividendIncomeOperating' xlink:to='loc_DividendIncomeOperatingPaidInKind' xlink:type='arc' />
    <link:calculationArc order='20' weight='1.0' xlink:arcrole='https://xbrl.org/2023/arcrole/summation-item' xlink:from='loc_InterestAndDividendIncomeSecurities' xlink:to='loc_InterestIncomeOperating' xlink:type='arc' />
    <link:calculationArc order='10' weight='1.0' xlink:arcrole='https://xbrl.org/2023/arcrole/summation-item' xlink:from='loc_InterestIncomeOperating' xlink:to='loc_InterestIncomeOperatingPaidInCash' xlink:type='arc' />
    <link:calculationArc order='20' weight='1.0' xlink:arcrole='https://xbrl.org/2023/arcrole/summation-item' xlink:from='loc_InterestIncomeOperating' xlink:to='loc_InterestIncomeOperatingPaidInKind' xlink:type='arc' />
    <link:calculationArc order='10' weight='1.0' xlink:arcrole='https://xbrl.org/2023/arcrole/summation-item' xlink:from='loc_LifeSettlementContractsFairValueMethodCarryingAmount' xlink:to='loc_LifeSettlementContractsFairValueMaturingInNextTwelveMonths' xlink:type='arc' />
    <link:calculationArc order='20' weight='1.0' xlink:arcrole='https://xbrl.org/2023/arcrole/summation-item' xlink:from='loc_LifeSettlementContractsFairValueMethodCarryingAmount' xlink:to='loc_LifeSettlementContractsFairValueMaturingInYearTwo' xlink:type='arc' />
    <link:calculationArc order='30' weight='1.0' xlink:arcrole='https://xbrl.org/2023/arcrole/summation-item' xlink:from='loc_LifeSettlementContractsFairValueMethodCarryingAmount' xlink:to='loc_LifeSettlementContractsFairValueMaturingInYearThree' xlink:type='arc' />
    <link:calculationArc order='40' weight='1.0' xlink:arcrole='https://xbrl.org/2023/arcrole/summation-item' xlink:from='loc_LifeSettlementContractsFairValueMethodCarryingAmount' xlink:to='loc_LifeSettlementContractsFairValueMaturingInYearFour' xlink:type='arc' />
    <link:calculationArc order='50' weight='1.0' xlink:arcrole='https://xbrl.org/2023/arcrole/summation-item' xlink:from='loc_LifeSettlementContractsFairValueMethodCarryingAmount' xlink:to='loc_LifeSettlementContractsFairValueMaturingInYearFive' xlink:type='arc' />
    <link:calculationArc order='60' weight='1.0' xlink:arcrole='https://xbrl.org/2023/arcrole/summation-item' xlink:from='loc_LifeSettlementContractsFairValueMethodCarryingAmount' xlink:to='loc_LifeSettlementContractsFairValueMaturingAfterYearFive' xlink:type='arc' />
    <link:calculationArc order='10' weight='1.0' xlink:arcrole='https://xbrl.org/2023/arcrole/summation-item' xlink:from='loc_LifeSettlementContractsFairValueMethodFaceValue' xlink:to='loc_LifeSettlementContractsFairValueMethodFaceValueMaturingInNextTwelveMonths' xlink:type='arc' />
    <link:calculationArc order='20' weight='1.0' xlink:arcrole='https://xbrl.org/2023/arcrole/summation-item' xlink:from='loc_LifeSettlementContractsFairValueMethodFaceValue' xlink:to='loc_LifeSettlementContractsFairValueMethodFaceValueMaturingInYearTwo' xlink:type='arc' />
    <link:calculationArc order='30' weight='1.0' xlink:arcrole='https://xbrl.org/2023/arcrole/summation-item' xlink:from='loc_LifeSettlementContractsFairValueMethodFaceValue' xlink:to='loc_LifeSettlementContractsFairValueMethodFaceValueMaturingInYearThree' xlink:type='arc' />
    <link:calculationArc order='40' weight='1.0' xlink:arcrole='https://xbrl.org/2023/arcrole/summation-item' xlink:from='loc_LifeSettlementContractsFairValueMethodFaceValue' xlink:to='loc_LifeSettlementContractsFairValueMethodFaceValueMaturingInYearFour' xlink:type='arc' />
    <link:calculationArc order='50' weight='1.0' xlink:arcrole='https://xbrl.org/2023/arcrole/summation-item' xlink:from='loc_LifeSettlementContractsFairValueMethodFaceValue' xlink:to='loc_LifeSettlementContractsFairValueMethodFaceValueMaturingInYearFive' xlink:type='arc' />
    <link:calculationArc order='60' weight='1.0' xlink:arcrole='https://xbrl.org/2023/arcrole/summation-item' xlink:from='loc_LifeSettlementContractsFairValueMethodFaceValue' xlink:to='loc_LifeSettlementContractsFairValueMethodFaceValueMaturingAfterYearFive' xlink:type='arc' />
    <link:calculationArc order='10' weight='1.0' xlink:arcrole='https://xbrl.org/2023/arcrole/summation-item' xlink:from='loc_LifeSettlementContractsFairValueMethodNumberOfContracts' xlink:to='loc_LifeSettlementContractsFairValueMethodNumberOfContractsMaturingInNextTwelveMonths' xlink:type='arc' />
    <link:calculationArc order='20' weight='1.0' xlink:arcrole='https://xbrl.org/2023/arcrole/summation-item' xlink:from='loc_LifeSettlementContractsFairValueMethodNumberOfContracts' xlink:to='loc_LifeSettlementContractsFairValueMethodNumberOfContractsMaturingInYearTwo' xlink:type='arc' />
    <link:calculationArc order='30' weight='1.0' xlink:arcrole='https://xbrl.org/2023/arcrole/summation-item' xlink:from='loc_LifeSettlementContractsFairValueMethodNumberOfContracts' xlink:to='loc_LifeSettlementContractsFairValueMethodNumberOfContractsMaturingInYearThree' xlink:type='arc' />
    <link:calculationArc order='40' weight='1.0' xlink:arcrole='https://xbrl.org/2023/arcrole/summation-item' xlink:from='loc_LifeSettlementContractsFairValueMethodNumberOfContracts' xlink:to='loc_LifeSettlementContractsFairValueMethodNumberOfContractsMaturingInYearFour' xlink:type='arc' />
    <link:calculationArc order='50' weight='1.0' xlink:arcrole='https://xbrl.org/2023/arcrole/summation-item' xlink:from='loc_LifeSettlementContractsFairValueMethodNumberOfContracts' xlink:to='loc_LifeSettlementContractsFairValueMethodNumberOfContractsMaturingInYearFive' xlink:type='arc' />
    <link:calculationArc order='60' weight='1.0' xlink:arcrole='https://xbrl.org/2023/arcrole/summation-item' xlink:from='loc_LifeSettlementContractsFairValueMethodNumberOfContracts' xlink:to='loc_LifeSettlementContractsFairValueMethodNumberOfContractsMaturingAfterYearFive' xlink:type='arc' />
    <link:calculationArc order='10' weight='1.0' xlink:arcrole='https://xbrl.org/2023/arcrole/summation-item' xlink:from='loc_LifeSettlementContractsInvestmentMethodCarryingAmount' xlink:to='loc_LifeSettlementContractsInvestmentMethodCarryingAmountMaturingInNextTwelveMonths' xlink:type='arc' />
    <link:calculationArc order='20' weight='1.0' xlink:arcrole='https://xbrl.org/2023/arcrole/summation-item' xlink:from='loc_LifeSettlementContractsInvestmentMethodCarryingAmount' xlink:to='loc_LifeSettlementContractsInvestmentMethodCarryingAmountMaturingInYearTwo' xlink:type='arc' />
    <link:calculationArc order='30' weight='1.0' xlink:arcrole='https://xbrl.org/2023/arcrole/summation-item' xlink:from='loc_LifeSettlementContractsInvestmentMethodCarryingAmount' xlink:to='loc_LifeSettlementContractsInvestmentMethodCarryingAmountMaturingInYearThree' xlink:type='arc' />
    <link:calculationArc order='40' weight='1.0' xlink:arcrole='https://xbrl.org/2023/arcrole/summation-item' xlink:from='loc_LifeSettlementContractsInvestmentMethodCarryingAmount' xlink:to='loc_LifeSettlementContractsInvestmentMethodCarryingAmountMaturingInYearFour' xlink:type='arc' />
    <link:calculationArc order='50' weight='1.0' xlink:arcrole='https://xbrl.org/2023/arcrole/summation-item' xlink:from='loc_LifeSettlementContractsInvestmentMethodCarryingAmount' xlink:to='loc_LifeSettlementContractsInvestmentMethodCarryingAmountMaturingInYearFive' xlink:type='arc' />
    <link:calculationArc order='60' weight='1.0' xlink:arcrole='https://xbrl.org/2023/arcrole/summation-item' xlink:from='loc_LifeSettlementContractsInvestmentMethodCarryingAmount' xlink:to='loc_LifeSettlementContractsInvestmentMethodCarryingAmountMaturingAfterYearFive' xlink:type='arc' />
    <link:calculationArc order='10' weight='1.0' xlink:arcrole='https://xbrl.org/2023/arcrole/summation-item' xlink:from='loc_LifeSettlementContractsInvestmentMethodFaceValue' xlink:to='loc_LifeSettlementContractsInvestmentMethodFaceValueMaturingInNextTwelveMonths' xlink:type='arc' />
    <link:calculationArc order='20' weight='1.0' xlink:arcrole='https://xbrl.org/2023/arcrole/summation-item' xlink:from='loc_LifeSettlementContractsInvestmentMethodFaceValue' xlink:to='loc_LifeSettlementContractsInvestmentMethodFaceValueMaturingInYearTwo' xlink:type='arc' />
    <link:calculationArc order='30' weight='1.0' xlink:arcrole='https://xbrl.org/2023/arcrole/summation-item' xlink:from='loc_LifeSettlementContractsInvestmentMethodFaceValue' xlink:to='loc_LifeSettlementContractsInvestmentMethodFaceValueMaturingInYearThree' xlink:type='arc' />
    <link:calculationArc order='40' weight='1.0' xlink:arcrole='https://xbrl.org/2023/arcrole/summation-item' xlink:from='loc_LifeSettlementContractsInvestmentMethodFaceValue' xlink:to='loc_LifeSettlementContractsInvestmentMethodFaceValueMaturingInYearFour' xlink:type='arc' />
    <link:calculationArc order='50' weight='1.0' xlink:arcrole='https://xbrl.org/2023/arcrole/summation-item' xlink:from='loc_LifeSettlementContractsInvestmentMethodFaceValue' xlink:to='loc_LifeSettlementContractsInvestmentMethodFaceValueMaturingInYearFive' xlink:type='arc' />
    <link:calculationArc order='60' weight='1.0' xlink:arcrole='https://xbrl.org/2023/arcrole/summation-item' xlink:from='loc_LifeSettlementContractsInvestmentMethodFaceValue' xlink:to='loc_LifeSettlementContractsInvestmentMethodFaceValueMaturingAfterYearFive' xlink:type='arc' />
    <link:calculationArc order='10' weight='1.0' xlink:arcrole='https://xbrl.org/2023/arcrole/summation-item' xlink:from='loc_LifeSettlementContractsInvestmentMethodFiveYearDisclosurePremiumsToBePaid' xlink:to='loc_LifeSettlementContractsInvestmentMethodPremiumsToBePaidInNextTwelveMonths' xlink:type='arc' />
    <link:calculationArc order='20' weight='1.0' xlink:arcrole='https://xbrl.org/2023/arcrole/summation-item' xlink:from='loc_LifeSettlementContractsInvestmentMethodFiveYearDisclosurePremiumsToBePaid' xlink:to='loc_LifeSettlementContractsInvestmentMethodPremiumsToBePaidInYearTwo' xlink:type='arc' />
    <link:calculationArc order='30' weight='1.0' xlink:arcrole='https://xbrl.org/2023/arcrole/summation-item' xlink:from='loc_LifeSettlementContractsInvestmentMethodFiveYearDisclosurePremiumsToBePaid' xlink:to='loc_LifeSettlementContractsInvestmentMethodPremiumsToBePaidInYearThree' xlink:type='arc' />
    <link:calculationArc order='40' weight='1.0' xlink:arcrole='https://xbrl.org/2023/arcrole/summation-item' xlink:from='loc_LifeSettlementContractsInvestmentMethodFiveYearDisclosurePremiumsToBePaid' xlink:to='loc_LifeSettlementContractsInvestmentMethodPremiumsToBePaidInYearFour' xlink:type='arc' />
    <link:calculationArc order='50' weight='1.0' xlink:arcrole='https://xbrl.org/2023/arcrole/summation-item' xlink:from='loc_LifeSettlementContractsInvestmentMethodFiveYearDisclosurePremiumsToBePaid' xlink:to='loc_LifeSettlementContractsInvestmentMethodPremiumsToBePaidInYearFive' xlink:type='arc' />
    <link:calculationArc order='60' weight='1.0' xlink:arcrole='https://xbrl.org/2023/arcrole/summation-item' xlink:from='loc_LifeSettlementContractsInvestmentMethodFiveYearDisclosurePremiumsToBePaid' xlink:to='loc_LifeSettlementContractsInvestmentMethodPremiumsToBePaidAfterYearFive' xlink:type='arc' />
    <link:calculationArc order='10' weight='1.0' xlink:arcrole='https://xbrl.org/2023/arcrole/summation-item' xlink:from='loc_LifeSettlementContractsInvestmentMethodNumberOfContracts' xlink:to='loc_LifeSettlementContractsInvestmentMethodNumberOfContractsMaturingInNextRollingTwelveMonths' xlink:type='arc' />
    <link:calculationArc order='20' weight='1.0' xlink:arcrole='https://xbrl.org/2023/arcrole/summation-item' xlink:from='loc_LifeSettlementContractsInvestmentMethodNumberOfContracts' xlink:to='loc_LifeSettlementContractsInvestmentMethodNumberOfContractsMaturingInRollingYearTwo' xlink:type='arc' />
    <link:calculationArc order='30' weight='1.0' xlink:arcrole='https://xbrl.org/2023/arcrole/summation-item' xlink:from='loc_LifeSettlementContractsInvestmentMethodNumberOfContracts' xlink:to='loc_LifeSettlementContractsInvestmentMethodNumberOfContractsMaturingInRollingYearThree' xlink:type='arc' />
    <link:calculationArc order='40' weight='1.0' xlink:arcrole='https://xbrl.org/2023/arcrole/summation-item' xlink:from='loc_LifeSettlementContractsInvestmentMethodNumberOfContracts' xlink:to='loc_LifeSettlementContractsInvestmentMethodNumberOfContractsMaturingInRollingYearFour' xlink:type='arc' />
    <link:calculationArc order='50' weight='1.0' xlink:arcrole='https://xbrl.org/2023/arcrole/summation-item' xlink:from='loc_LifeSettlementContractsInvestmentMethodNumberOfContracts' xlink:to='loc_LifeSettlementContractsInvestmentMethodNumberOfContractsMaturingInRollingYearFive' xlink:type='arc' />
    <link:calculationArc order='60' weight='1.0' xlink:arcrole='https://xbrl.org/2023/arcrole/summation-item' xlink:from='loc_LifeSettlementContractsInvestmentMethodNumberOfContracts' xlink:to='loc_LifeSettlementContractsInvestmentMethodNumberOfContractsMaturingAfterRollingYearFive' xlink:type='arc' />
    <link:calculationArc order='10' weight='1.0' xlink:arcrole='https://xbrl.org/2023/arcrole/summation-item' xlink:from='loc_DebtSecuritiesTradingGainLoss' xlink:to='loc_DebtSecuritiesTradingRealizedGainLoss' xlink:type='arc' />
    <link:calculationArc order='10' weight='1.0' xlink:arcrole='https://xbrl.org/2023/arcrole/summation-item' xlink:from='loc_DebtSecuritiesTradingRealizedGainLoss' xlink:to='loc_DebtSecuritiesTradingRealizedGain' xlink:type='arc' />
    <link:calculationArc order='20' weight='-1.0' xlink:arcrole='https://xbrl.org/2023/arcrole/summation-item' xlink:from='loc_DebtSecuritiesTradingRealizedGainLoss' xlink:to='loc_DebtSecuritiesTradingRealizedLoss' xlink:type='arc' />
    <link:calculationArc order='20' weight='1.0' xlink:arcrole='https://xbrl.org/2023/arcrole/summation-item' xlink:from='loc_DebtSecuritiesTradingGainLoss' xlink:to='loc_DebtSecuritiesTradingUnrealizedGainLoss' xlink:type='arc' />
    <link:calculationArc order='10' weight='1.0' xlink:arcrole='https://xbrl.org/2023/arcrole/summation-item' xlink:from='loc_DebtSecuritiesTradingUnrealizedGainLoss' xlink:to='loc_DebtSecuritiesTradingUnrealizedGain' xlink:type='arc' />
    <link:calculationArc order='20' weight='-1.0' xlink:arcrole='https://xbrl.org/2023/arcrole/summation-item' xlink:from='loc_DebtSecuritiesTradingUnrealizedGainLoss' xlink:to='loc_DebtSecuritiesTradingUnrealizedLoss' xlink:type='arc' />
    <link:calculationArc order='10' weight='1.0' xlink:arcrole='https://xbrl.org/2023/arcrole/summation-item' xlink:from='loc_DebtSecuritiesAvailableForSaleAccumulatedGrossUnrealizedGainLossBeforeTax' xlink:to='loc_AvailableForSaleDebtSecuritiesAccumulatedGrossUnrealizedGainBeforeTax' xlink:type='arc' />
    <link:calculationArc order='20' weight='-1.0' xlink:arcrole='https://xbrl.org/2023/arcrole/summation-item' xlink:from='loc_DebtSecuritiesAvailableForSaleAccumulatedGrossUnrealizedGainLossBeforeTax' xlink:to='loc_AvailableForSaleDebtSecuritiesAccumulatedGrossUnrealizedLossBeforeTax' xlink:type='arc' />
    <link:calculationArc order='10' weight='1.0' xlink:arcrole='https://xbrl.org/2023/arcrole/summation-item' xlink:from='loc_MarketableSecuritiesGainLossExcludingOtherThanTemporaryImpairments' xlink:to='loc_MarketableSecuritiesUnrealizedGainLoss' xlink:type='arc' />
    <link:calculationArc order='20' weight='1.0' xlink:arcrole='https://xbrl.org/2023/arcrole/summation-item' xlink:from='loc_MarketableSecuritiesGainLossExcludingOtherThanTemporaryImpairments' xlink:to='loc_MarketableSecuritiesRealizedGainLossExcludingOtherThanTemporaryImpairments' xlink:type='arc' />
    <link:calculationArc order='10' weight='1.0' xlink:arcrole='https://xbrl.org/2023/arcrole/summation-item' xlink:from='loc_DebtAndEquitySecuritiesGainLoss' xlink:to='loc_DebtSecuritiesGainLoss' xlink:type='arc' />
    <link:calculationArc order='20' weight='1.0' xlink:arcrole='https://xbrl.org/2023/arcrole/summation-item' xlink:from='loc_DebtAndEquitySecuritiesGainLoss' xlink:to='loc_EquitySecuritiesFvNiGainLoss' xlink:type='arc' />
    <link:calculationArc order='10' weight='1.0' xlink:arcrole='https://xbrl.org/2023/arcrole/summation-item' xlink:from='loc_DebtSecuritiesAvailableForSaleGainLoss' xlink:to='loc_DebtSecuritiesAvailableForSaleUnrealizedGainLoss' xlink:type='arc' />
    <link:calculationArc order='10' weight='1.0' xlink:arcrole='https://xbrl.org/2023/arcrole/summation-item' xlink:from='loc_DebtSecuritiesAvailableForSaleUnrealizedGainLoss' xlink:to='loc_AvailableForSaleDebtSecuritiesGrossUnrealizedGain' xlink:type='arc' />
    <link:calculationArc order='20' weight='-1.0' xlink:arcrole='https://xbrl.org/2023/arcrole/summation-item' xlink:from='loc_DebtSecuritiesAvailableForSaleUnrealizedGainLoss' xlink:to='loc_AvailableForSaleDebtSecuritiesGrossUnrealizedLoss' xlink:type='arc' />
    <link:calculationArc order='20' weight='1.0' xlink:arcrole='https://xbrl.org/2023/arcrole/summation-item' xlink:from='loc_DebtSecuritiesAvailableForSaleGainLoss' xlink:to='loc_DebtSecuritiesAvailableForSaleRealizedGainLoss' xlink:type='arc' />
    <link:calculationArc order='10' weight='1.0' xlink:arcrole='https://xbrl.org/2023/arcrole/summation-item' xlink:from='loc_DebtSecuritiesAvailableForSaleRealizedGainLoss' xlink:to='loc_DebtSecuritiesAvailableForSaleRealizedGain' xlink:type='arc' />
    <link:calculationArc order='20' weight='-1.0' xlink:arcrole='https://xbrl.org/2023/arcrole/summation-item' xlink:from='loc_DebtSecuritiesAvailableForSaleRealizedGainLoss' xlink:to='loc_DebtSecuritiesAvailableForSaleRealizedLoss' xlink:type='arc' />
    <link:calculationArc order='10' weight='1.0' xlink:arcrole='https://xbrl.org/2023/arcrole/summation-item' xlink:from='loc_DebtSecuritiesAvailableForSaleTransferToTradingGainLoss' xlink:to='loc_DebtSecuritiesAvailableForSaleTransferToTradingGain' xlink:type='arc' />
    <link:calculationArc order='20' weight='-1.0' xlink:arcrole='https://xbrl.org/2023/arcrole/summation-item' xlink:from='loc_DebtSecuritiesAvailableForSaleTransferToTradingGainLoss' xlink:to='loc_DebtSecuritiesAvailableForSaleTransferToTradingLoss' xlink:type='arc' />
    <link:calculationArc order='10' weight='1.0' xlink:arcrole='https://xbrl.org/2023/arcrole/summation-item' xlink:from='loc_DebtSecuritiesAvailableForSaleUnrealizedLossPosition' xlink:to='loc_DebtSecuritiesAvailableForSaleContinuousUnrealizedLossPositionLessThan12Months' xlink:type='arc' />
    <link:calculationArc order='20' weight='1.0' xlink:arcrole='https://xbrl.org/2023/arcrole/summation-item' xlink:from='loc_DebtSecuritiesAvailableForSaleUnrealizedLossPosition' xlink:to='loc_DebtSecuritiesAvailableForSaleContinuousUnrealizedLossPosition12MonthsOrLonger' xlink:type='arc' />
    <link:calculationArc order='10' weight='1.0' xlink:arcrole='https://xbrl.org/2023/arcrole/summation-item' xlink:from='loc_DebtSecuritiesAvailableForSaleUnrealizedLossPositionAccumulatedLoss' xlink:to='loc_DebtSecuritiesAvailableForSaleContinuousUnrealizedLossPositionLessThan12MonthsAccumulatedLoss' xlink:type='arc' />
    <link:calculationArc order='20' weight='1.0' xlink:arcrole='https://xbrl.org/2023/arcrole/summation-item' xlink:from='loc_DebtSecuritiesAvailableForSaleUnrealizedLossPositionAccumulatedLoss' xlink:to='loc_DebtSecuritiesAvailableForSaleContinuousUnrealizedLossPosition12MonthsOrLongerAccumulatedLoss' xlink:type='arc' />
    <link:calculationArc order='10' weight='1.0' xlink:arcrole='https://xbrl.org/2023/arcrole/summation-item' xlink:from='loc_DebtSecuritiesTradingAndAvailableForSale' xlink:to='loc_TradingSecuritiesDebt' xlink:type='arc' />
    <link:calculationArc order='20' weight='1.0' xlink:arcrole='https://xbrl.org/2023/arcrole/summation-item' xlink:from='loc_DebtSecuritiesTradingAndAvailableForSale' xlink:to='loc_AvailableForSaleSecuritiesDebtSecurities' xlink:type='arc' />
    <link:calculationArc order='10' weight='1.0' xlink:arcrole='https://xbrl.org/2023/arcrole/summation-item' xlink:from='loc_DebtSecuritiesHeldToMaturityDerivativeCumulativeGainLoss' xlink:to='loc_DebtSecuritiesHeldToMaturityDerivativeCumulativeGain' xlink:type='arc' />
    <link:calculationArc order='20' weight='-1.0' xlink:arcrole='https://xbrl.org/2023/arcrole/summation-item' xlink:from='loc_DebtSecuritiesHeldToMaturityDerivativeCumulativeGainLoss' xlink:to='loc_DebtSecuritiesHeldToMaturityDerivativeCumulativeLoss' xlink:type='arc' />
    <link:calculationArc order='10' weight='1.0' xlink:arcrole='https://xbrl.org/2023/arcrole/summation-item' xlink:from='loc_DebtSecuritiesTradingAndEquitySecuritiesFvNiCost' xlink:to='loc_EquitySecuritiesFvNiCost' xlink:type='arc' />
    <link:calculationArc order='20' weight='1.0' xlink:arcrole='https://xbrl.org/2023/arcrole/summation-item' xlink:from='loc_DebtSecuritiesTradingAndEquitySecuritiesFvNiCost' xlink:to='loc_TradingSecuritiesDebtAmortizedCost' xlink:type='arc' />
    <link:calculationArc order='10' weight='1.0' xlink:arcrole='https://xbrl.org/2023/arcrole/summation-item' xlink:from='loc_EquitySecuritiesFvNiAndWithoutReadilyDeterminableFairValue' xlink:to='loc_EquitySecuritiesFvNiCurrentAndNoncurrent' xlink:type='arc' />
    <link:calculationArc order='20' weight='1.0' xlink:arcrole='https://xbrl.org/2023/arcrole/summation-item' xlink:from='loc_EquitySecuritiesFvNiAndWithoutReadilyDeterminableFairValue' xlink:to='loc_EquitySecuritiesWithoutReadilyDeterminableFairValueAmount' xlink:type='arc' />
    <link:calculationArc order='10' weight='1.0' xlink:arcrole='https://xbrl.org/2023/arcrole/summation-item' xlink:from='loc_HeldToMaturitySecuritiesFairValue' xlink:to='loc_DebtSecuritiesHeldToMaturityFairValueCurrent' xlink:type='arc' />
    <link:calculationArc order='20' weight='1.0' xlink:arcrole='https://xbrl.org/2023/arcrole/summation-item' xlink:from='loc_HeldToMaturitySecuritiesFairValue' xlink:to='loc_DebtSecuritiesHeldToMaturityFairValueNoncurrent' xlink:type='arc' />
    <link:calculationArc order='10' weight='1.0' xlink:arcrole='https://xbrl.org/2023/arcrole/summation-item' xlink:from='loc_DebtSecuritiesHeldToMaturityAmortizedCostAfterAllowanceForCreditLoss' xlink:to='loc_DebtSecuritiesHeldToMaturityAmortizedCostAfterAllowanceForCreditLossCurrent' xlink:type='arc' />
    <link:calculationArc order='20' weight='1.0' xlink:arcrole='https://xbrl.org/2023/arcrole/summation-item' xlink:from='loc_DebtSecuritiesHeldToMaturityAmortizedCostAfterAllowanceForCreditLoss' xlink:to='loc_DebtSecuritiesHeldToMaturityAmortizedCostAfterAllowanceForCreditLossNoncurrent' xlink:type='arc' />
    <link:calculationArc order='10' weight='1.0' xlink:arcrole='https://xbrl.org/2023/arcrole/summation-item' xlink:from='loc_NotesReceivableGross' xlink:to='loc_FinancingReceivableExcludingAccruedInterestBeforeAllowanceForCreditLoss' xlink:type='arc' />
    <link:calculationArc order='20' weight='1.0' xlink:arcrole='https://xbrl.org/2023/arcrole/summation-item' xlink:from='loc_NotesReceivableGross' xlink:to='loc_FinancingReceivableAccruedInterestBeforeAllowanceForCreditLoss' xlink:type='arc' />
    <link:calculationArc order='10' weight='1.0' xlink:arcrole='https://xbrl.org/2023/arcrole/summation-item' xlink:from='loc_HeldToMaturitySecurities' xlink:to='loc_DebtSecuritiesHeldToMaturityExcludingAccruedInterestBeforeAllowanceForCreditLoss' xlink:type='arc' />
    <link:calculationArc order='20' weight='1.0' xlink:arcrole='https://xbrl.org/2023/arcrole/summation-item' xlink:from='loc_HeldToMaturitySecurities' xlink:to='loc_DebtSecuritiesHeldToMaturityAccruedInterestBeforeAllowanceForCreditLoss' xlink:type='arc' />
    <link:calculationArc order='10' weight='1.0' xlink:arcrole='https://xbrl.org/2023/arcrole/summation-item' xlink:from='loc_DebtSecuritiesHeldToMaturityExcludingAccruedInterestAfterAllowanceForCreditLoss' xlink:to='loc_DebtSecuritiesHeldToMaturityAmortizedCostExcludingAccruedInterestAfterAllowanceForCreditLossMaturityWithoutSingleMaturityDate' xlink:type='arc' />
    <link:calculationArc order='20' weight='1.0' xlink:arcrole='https://xbrl.org/2023/arcrole/summation-item' xlink:from='loc_DebtSecuritiesHeldToMaturityExcludingAccruedInterestAfterAllowanceForCreditLoss' xlink:to='loc_DebtSecuritiesHeldToMaturityAmortizedCostExcludingAccruedInterestAfterAllowanceForCreditLossMaturityAllocatedAndSingleMaturityDate' xlink:type='arc' />
    <link:calculationArc order='10' weight='1.0' xlink:arcrole='https://xbrl.org/2023/arcrole/summation-item' xlink:from='loc_DebtSecuritiesHeldToMaturityAmortizedCostExcludingAccruedInterestAfterAllowanceForCreditLossMaturityAllocatedAndSingleMaturityDate' xlink:to='loc_DebtSecuritiesHeldToMaturityAmortizedCostExcludingAccruedInterestAfterAllowanceForCreditLossMaturityAllocatedAndSingleMaturityDateYearOne' xlink:type='arc' />
    <link:calculationArc order='20' weight='1.0' xlink:arcrole='https://xbrl.org/2023/arcrole/summation-item' xlink:from='loc_DebtSecuritiesHeldToMaturityAmortizedCostExcludingAccruedInterestAfterAllowanceForCreditLossMaturityAllocatedAndSingleMaturityDate' xlink:to='loc_DebtSecuritiesHeldToMaturityAmortizedCostExcludingAccruedInterestAfterAllowanceForCreditLossMaturityAllocatedAndSingleMaturityDateAfterYearOneThroughFive' xlink:type='arc' />
    <link:calculationArc order='30' weight='1.0' xlink:arcrole='https://xbrl.org/2023/arcrole/summation-item' xlink:from='loc_DebtSecuritiesHeldToMaturityAmortizedCostExcludingAccruedInterestAfterAllowanceForCreditLossMaturityAllocatedAndSingleMaturityDate' xlink:to='loc_DebtSecuritiesHeldToMaturityAmortizedCostExcludingAccruedInterestAfterAllowanceForCreditLossMaturityAllocatedAndSingleMaturityDateAfterYear5Through10' xlink:type='arc' />
    <link:calculationArc order='40' weight='1.0' xlink:arcrole='https://xbrl.org/2023/arcrole/summation-item' xlink:from='loc_DebtSecuritiesHeldToMaturityAmortizedCostExcludingAccruedInterestAfterAllowanceForCreditLossMaturityAllocatedAndSingleMaturityDate' xlink:to='loc_DebtSecuritiesHeldToMaturityAmortizedCostExcludingAccruedInterestAfterAllowanceForCreditLossMaturityAllocatedAndSingleMaturityDateAfterYear10' xlink:type='arc' />
    <link:calculationArc order='10' weight='-1.0' xlink:arcrole='https://xbrl.org/2023/arcrole/summation-item' xlink:from='loc_DebtSecuritiesAvailableForSaleAndHeldToMaturityAmortizedCostAfterAllowanceForCreditLoss' xlink:to='loc_DebtSecuritiesAvailableForSaleAndHeldToMaturityAllowanceForCreditLoss' xlink:type='arc' />
    <link:calculationArc order='20' weight='1.0' xlink:arcrole='https://xbrl.org/2023/arcrole/summation-item' xlink:from='loc_DebtSecuritiesAvailableForSaleAndHeldToMaturityAmortizedCostAfterAllowanceForCreditLoss' xlink:to='loc_DebtSecuritiesAvailableForSaleAndHeldToMaturityAmortizedCostBeforeAllowanceForCreditLoss' xlink:type='arc' />
  </link:calculationLink>
</link:linkbase>
