<?xml version='1.0' encoding='UTF-8'?>

<!--
(c) 2010-2025 Financial Accounting Foundation; (c) 2007-2010 XBRL US, Inc.  All Rights Reserved.
Notice: Authorized Uses are Set Forth at https://xbrl.fasb.org/terms/TaxonomiesTermsConditions.html
  -->
<link:linkbase xmlns:link='http://www.xbrl.org/2003/linkbase' xmlns:xlink='http://www.w3.org/1999/xlink' xmlns:xsi='http://www.w3.org/2001/XMLSchema-instance' xsi:schemaLocation='http://www.xbrl.org/2003/linkbase http://www.xbrl.org/2003/xbrl-linkbase-2003-12-31.xsd'>
  <link:roleRef roleURI='http://fasb.org/us-gaap/role/disclosure/Reorganizations' xlink:href='../elts/us-roles-2025.xsd#reorg' xlink:type='simple' />
  <link:presentationLink xlink:role='http://fasb.org/us-gaap/role/disclosure/Reorganizations' xlink:type='extended'>
    <link:loc xlink:href='../elts/us-gaap-2025.xsd#us-gaap_ReorganizationsAbstract' xlink:label='loc_ReorganizationsAbstract' xlink:type='locator' />
    <link:loc xlink:href='../elts/us-gaap-2025.xsd#us-gaap_ReorganizationUnderChapter11OfUSBankruptcyCodeDisclosureTextBlock' xlink:label='loc_ReorganizationUnderChapter11OfUSBankruptcyCodeDisclosureTextBlock' xlink:type='locator' />
    <link:loc xlink:href='../elts/us-gaap-2025.xsd#us-gaap_BankruptcyProceedingsAbstract' xlink:label='loc_BankruptcyProceedingsAbstract' xlink:type='locator' />
    <link:loc xlink:href='../elts/us-gaap-2025.xsd#us-gaap_BankruptcyProceedingsDatePetitionsForBankruptcyFiled' xlink:label='loc_BankruptcyProceedingsDatePetitionsForBankruptcyFiled' xlink:type='locator' />
    <link:loc xlink:href='../elts/us-gaap-2025.xsd#us-gaap_BankruptcyProceedingsCourtWherePetitionWasFiled' xlink:label='loc_BankruptcyProceedingsCourtWherePetitionWasFiled' xlink:type='locator' />
    <link:loc xlink:href='../elts/us-gaap-2025.xsd#us-gaap_BankruptcyProceedingsDescriptionOfProceedings' xlink:label='loc_BankruptcyProceedingsDescriptionOfProceedings' xlink:type='locator' />
    <link:loc xlink:href='../elts/us-gaap-2025.xsd#us-gaap_BankruptcyProceedingsDescriptionOfCreditorCommittees' xlink:label='loc_BankruptcyProceedingsDescriptionOfCreditorCommittees' xlink:type='locator' />
    <link:loc xlink:href='../elts/us-gaap-2025.xsd#us-gaap_PlanOfReorganizationAbstract' xlink:label='loc_PlanOfReorganizationAbstract' xlink:type='locator' />
    <link:loc xlink:href='../elts/us-gaap-2025.xsd#us-gaap_PlanOfReorganizationDatePlansExpectedToBeFiled' xlink:label='loc_PlanOfReorganizationDatePlansExpectedToBeFiled' xlink:type='locator' />
    <link:loc xlink:href='../elts/us-gaap-2025.xsd#us-gaap_PlanOfReorganizationDatePlansFiled' xlink:label='loc_PlanOfReorganizationDatePlansFiled' xlink:type='locator' />
    <link:loc xlink:href='../elts/us-gaap-2025.xsd#us-gaap_PlanOfReorganizationDatePlansExpectedToBeConfirmed' xlink:label='loc_PlanOfReorganizationDatePlansExpectedToBeConfirmed' xlink:type='locator' />
    <link:loc xlink:href='../elts/us-gaap-2025.xsd#us-gaap_PlanOfReorganizationDatesPlanConfirmed' xlink:label='loc_PlanOfReorganizationDatesPlanConfirmed' xlink:type='locator' />
    <link:loc xlink:href='../elts/us-gaap-2025.xsd#us-gaap_PlanOfReorganizationDatePlansExpectedToBeEffective' xlink:label='loc_PlanOfReorganizationDatePlansExpectedToBeEffective' xlink:type='locator' />
    <link:loc xlink:href='../elts/us-gaap-2025.xsd#us-gaap_PlanOfReorganizationDatesPlanIsEffective' xlink:label='loc_PlanOfReorganizationDatesPlanIsEffective' xlink:type='locator' />
    <link:loc xlink:href='../elts/us-gaap-2025.xsd#us-gaap_PlanOfReorganizationTermsAbstract' xlink:label='loc_PlanOfReorganizationTermsAbstract' xlink:type='locator' />
    <link:loc xlink:href='../elts/us-gaap-2025.xsd#us-gaap_PlanOfReorganizationDescriptionOfEquitySecuritiesIssuedOrToBeIssued' xlink:label='loc_PlanOfReorganizationDescriptionOfEquitySecuritiesIssuedOrToBeIssued' xlink:type='locator' />
    <link:loc xlink:href='../elts/us-gaap-2025.xsd#us-gaap_PlanOfReorganizationDescriptionOfDebtSecuritiesIssuedOrToBeIssued' xlink:label='loc_PlanOfReorganizationDescriptionOfDebtSecuritiesIssuedOrToBeIssued' xlink:type='locator' />
    <link:loc xlink:href='../elts/us-gaap-2025.xsd#us-gaap_PlanOfReorganizationAmountOfPrepetitionObligationsSettledOrToBeSettledInCashAtEffectiveDate' xlink:label='loc_PlanOfReorganizationAmountOfPrepetitionObligationsSettledOrToBeSettledInCashAtEffectiveDate' xlink:type='locator' />
    <link:loc xlink:href='../elts/us-gaap-2025.xsd#us-gaap_PlanOfReorganizationTermsOfPlan' xlink:label='loc_PlanOfReorganizationTermsOfPlan' xlink:type='locator' />
    <link:loc xlink:href='../elts/us-gaap-2025.xsd#us-gaap_BankruptcyClaimsAbstract' xlink:label='loc_BankruptcyClaimsAbstract' xlink:type='locator' />
    <link:loc xlink:href='../elts/us-gaap-2025.xsd#us-gaap_BankruptcyClaimsLastDateToFileClaimsWithBankruptcyCourts' xlink:label='loc_BankruptcyClaimsLastDateToFileClaimsWithBankruptcyCourts' xlink:type='locator' />
    <link:loc xlink:href='../elts/us-gaap-2025.xsd#us-gaap_BankruptcyClaimsDescriptionOfMaterialContractsAssumedOrAssigned' xlink:label='loc_BankruptcyClaimsDescriptionOfMaterialContractsAssumedOrAssigned' xlink:type='locator' />
    <link:loc xlink:href='../elts/us-gaap-2025.xsd#us-gaap_BankruptcyClaimsNumberClaimsFiled' xlink:label='loc_BankruptcyClaimsNumberClaimsFiled' xlink:type='locator' />
    <link:loc xlink:href='../elts/us-gaap-2025.xsd#us-gaap_BankruptcyClaimsAmountOfClaimsFiled' xlink:label='loc_BankruptcyClaimsAmountOfClaimsFiled' xlink:type='locator' />
    <link:loc xlink:href='../elts/us-gaap-2025.xsd#us-gaap_BankruptcyClaimsNumberOfFiledClaimsLikelyToBeDenied' xlink:label='loc_BankruptcyClaimsNumberOfFiledClaimsLikelyToBeDenied' xlink:type='locator' />
    <link:loc xlink:href='../elts/us-gaap-2025.xsd#us-gaap_BankruptcyClaimsAmountOfFiledClaimsLikelyToBeDenied' xlink:label='loc_BankruptcyClaimsAmountOfFiledClaimsLikelyToBeDenied' xlink:type='locator' />
    <link:loc xlink:href='../elts/us-gaap-2025.xsd#us-gaap_BankruptcyClaimsNumberOfClaimsExpungedByBankruptcyCourt' xlink:label='loc_BankruptcyClaimsNumberOfClaimsExpungedByBankruptcyCourt' xlink:type='locator' />
    <link:loc xlink:href='../elts/us-gaap-2025.xsd#us-gaap_BankruptcyClaimsAmountOfClaimsExpungedByBankruptcyCourt' xlink:label='loc_BankruptcyClaimsAmountOfClaimsExpungedByBankruptcyCourt' xlink:type='locator' />
    <link:loc xlink:href='../elts/us-gaap-2025.xsd#us-gaap_BankruptcyClaimsNumberOfClaimsUnderReviewByManagement' xlink:label='loc_BankruptcyClaimsNumberOfClaimsUnderReviewByManagement' xlink:type='locator' />
    <link:loc xlink:href='../elts/us-gaap-2025.xsd#us-gaap_BankruptcyClaimsAmountOfClaimsUnderReviewByManagement' xlink:label='loc_BankruptcyClaimsAmountOfClaimsUnderReviewByManagement' xlink:type='locator' />
    <link:loc xlink:href='../elts/us-gaap-2025.xsd#us-gaap_BankruptcyClaimsNumberOfClaimsSettled' xlink:label='loc_BankruptcyClaimsNumberOfClaimsSettled' xlink:type='locator' />
    <link:loc xlink:href='../elts/us-gaap-2025.xsd#us-gaap_BankruptcyClaimsAmountOfClaimsSettled' xlink:label='loc_BankruptcyClaimsAmountOfClaimsSettled' xlink:type='locator' />
    <link:loc xlink:href='../elts/us-gaap-2025.xsd#us-gaap_BankruptcyClaimsAmountPaidToSettleClaims' xlink:label='loc_BankruptcyClaimsAmountPaidToSettleClaims' xlink:type='locator' />
    <link:loc xlink:href='../elts/us-gaap-2025.xsd#us-gaap_DebtorInPossessionFinancingAbstract' xlink:label='loc_DebtorInPossessionFinancingAbstract' xlink:type='locator' />
    <link:loc xlink:href='../elts/us-gaap-2025.xsd#us-gaap_DebtorInPossessionFinancingDateArrangementsApprovedByBankruptcyCourt' xlink:label='loc_DebtorInPossessionFinancingDateArrangementsApprovedByBankruptcyCourt' xlink:type='locator' />
    <link:loc xlink:href='../elts/us-gaap-2025.xsd#us-gaap_DebtorInPossessionFinancingAmountArranged' xlink:label='loc_DebtorInPossessionFinancingAmountArranged' xlink:type='locator' />
    <link:loc xlink:href='../elts/us-gaap-2025.xsd#us-gaap_DebtorInPossessionFinancingAmendmentsToArrangementIncreaseDecreaseInAmountArranged' xlink:label='loc_DebtorInPossessionFinancingAmendmentsToArrangementIncreaseDecreaseInAmountArranged' xlink:type='locator' />
    <link:loc xlink:href='../elts/us-gaap-2025.xsd#us-gaap_DebtorInPossessionFinancingBorrowingsOutstanding' xlink:label='loc_DebtorInPossessionFinancingBorrowingsOutstanding' xlink:type='locator' />
    <link:loc xlink:href='../elts/us-gaap-2025.xsd#us-gaap_DebtorInPossessionFinancingLettersOfCreditOutstanding' xlink:label='loc_DebtorInPossessionFinancingLettersOfCreditOutstanding' xlink:type='locator' />
    <link:loc xlink:href='../elts/us-gaap-2025.xsd#us-gaap_DebtorInPossessionFinancingInterestRateOnBorrowingsOutstanding' xlink:label='loc_DebtorInPossessionFinancingInterestRateOnBorrowingsOutstanding' xlink:type='locator' />
    <link:loc xlink:href='../elts/us-gaap-2025.xsd#us-gaap_DebtorInPossessionFinancingFeeOnUnusedBorrowings' xlink:label='loc_DebtorInPossessionFinancingFeeOnUnusedBorrowings' xlink:type='locator' />
    <link:loc xlink:href='../elts/us-gaap-2025.xsd#us-gaap_DebtorReorganizationItemsDebtorInPossessionFacilityFinancingCosts' xlink:label='loc_DebtorReorganizationItemsDebtorInPossessionFacilityFinancingCosts' xlink:type='locator' />
    <link:loc xlink:href='../elts/us-gaap-2025.xsd#us-gaap_FinancialStatementPresentationWhileInChapter11Abstract' xlink:label='loc_FinancialStatementPresentationWhileInChapter11Abstract' xlink:type='locator' />
    <link:loc xlink:href='../elts/us-gaap-2025.xsd#us-gaap_ContractualInterestExpenseOnPrepetitionLiabilitiesNotRecognizedInStatementOfOperations' xlink:label='loc_ContractualInterestExpenseOnPrepetitionLiabilitiesNotRecognizedInStatementOfOperations' xlink:type='locator' />
    <link:loc xlink:href='../elts/us-gaap-2025.xsd#us-gaap_InterestExpenseOnPrepetitionLiabilitiesRecognizedInStatementOfOperations' xlink:label='loc_InterestExpenseOnPrepetitionLiabilitiesRecognizedInStatementOfOperations' xlink:type='locator' />
    <link:loc xlink:href='../elts/us-gaap-2025.xsd#us-gaap_LiabilitiesSubjectToCompromiseDisclosuresAbstract' xlink:label='loc_LiabilitiesSubjectToCompromiseDisclosuresAbstract' xlink:type='locator' />
    <link:loc xlink:href='../elts/us-gaap-2025.xsd#us-gaap_LiabilitiesSubjectToCompromiseAbstract' xlink:label='loc_LiabilitiesSubjectToCompromiseAbstract' xlink:type='locator' />
    <link:loc xlink:href='../elts/us-gaap-2025.xsd#us-gaap_LiabilitiesSubjectToCompromiseProvisionForExpectedAndAllowedClaims' xlink:label='loc_LiabilitiesSubjectToCompromiseProvisionForExpectedAndAllowedClaims' xlink:type='locator' />
    <link:loc xlink:href='../elts/us-gaap-2025.xsd#us-gaap_LiabilitiesSubjectToCompromiseAccountsPayableAndAccruedLiabilities' xlink:label='loc_LiabilitiesSubjectToCompromiseAccountsPayableAndAccruedLiabilities' xlink:type='locator' />
    <link:loc xlink:href='../elts/us-gaap-2025.xsd#us-gaap_LiabilitiesSubjectToCompromisePensionAndOtherPostretirementObligations' xlink:label='loc_LiabilitiesSubjectToCompromisePensionAndOtherPostretirementObligations' xlink:type='locator' />
    <link:loc xlink:href='../elts/us-gaap-2025.xsd#us-gaap_LiabilitiesSubjectToCompromiseDebtAndAccruedInterest' xlink:label='loc_LiabilitiesSubjectToCompromiseDebtAndAccruedInterest' xlink:type='locator' />
    <link:loc xlink:href='../elts/us-gaap-2025.xsd#us-gaap_LiabilitiesSubjectToCompromiseAsbestosObligations' xlink:label='loc_LiabilitiesSubjectToCompromiseAsbestosObligations' xlink:type='locator' />
    <link:loc xlink:href='../elts/us-gaap-2025.xsd#us-gaap_LiabilitiesSubjectToCompromiseEnvironmentalContingencies' xlink:label='loc_LiabilitiesSubjectToCompromiseEnvironmentalContingencies' xlink:type='locator' />
    <link:loc xlink:href='../elts/us-gaap-2025.xsd#us-gaap_LiabilitiesSubjectToCompromiseIncomeTaxContingencies' xlink:label='loc_LiabilitiesSubjectToCompromiseIncomeTaxContingencies' xlink:type='locator' />
    <link:loc xlink:href='../elts/us-gaap-2025.xsd#us-gaap_LiabilitiesSubjectToCompromiseEarlyContractTerminationFees' xlink:label='loc_LiabilitiesSubjectToCompromiseEarlyContractTerminationFees' xlink:type='locator' />
    <link:loc xlink:href='../elts/us-gaap-2025.xsd#us-gaap_LiabilitiesSubjectToCompromiseEmployeeAndDeemedClaims' xlink:label='loc_LiabilitiesSubjectToCompromiseEmployeeAndDeemedClaims' xlink:type='locator' />
    <link:loc xlink:href='../elts/us-gaap-2025.xsd#us-gaap_LiabilitiesSubjectToCompromiseRetainedObligationOfDivestedBusinesses' xlink:label='loc_LiabilitiesSubjectToCompromiseRetainedObligationOfDivestedBusinesses' xlink:type='locator' />
    <link:loc xlink:href='../elts/us-gaap-2025.xsd#us-gaap_LiabilitiesSubjectToCompromiseOtherLiabilities' xlink:label='loc_LiabilitiesSubjectToCompromiseOtherLiabilities' xlink:type='locator' />
    <link:loc xlink:href='../elts/us-gaap-2025.xsd#us-gaap_LiabilitiesSubjectToCompromise' xlink:label='loc_LiabilitiesSubjectToCompromise_1' xlink:type='locator' />
    <link:loc xlink:href='../elts/us-gaap-2025.xsd#us-gaap_LiabilitiesSubjectToCompromise' xlink:label='loc_LiabilitiesSubjectToCompromise' xlink:type='locator' />
    <link:loc xlink:href='../elts/us-gaap-2025.xsd#us-gaap_LiabilitiesSubjectToCompromisePeriodIncreaseDecreaseRollForward' xlink:label='loc_LiabilitiesSubjectToCompromisePeriodIncreaseDecreaseRollForward' xlink:type='locator' />
    <link:loc xlink:href='../elts/us-gaap-2025.xsd#us-gaap_LiabilitiesSubjectToCompromiseExpenseReversalOfExpenseForLiabilities' xlink:label='loc_LiabilitiesSubjectToCompromiseExpenseReversalOfExpenseForLiabilities' xlink:type='locator' />
    <link:loc xlink:href='../elts/us-gaap-2025.xsd#us-gaap_LiabilitiesSubjectToCompromisePaymentsUnderBankruptcyCourtOrderForFreightAndDistributionCosts' xlink:label='loc_LiabilitiesSubjectToCompromisePaymentsUnderBankruptcyCourtOrderForFreightAndDistributionCosts' xlink:type='locator' />
    <link:loc xlink:href='../elts/us-gaap-2025.xsd#us-gaap_LiabilitiesSubjectToCompromisePaymentsUnderBankruptcyCourtOrderForTradeAccountsPayable' xlink:label='loc_LiabilitiesSubjectToCompromisePaymentsUnderBankruptcyCourtOrderForTradeAccountsPayable' xlink:type='locator' />
    <link:loc xlink:href='../elts/us-gaap-2025.xsd#us-gaap_LiabilitiesSubjectToCompromisePaymentsUnderBankruptcyCourtOrderForResolutionsOfContingenciesSubjectToChapter11' xlink:label='loc_LiabilitiesSubjectToCompromisePaymentsUnderBankruptcyCourtOrderForResolutionsOfContingenciesSubjectToChapter11' xlink:type='locator' />
    <link:loc xlink:href='../elts/us-gaap-2025.xsd#us-gaap_LiabilitiesSubjectToCompromisePaymentsUnderBankruptcyCourtOrderForOtherLiabilities' xlink:label='loc_LiabilitiesSubjectToCompromisePaymentsUnderBankruptcyCourtOrderForOtherLiabilities' xlink:type='locator' />
    <link:loc xlink:href='../elts/us-gaap-2025.xsd#us-gaap_LiabilitiesSubjectToCompromiseIncreaseDecreaseUnderBankruptcyCourtOrderReclassifications' xlink:label='loc_LiabilitiesSubjectToCompromiseIncreaseDecreaseUnderBankruptcyCourtOrderReclassifications' xlink:type='locator' />
    <link:loc xlink:href='../elts/us-gaap-2025.xsd#us-gaap_LiabilitiesSubjectToCompromisePeriodIncreaseDecrease' xlink:label='loc_LiabilitiesSubjectToCompromisePeriodIncreaseDecrease' xlink:type='locator' />
    <link:loc xlink:href='../elts/us-gaap-2025.xsd#us-gaap_LiabilitiesSubjectToCompromiseProvisionForClaimsNotEstimable' xlink:label='loc_LiabilitiesSubjectToCompromiseProvisionForClaimsNotEstimable' xlink:type='locator' />
    <link:loc xlink:href='../elts/us-gaap-2025.xsd#us-gaap_ReorganizationUnderChapter11BankruptcyIssuanceOfCommonStock' xlink:label='loc_ReorganizationUnderChapter11BankruptcyIssuanceOfCommonStock' xlink:type='locator' />
    <link:loc xlink:href='../elts/us-gaap-2025.xsd#us-gaap_ReorganizationItemsAbstract' xlink:label='loc_ReorganizationItemsAbstract' xlink:type='locator' />
    <link:loc xlink:href='../elts/us-gaap-2025.xsd#us-gaap_DebtorReorganizationItemsProvisionForExpectedAllowedClaims' xlink:label='loc_DebtorReorganizationItemsProvisionForExpectedAllowedClaims' xlink:type='locator' />
    <link:loc xlink:href='../elts/us-gaap-2025.xsd#us-gaap_DebtorReorganizationItemsDischargeOfClaimsAndLiabilities' xlink:label='loc_DebtorReorganizationItemsDischargeOfClaimsAndLiabilities' xlink:type='locator' />
    <link:loc xlink:href='../elts/us-gaap-2025.xsd#us-gaap_DebtorReorganizationItemsLegalAndAdvisoryProfessionalFees' xlink:label='loc_DebtorReorganizationItemsLegalAndAdvisoryProfessionalFees' xlink:type='locator' />
    <link:loc xlink:href='../elts/us-gaap-2025.xsd#us-gaap_DebtorReorganizationItemsNetGainLossOnRejectionOfLeasesAndOtherExecutoryContracts1' xlink:label='loc_DebtorReorganizationItemsNetGainLossOnRejectionOfLeasesAndOtherExecutoryContracts1' xlink:type='locator' />
    <link:loc xlink:href='../elts/us-gaap-2025.xsd#us-gaap_DebtorReorganizationItemsEmployeeRelatedCharges' xlink:label='loc_DebtorReorganizationItemsEmployeeRelatedCharges' xlink:type='locator' />
    <link:loc xlink:href='../elts/us-gaap-2025.xsd#us-gaap_DebtorReorganizationItemsRetireeRelatedCharges' xlink:label='loc_DebtorReorganizationItemsRetireeRelatedCharges' xlink:type='locator' />
    <link:loc xlink:href='../elts/us-gaap-2025.xsd#us-gaap_DebtorReorganizationItemsPensionAndOtherPostretirementRelatedCharges' xlink:label='loc_DebtorReorganizationItemsPensionAndOtherPostretirementRelatedCharges' xlink:type='locator' />
    <link:loc xlink:href='../elts/us-gaap-2025.xsd#us-gaap_DebtorReorganizationItemsGainLossOnSettlementOfOtherClaimsNet1' xlink:label='loc_DebtorReorganizationItemsGainLossOnSettlementOfOtherClaimsNet1' xlink:type='locator' />
    <link:loc xlink:href='../elts/us-gaap-2025.xsd#us-gaap_DebtorReorganizationItemsGainLossOnAssetSalesNet1' xlink:label='loc_DebtorReorganizationItemsGainLossOnAssetSalesNet1' xlink:type='locator' />
    <link:loc xlink:href='../elts/us-gaap-2025.xsd#us-gaap_DebtorReorganizationItemsInterestIncomeOnAccumulatedCash1' xlink:label='loc_DebtorReorganizationItemsInterestIncomeOnAccumulatedCash1' xlink:type='locator' />
    <link:loc xlink:href='../elts/us-gaap-2025.xsd#us-gaap_DebtorReorganizationItemsImpairmentLoss' xlink:label='loc_DebtorReorganizationItemsImpairmentLoss' xlink:type='locator' />
    <link:loc xlink:href='../elts/us-gaap-2025.xsd#us-gaap_DebtorReorganizationItemsRevaluationOfAssetsAndLiabilities' xlink:label='loc_DebtorReorganizationItemsRevaluationOfAssetsAndLiabilities' xlink:type='locator' />
    <link:loc xlink:href='../elts/us-gaap-2025.xsd#us-gaap_DebtorReorganizationItemsOtherExpenseIncome' xlink:label='loc_DebtorReorganizationItemsOtherExpenseIncome' xlink:type='locator' />
    <link:loc xlink:href='../elts/us-gaap-2025.xsd#us-gaap_DebtorReorganizationItemsWriteOffOfDeferredFinancingCostsAndDebtDiscounts' xlink:label='loc_DebtorReorganizationItemsWriteOffOfDeferredFinancingCostsAndDebtDiscounts' xlink:type='locator' />
    <link:loc xlink:href='../elts/us-gaap-2025.xsd#us-gaap_NondebtorReorganizationItemsLegalAndAdvisoryProfessionalFees' xlink:label='loc_NondebtorReorganizationItemsLegalAndAdvisoryProfessionalFees' xlink:type='locator' />
    <link:loc xlink:href='../elts/us-gaap-2025.xsd#us-gaap_NondebtorReorganizationItemsNetGainLossOnSettlementOfOtherClaims1' xlink:label='loc_NondebtorReorganizationItemsNetGainLossOnSettlementOfOtherClaims1' xlink:type='locator' />
    <link:loc xlink:href='../elts/us-gaap-2025.xsd#us-gaap_ReorganizationItems' xlink:label='loc_ReorganizationItems' xlink:type='locator' />
    <link:loc xlink:href='../elts/us-gaap-2025.xsd#us-gaap_FreshStartBalanceSheetAbstract' xlink:label='loc_FreshStartBalanceSheetAbstract' xlink:type='locator' />
    <link:loc xlink:href='../elts/us-gaap-2025.xsd#us-gaap_FreshStartBalanceSheetFreshStartBalanceSheetDates' xlink:label='loc_FreshStartBalanceSheetFreshStartBalanceSheetDates' xlink:type='locator' />
    <link:loc xlink:href='../elts/us-gaap-2025.xsd#us-gaap_FreshStartBalanceSheetProFormaBalanceSheetDates' xlink:label='loc_FreshStartBalanceSheetProFormaBalanceSheetDates' xlink:type='locator' />
    <link:loc xlink:href='../elts/us-gaap-2025.xsd#us-gaap_ScheduleOfFreshStartAdjustmentsTextBlock' xlink:label='loc_ScheduleOfFreshStartAdjustmentsTextBlock' xlink:type='locator' />
    <link:loc xlink:href='../elts/us-gaap-2025.xsd#us-gaap_FreshStartAdjustmentsTable' xlink:label='loc_FreshStartAdjustmentsTable' xlink:type='locator' />
    <link:loc xlink:href='https://xbrl.fasb.org/srt/2025/elts/srt-2025.xsd#srt_ConsolidatedEntitiesAxis' xlink:label='loc_ConsolidatedEntitiesAxis' xlink:type='locator' />
    <link:loc xlink:href='https://xbrl.fasb.org/srt/2025/elts/srt-2025.xsd#srt_ConsolidatedEntitiesDomain' xlink:label='loc_ConsolidatedEntitiesDomain' xlink:type='locator' />
    <link:loc xlink:href='../elts/us-gaap-2025.xsd#us-gaap_ReorganizationChapter11DebtorInPossessionMember' xlink:label='loc_ReorganizationChapter11DebtorInPossessionMember' xlink:type='locator' />
    <link:loc xlink:href='../elts/us-gaap-2025.xsd#us-gaap_FreshStartAdjustmentsTypeOfFreshStartAdjustmentAxis' xlink:label='loc_FreshStartAdjustmentsTypeOfFreshStartAdjustmentAxis' xlink:type='locator' />
    <link:loc xlink:href='../elts/us-gaap-2025.xsd#us-gaap_TypeOfFreshStartAdjustmentDomain' xlink:label='loc_TypeOfFreshStartAdjustmentDomain' xlink:type='locator' />
    <link:loc xlink:href='../elts/us-gaap-2025.xsd#us-gaap_ReorganizationChapter11PredecessorBeforeAdjustmentMember' xlink:label='loc_ReorganizationChapter11PredecessorBeforeAdjustmentMember' xlink:type='locator' />
    <link:loc xlink:href='../elts/us-gaap-2025.xsd#us-gaap_ReorganizationChapter11PlanEffectAdjustmentMember' xlink:label='loc_ReorganizationChapter11PlanEffectAdjustmentMember' xlink:type='locator' />
    <link:loc xlink:href='../elts/us-gaap-2025.xsd#us-gaap_DischargeOfDebtMember' xlink:label='loc_DischargeOfDebtMember' xlink:type='locator' />
    <link:loc xlink:href='../elts/us-gaap-2025.xsd#us-gaap_ExchangeOfStockForStockMember' xlink:label='loc_ExchangeOfStockForStockMember' xlink:type='locator' />
    <link:loc xlink:href='../elts/us-gaap-2025.xsd#us-gaap_ReorganizationChapter11FreshStartAdjustmentMember' xlink:label='loc_ReorganizationChapter11FreshStartAdjustmentMember' xlink:type='locator' />
    <link:loc xlink:href='../elts/us-gaap-2025.xsd#us-gaap_ReorganizationChapter11LineItems' xlink:label='loc_ReorganizationChapter11LineItems' xlink:type='locator' />
    <link:loc xlink:href='../elts/us-gaap-2025.xsd#us-gaap_Cash' xlink:label='loc_Cash' xlink:type='locator' />
    <link:loc xlink:href='../elts/us-gaap-2025.xsd#us-gaap_ReceivablesNetCurrent' xlink:label='loc_ReceivablesNetCurrent' xlink:type='locator' />
    <link:loc xlink:href='../elts/us-gaap-2025.xsd#us-gaap_InventoryNet' xlink:label='loc_InventoryNet' xlink:type='locator' />
    <link:loc xlink:href='../elts/us-gaap-2025.xsd#us-gaap_AssetsHeldForSaleNotPartOfDisposalGroupCurrent' xlink:label='loc_AssetsHeldForSaleNotPartOfDisposalGroupCurrent' xlink:type='locator' />
    <link:loc xlink:href='../elts/us-gaap-2025.xsd#us-gaap_OtherAssetsCurrent' xlink:label='loc_OtherAssetsCurrent' xlink:type='locator' />
    <link:loc xlink:href='../elts/us-gaap-2025.xsd#us-gaap_AssetsCurrent' xlink:label='loc_AssetsCurrent' xlink:type='locator' />
    <link:loc xlink:href='../elts/us-gaap-2025.xsd#us-gaap_PropertyPlantAndEquipmentNet' xlink:label='loc_PropertyPlantAndEquipmentNet' xlink:type='locator' />
    <link:loc xlink:href='../elts/us-gaap-2025.xsd#us-gaap_Goodwill' xlink:label='loc_Goodwill' xlink:type='locator' />
    <link:loc xlink:href='../elts/us-gaap-2025.xsd#us-gaap_Assets' xlink:label='loc_Assets' xlink:type='locator' />
    <link:loc xlink:href='../elts/us-gaap-2025.xsd#us-gaap_ShortTermBorrowings' xlink:label='loc_ShortTermBorrowings' xlink:type='locator' />
    <link:loc xlink:href='../elts/us-gaap-2025.xsd#us-gaap_SeniorNotesCurrent' xlink:label='loc_SeniorNotesCurrent' xlink:type='locator' />
    <link:loc xlink:href='../elts/us-gaap-2025.xsd#us-gaap_AccountsPayableCurrent' xlink:label='loc_AccountsPayableCurrent' xlink:type='locator' />
    <link:loc xlink:href='../elts/us-gaap-2025.xsd#us-gaap_OtherLiabilitiesCurrent' xlink:label='loc_OtherLiabilitiesCurrent' xlink:type='locator' />
    <link:loc xlink:href='../elts/us-gaap-2025.xsd#us-gaap_LiabilitiesCurrent' xlink:label='loc_LiabilitiesCurrent' xlink:type='locator' />
    <link:loc xlink:href='../elts/us-gaap-2025.xsd#us-gaap_SeniorLongTermNotes' xlink:label='loc_SeniorLongTermNotes' xlink:type='locator' />
    <link:loc xlink:href='../elts/us-gaap-2025.xsd#us-gaap_SubordinatedLongTermDebt' xlink:label='loc_SubordinatedLongTermDebt' xlink:type='locator' />
    <link:loc xlink:href='../elts/us-gaap-2025.xsd#us-gaap_PreferredStockValue' xlink:label='loc_PreferredStockValue' xlink:type='locator' />
    <link:loc xlink:href='../elts/us-gaap-2025.xsd#us-gaap_CommonStockValue' xlink:label='loc_CommonStockValue' xlink:type='locator' />
    <link:loc xlink:href='../elts/us-gaap-2025.xsd#us-gaap_AdditionalPaidInCapital' xlink:label='loc_AdditionalPaidInCapital' xlink:type='locator' />
    <link:loc xlink:href='../elts/us-gaap-2025.xsd#us-gaap_RetainedEarningsAccumulatedDeficit' xlink:label='loc_RetainedEarningsAccumulatedDeficit' xlink:type='locator' />
    <link:loc xlink:href='../elts/us-gaap-2025.xsd#us-gaap_StockholdersEquity' xlink:label='loc_StockholdersEquity' xlink:type='locator' />
    <link:loc xlink:href='../elts/us-gaap-2025.xsd#us-gaap_LiabilitiesAndStockholdersEquity' xlink:label='loc_LiabilitiesAndStockholdersEquity' xlink:type='locator' />
    <link:loc xlink:href='../elts/us-gaap-2025.xsd#us-gaap_ReorganizationChapter11DebtorInPossessionAllEntities' xlink:label='loc_ReorganizationChapter11DebtorInPossessionAllEntities' xlink:type='locator' />
    <link:loc xlink:href='../elts/us-gaap-2025.xsd#us-gaap_ReorganizationValueDisclosuresAbstract' xlink:label='loc_ReorganizationValueDisclosuresAbstract' xlink:type='locator' />
    <link:loc xlink:href='../elts/us-gaap-2025.xsd#us-gaap_ReorganizationValueMethodologyAndAssumptions' xlink:label='loc_ReorganizationValueMethodologyAndAssumptions' xlink:type='locator' />
    <link:loc xlink:href='../elts/us-gaap-2025.xsd#us-gaap_ReorganizationValueAbstract' xlink:label='loc_ReorganizationValueAbstract' xlink:type='locator' />
    <link:loc xlink:href='../elts/us-gaap-2025.xsd#us-gaap_ReorganizationValueCashInExcessOfNormalOperatingNeeds' xlink:label='loc_ReorganizationValueCashInExcessOfNormalOperatingNeeds' xlink:type='locator' />
    <link:loc xlink:href='../elts/us-gaap-2025.xsd#us-gaap_ReorganizationValueNetRealizableValueOfAssetDispositions' xlink:label='loc_ReorganizationValueNetRealizableValueOfAssetDispositions' xlink:type='locator' />
    <link:loc xlink:href='../elts/us-gaap-2025.xsd#us-gaap_ReorganizationValuePresentValueOfDiscountedCashFlowsOfEmergingEntity' xlink:label='loc_ReorganizationValuePresentValueOfDiscountedCashFlowsOfEmergingEntity' xlink:type='locator' />
    <link:loc xlink:href='../elts/us-gaap-2025.xsd#us-gaap_ReorganizationValue' xlink:label='loc_ReorganizationValue' xlink:type='locator' />
    <link:presentationArc order='10' xlink:arcrole='http://www.xbrl.org/2003/arcrole/parent-child' xlink:from='loc_ReorganizationsAbstract' xlink:to='loc_ReorganizationUnderChapter11OfUSBankruptcyCodeDisclosureTextBlock' xlink:type='arc' />
    <link:presentationArc order='10' use='optional' xlink:arcrole='http://www.xbrl.org/2003/arcrole/parent-child' xlink:from='loc_ReorganizationUnderChapter11OfUSBankruptcyCodeDisclosureTextBlock' xlink:to='loc_BankruptcyProceedingsAbstract' xlink:type='arc' />
    <link:presentationArc order='10' xlink:arcrole='http://www.xbrl.org/2003/arcrole/parent-child' xlink:from='loc_BankruptcyProceedingsAbstract' xlink:to='loc_BankruptcyProceedingsDatePetitionsForBankruptcyFiled' xlink:type='arc' />
    <link:presentationArc order='20' use='optional' xlink:arcrole='http://www.xbrl.org/2003/arcrole/parent-child' xlink:from='loc_BankruptcyProceedingsAbstract' xlink:to='loc_BankruptcyProceedingsCourtWherePetitionWasFiled' xlink:type='arc' />
    <link:presentationArc order='30' use='optional' xlink:arcrole='http://www.xbrl.org/2003/arcrole/parent-child' xlink:from='loc_BankruptcyProceedingsAbstract' xlink:to='loc_BankruptcyProceedingsDescriptionOfProceedings' xlink:type='arc' />
    <link:presentationArc order='40' use='optional' xlink:arcrole='http://www.xbrl.org/2003/arcrole/parent-child' xlink:from='loc_BankruptcyProceedingsAbstract' xlink:to='loc_BankruptcyProceedingsDescriptionOfCreditorCommittees' xlink:type='arc' />
    <link:presentationArc order='20' use='optional' xlink:arcrole='http://www.xbrl.org/2003/arcrole/parent-child' xlink:from='loc_ReorganizationUnderChapter11OfUSBankruptcyCodeDisclosureTextBlock' xlink:to='loc_PlanOfReorganizationAbstract' xlink:type='arc' />
    <link:presentationArc order='10' xlink:arcrole='http://www.xbrl.org/2003/arcrole/parent-child' xlink:from='loc_PlanOfReorganizationAbstract' xlink:to='loc_PlanOfReorganizationDatePlansExpectedToBeFiled' xlink:type='arc' />
    <link:presentationArc order='20' xlink:arcrole='http://www.xbrl.org/2003/arcrole/parent-child' xlink:from='loc_PlanOfReorganizationAbstract' xlink:to='loc_PlanOfReorganizationDatePlansFiled' xlink:type='arc' />
    <link:presentationArc order='30' xlink:arcrole='http://www.xbrl.org/2003/arcrole/parent-child' xlink:from='loc_PlanOfReorganizationAbstract' xlink:to='loc_PlanOfReorganizationDatePlansExpectedToBeConfirmed' xlink:type='arc' />
    <link:presentationArc order='40' xlink:arcrole='http://www.xbrl.org/2003/arcrole/parent-child' xlink:from='loc_PlanOfReorganizationAbstract' xlink:to='loc_PlanOfReorganizationDatesPlanConfirmed' xlink:type='arc' />
    <link:presentationArc order='50' xlink:arcrole='http://www.xbrl.org/2003/arcrole/parent-child' xlink:from='loc_PlanOfReorganizationAbstract' xlink:to='loc_PlanOfReorganizationDatePlansExpectedToBeEffective' xlink:type='arc' />
    <link:presentationArc order='60' xlink:arcrole='http://www.xbrl.org/2003/arcrole/parent-child' xlink:from='loc_PlanOfReorganizationAbstract' xlink:to='loc_PlanOfReorganizationDatesPlanIsEffective' xlink:type='arc' />
    <link:presentationArc order='70' use='optional' xlink:arcrole='http://www.xbrl.org/2003/arcrole/parent-child' xlink:from='loc_PlanOfReorganizationAbstract' xlink:to='loc_PlanOfReorganizationTermsAbstract' xlink:type='arc' />
    <link:presentationArc order='10' use='optional' xlink:arcrole='http://www.xbrl.org/2003/arcrole/parent-child' xlink:from='loc_PlanOfReorganizationTermsAbstract' xlink:to='loc_PlanOfReorganizationDescriptionOfEquitySecuritiesIssuedOrToBeIssued' xlink:type='arc' />
    <link:presentationArc order='20' use='optional' xlink:arcrole='http://www.xbrl.org/2003/arcrole/parent-child' xlink:from='loc_PlanOfReorganizationTermsAbstract' xlink:to='loc_PlanOfReorganizationDescriptionOfDebtSecuritiesIssuedOrToBeIssued' xlink:type='arc' />
    <link:presentationArc order='30' use='optional' xlink:arcrole='http://www.xbrl.org/2003/arcrole/parent-child' xlink:from='loc_PlanOfReorganizationTermsAbstract' xlink:to='loc_PlanOfReorganizationAmountOfPrepetitionObligationsSettledOrToBeSettledInCashAtEffectiveDate' xlink:type='arc' />
    <link:presentationArc order='40' use='optional' xlink:arcrole='http://www.xbrl.org/2003/arcrole/parent-child' xlink:from='loc_PlanOfReorganizationTermsAbstract' xlink:to='loc_PlanOfReorganizationTermsOfPlan' xlink:type='arc' />
    <link:presentationArc order='30' use='optional' xlink:arcrole='http://www.xbrl.org/2003/arcrole/parent-child' xlink:from='loc_ReorganizationUnderChapter11OfUSBankruptcyCodeDisclosureTextBlock' xlink:to='loc_BankruptcyClaimsAbstract' xlink:type='arc' />
    <link:presentationArc order='10' xlink:arcrole='http://www.xbrl.org/2003/arcrole/parent-child' xlink:from='loc_BankruptcyClaimsAbstract' xlink:to='loc_BankruptcyClaimsLastDateToFileClaimsWithBankruptcyCourts' xlink:type='arc' />
    <link:presentationArc order='20' use='optional' xlink:arcrole='http://www.xbrl.org/2003/arcrole/parent-child' xlink:from='loc_BankruptcyClaimsAbstract' xlink:to='loc_BankruptcyClaimsDescriptionOfMaterialContractsAssumedOrAssigned' xlink:type='arc' />
    <link:presentationArc order='10' use='optional' xlink:arcrole='http://www.xbrl.org/2003/arcrole/parent-child' xlink:from='loc_BankruptcyClaimsDescriptionOfMaterialContractsAssumedOrAssigned' xlink:to='loc_BankruptcyClaimsNumberClaimsFiled' xlink:type='arc' />
    <link:presentationArc order='20' use='optional' xlink:arcrole='http://www.xbrl.org/2003/arcrole/parent-child' xlink:from='loc_BankruptcyClaimsDescriptionOfMaterialContractsAssumedOrAssigned' xlink:to='loc_BankruptcyClaimsAmountOfClaimsFiled' xlink:type='arc' />
    <link:presentationArc order='30' use='optional' xlink:arcrole='http://www.xbrl.org/2003/arcrole/parent-child' xlink:from='loc_BankruptcyClaimsDescriptionOfMaterialContractsAssumedOrAssigned' xlink:to='loc_BankruptcyClaimsNumberOfFiledClaimsLikelyToBeDenied' xlink:type='arc' />
    <link:presentationArc order='40' use='optional' xlink:arcrole='http://www.xbrl.org/2003/arcrole/parent-child' xlink:from='loc_BankruptcyClaimsDescriptionOfMaterialContractsAssumedOrAssigned' xlink:to='loc_BankruptcyClaimsAmountOfFiledClaimsLikelyToBeDenied' xlink:type='arc' />
    <link:presentationArc order='50' use='optional' xlink:arcrole='http://www.xbrl.org/2003/arcrole/parent-child' xlink:from='loc_BankruptcyClaimsDescriptionOfMaterialContractsAssumedOrAssigned' xlink:to='loc_BankruptcyClaimsNumberOfClaimsExpungedByBankruptcyCourt' xlink:type='arc' />
    <link:presentationArc order='60' use='optional' xlink:arcrole='http://www.xbrl.org/2003/arcrole/parent-child' xlink:from='loc_BankruptcyClaimsDescriptionOfMaterialContractsAssumedOrAssigned' xlink:to='loc_BankruptcyClaimsAmountOfClaimsExpungedByBankruptcyCourt' xlink:type='arc' />
    <link:presentationArc order='70' use='optional' xlink:arcrole='http://www.xbrl.org/2003/arcrole/parent-child' xlink:from='loc_BankruptcyClaimsDescriptionOfMaterialContractsAssumedOrAssigned' xlink:to='loc_BankruptcyClaimsNumberOfClaimsUnderReviewByManagement' xlink:type='arc' />
    <link:presentationArc order='80' use='optional' xlink:arcrole='http://www.xbrl.org/2003/arcrole/parent-child' xlink:from='loc_BankruptcyClaimsDescriptionOfMaterialContractsAssumedOrAssigned' xlink:to='loc_BankruptcyClaimsAmountOfClaimsUnderReviewByManagement' xlink:type='arc' />
    <link:presentationArc order='90' use='optional' xlink:arcrole='http://www.xbrl.org/2003/arcrole/parent-child' xlink:from='loc_BankruptcyClaimsDescriptionOfMaterialContractsAssumedOrAssigned' xlink:to='loc_BankruptcyClaimsNumberOfClaimsSettled' xlink:type='arc' />
    <link:presentationArc order='100' use='optional' xlink:arcrole='http://www.xbrl.org/2003/arcrole/parent-child' xlink:from='loc_BankruptcyClaimsDescriptionOfMaterialContractsAssumedOrAssigned' xlink:to='loc_BankruptcyClaimsAmountOfClaimsSettled' xlink:type='arc' />
    <link:presentationArc order='110' use='optional' xlink:arcrole='http://www.xbrl.org/2003/arcrole/parent-child' xlink:from='loc_BankruptcyClaimsDescriptionOfMaterialContractsAssumedOrAssigned' xlink:to='loc_BankruptcyClaimsAmountPaidToSettleClaims' xlink:type='arc' />
    <link:presentationArc order='40' use='optional' xlink:arcrole='http://www.xbrl.org/2003/arcrole/parent-child' xlink:from='loc_ReorganizationUnderChapter11OfUSBankruptcyCodeDisclosureTextBlock' xlink:to='loc_DebtorInPossessionFinancingAbstract' xlink:type='arc' />
    <link:presentationArc order='10' xlink:arcrole='http://www.xbrl.org/2003/arcrole/parent-child' xlink:from='loc_DebtorInPossessionFinancingAbstract' xlink:to='loc_DebtorInPossessionFinancingDateArrangementsApprovedByBankruptcyCourt' xlink:type='arc' />
    <link:presentationArc order='20' xlink:arcrole='http://www.xbrl.org/2003/arcrole/parent-child' xlink:from='loc_DebtorInPossessionFinancingAbstract' xlink:to='loc_DebtorInPossessionFinancingAmountArranged' xlink:type='arc' />
    <link:presentationArc order='30' xlink:arcrole='http://www.xbrl.org/2003/arcrole/parent-child' xlink:from='loc_DebtorInPossessionFinancingAbstract' xlink:to='loc_DebtorInPossessionFinancingAmendmentsToArrangementIncreaseDecreaseInAmountArranged' xlink:type='arc' />
    <link:presentationArc order='40' use='optional' xlink:arcrole='http://www.xbrl.org/2003/arcrole/parent-child' xlink:from='loc_DebtorInPossessionFinancingAbstract' xlink:to='loc_DebtorInPossessionFinancingBorrowingsOutstanding' xlink:type='arc' />
    <link:presentationArc order='50' use='optional' xlink:arcrole='http://www.xbrl.org/2003/arcrole/parent-child' xlink:from='loc_DebtorInPossessionFinancingAbstract' xlink:to='loc_DebtorInPossessionFinancingLettersOfCreditOutstanding' xlink:type='arc' />
    <link:presentationArc order='60' use='optional' xlink:arcrole='http://www.xbrl.org/2003/arcrole/parent-child' xlink:from='loc_DebtorInPossessionFinancingAbstract' xlink:to='loc_DebtorInPossessionFinancingInterestRateOnBorrowingsOutstanding' xlink:type='arc' />
    <link:presentationArc order='70' use='optional' xlink:arcrole='http://www.xbrl.org/2003/arcrole/parent-child' xlink:from='loc_DebtorInPossessionFinancingAbstract' xlink:to='loc_DebtorInPossessionFinancingFeeOnUnusedBorrowings' xlink:type='arc' />
    <link:presentationArc order='80' xlink:arcrole='http://www.xbrl.org/2003/arcrole/parent-child' xlink:from='loc_DebtorInPossessionFinancingAbstract' xlink:to='loc_DebtorReorganizationItemsDebtorInPossessionFacilityFinancingCosts' xlink:type='arc' />
    <link:presentationArc order='50' use='optional' xlink:arcrole='http://www.xbrl.org/2003/arcrole/parent-child' xlink:from='loc_ReorganizationUnderChapter11OfUSBankruptcyCodeDisclosureTextBlock' xlink:to='loc_FinancialStatementPresentationWhileInChapter11Abstract' xlink:type='arc' />
    <link:presentationArc order='10' use='optional' xlink:arcrole='http://www.xbrl.org/2003/arcrole/parent-child' xlink:from='loc_FinancialStatementPresentationWhileInChapter11Abstract' xlink:to='loc_ContractualInterestExpenseOnPrepetitionLiabilitiesNotRecognizedInStatementOfOperations' xlink:type='arc' />
    <link:presentationArc order='20' use='optional' xlink:arcrole='http://www.xbrl.org/2003/arcrole/parent-child' xlink:from='loc_FinancialStatementPresentationWhileInChapter11Abstract' xlink:to='loc_InterestExpenseOnPrepetitionLiabilitiesRecognizedInStatementOfOperations' xlink:type='arc' />
    <link:presentationArc order='30' xlink:arcrole='http://www.xbrl.org/2003/arcrole/parent-child' xlink:from='loc_FinancialStatementPresentationWhileInChapter11Abstract' xlink:to='loc_LiabilitiesSubjectToCompromiseDisclosuresAbstract' xlink:type='arc' />
    <link:presentationArc order='10' xlink:arcrole='http://www.xbrl.org/2003/arcrole/parent-child' xlink:from='loc_LiabilitiesSubjectToCompromiseDisclosuresAbstract' xlink:to='loc_LiabilitiesSubjectToCompromiseAbstract' xlink:type='arc' />
    <link:presentationArc order='10' xlink:arcrole='http://www.xbrl.org/2003/arcrole/parent-child' xlink:from='loc_LiabilitiesSubjectToCompromiseAbstract' xlink:to='loc_LiabilitiesSubjectToCompromiseProvisionForExpectedAndAllowedClaims' xlink:type='arc' />
    <link:presentationArc order='20' xlink:arcrole='http://www.xbrl.org/2003/arcrole/parent-child' xlink:from='loc_LiabilitiesSubjectToCompromiseAbstract' xlink:to='loc_LiabilitiesSubjectToCompromiseAccountsPayableAndAccruedLiabilities' xlink:type='arc' />
    <link:presentationArc order='30' xlink:arcrole='http://www.xbrl.org/2003/arcrole/parent-child' xlink:from='loc_LiabilitiesSubjectToCompromiseAbstract' xlink:to='loc_LiabilitiesSubjectToCompromisePensionAndOtherPostretirementObligations' xlink:type='arc' />
    <link:presentationArc order='40' xlink:arcrole='http://www.xbrl.org/2003/arcrole/parent-child' xlink:from='loc_LiabilitiesSubjectToCompromiseAbstract' xlink:to='loc_LiabilitiesSubjectToCompromiseDebtAndAccruedInterest' xlink:type='arc' />
    <link:presentationArc order='50' xlink:arcrole='http://www.xbrl.org/2003/arcrole/parent-child' xlink:from='loc_LiabilitiesSubjectToCompromiseAbstract' xlink:to='loc_LiabilitiesSubjectToCompromiseAsbestosObligations' xlink:type='arc' />
    <link:presentationArc order='60' xlink:arcrole='http://www.xbrl.org/2003/arcrole/parent-child' xlink:from='loc_LiabilitiesSubjectToCompromiseAbstract' xlink:to='loc_LiabilitiesSubjectToCompromiseEnvironmentalContingencies' xlink:type='arc' />
    <link:presentationArc order='70' xlink:arcrole='http://www.xbrl.org/2003/arcrole/parent-child' xlink:from='loc_LiabilitiesSubjectToCompromiseAbstract' xlink:to='loc_LiabilitiesSubjectToCompromiseIncomeTaxContingencies' xlink:type='arc' />
    <link:presentationArc order='80' xlink:arcrole='http://www.xbrl.org/2003/arcrole/parent-child' xlink:from='loc_LiabilitiesSubjectToCompromiseAbstract' xlink:to='loc_LiabilitiesSubjectToCompromiseEarlyContractTerminationFees' xlink:type='arc' />
    <link:presentationArc order='90' xlink:arcrole='http://www.xbrl.org/2003/arcrole/parent-child' xlink:from='loc_LiabilitiesSubjectToCompromiseAbstract' xlink:to='loc_LiabilitiesSubjectToCompromiseEmployeeAndDeemedClaims' xlink:type='arc' />
    <link:presentationArc order='100' xlink:arcrole='http://www.xbrl.org/2003/arcrole/parent-child' xlink:from='loc_LiabilitiesSubjectToCompromiseAbstract' xlink:to='loc_LiabilitiesSubjectToCompromiseRetainedObligationOfDivestedBusinesses' xlink:type='arc' />
    <link:presentationArc order='110' xlink:arcrole='http://www.xbrl.org/2003/arcrole/parent-child' xlink:from='loc_LiabilitiesSubjectToCompromiseAbstract' xlink:to='loc_LiabilitiesSubjectToCompromiseOtherLiabilities' xlink:type='arc' />
    <link:presentationArc order='120' preferredLabel='http://www.xbrl.org/2003/role/totalLabel' xlink:arcrole='http://www.xbrl.org/2003/arcrole/parent-child' xlink:from='loc_LiabilitiesSubjectToCompromiseAbstract' xlink:to='loc_LiabilitiesSubjectToCompromise' xlink:type='arc' />
    <link:presentationArc order='20' xlink:arcrole='http://www.xbrl.org/2003/arcrole/parent-child' xlink:from='loc_LiabilitiesSubjectToCompromiseDisclosuresAbstract' xlink:to='loc_LiabilitiesSubjectToCompromisePeriodIncreaseDecreaseRollForward' xlink:type='arc' />
    <link:presentationArc order='10' preferredLabel='http://www.xbrl.org/2003/role/periodStartLabel' xlink:arcrole='http://www.xbrl.org/2003/arcrole/parent-child' xlink:from='loc_LiabilitiesSubjectToCompromisePeriodIncreaseDecreaseRollForward' xlink:to='loc_LiabilitiesSubjectToCompromise' xlink:type='arc' />
    <link:presentationArc order='20' xlink:arcrole='http://www.xbrl.org/2003/arcrole/parent-child' xlink:from='loc_LiabilitiesSubjectToCompromisePeriodIncreaseDecreaseRollForward' xlink:to='loc_LiabilitiesSubjectToCompromiseExpenseReversalOfExpenseForLiabilities' xlink:type='arc' />
    <link:presentationArc order='30' xlink:arcrole='http://www.xbrl.org/2003/arcrole/parent-child' xlink:from='loc_LiabilitiesSubjectToCompromisePeriodIncreaseDecreaseRollForward' xlink:to='loc_LiabilitiesSubjectToCompromisePaymentsUnderBankruptcyCourtOrderForFreightAndDistributionCosts' xlink:type='arc' />
    <link:presentationArc order='40' xlink:arcrole='http://www.xbrl.org/2003/arcrole/parent-child' xlink:from='loc_LiabilitiesSubjectToCompromisePeriodIncreaseDecreaseRollForward' xlink:to='loc_LiabilitiesSubjectToCompromisePaymentsUnderBankruptcyCourtOrderForTradeAccountsPayable' xlink:type='arc' />
    <link:presentationArc order='50' xlink:arcrole='http://www.xbrl.org/2003/arcrole/parent-child' xlink:from='loc_LiabilitiesSubjectToCompromisePeriodIncreaseDecreaseRollForward' xlink:to='loc_LiabilitiesSubjectToCompromisePaymentsUnderBankruptcyCourtOrderForResolutionsOfContingenciesSubjectToChapter11' xlink:type='arc' />
    <link:presentationArc order='60' xlink:arcrole='http://www.xbrl.org/2003/arcrole/parent-child' xlink:from='loc_LiabilitiesSubjectToCompromisePeriodIncreaseDecreaseRollForward' xlink:to='loc_LiabilitiesSubjectToCompromisePaymentsUnderBankruptcyCourtOrderForOtherLiabilities' xlink:type='arc' />
    <link:presentationArc order='70' xlink:arcrole='http://www.xbrl.org/2003/arcrole/parent-child' xlink:from='loc_LiabilitiesSubjectToCompromisePeriodIncreaseDecreaseRollForward' xlink:to='loc_LiabilitiesSubjectToCompromiseIncreaseDecreaseUnderBankruptcyCourtOrderReclassifications' xlink:type='arc' />
    <link:presentationArc order='80' preferredLabel='http://www.xbrl.org/2003/role/totalLabel' xlink:arcrole='http://www.xbrl.org/2003/arcrole/parent-child' xlink:from='loc_LiabilitiesSubjectToCompromisePeriodIncreaseDecreaseRollForward' xlink:to='loc_LiabilitiesSubjectToCompromisePeriodIncreaseDecrease' xlink:type='arc' />
    <link:presentationArc order='90' preferredLabel='http://www.xbrl.org/2003/role/periodEndLabel' xlink:arcrole='http://www.xbrl.org/2003/arcrole/parent-child' xlink:from='loc_LiabilitiesSubjectToCompromisePeriodIncreaseDecreaseRollForward' xlink:to='loc_LiabilitiesSubjectToCompromise_1' xlink:type='arc' />
    <link:presentationArc order='30' xlink:arcrole='http://www.xbrl.org/2003/arcrole/parent-child' xlink:from='loc_LiabilitiesSubjectToCompromiseDisclosuresAbstract' xlink:to='loc_LiabilitiesSubjectToCompromiseProvisionForClaimsNotEstimable' xlink:type='arc' />
    <link:presentationArc order='40' xlink:arcrole='http://www.xbrl.org/2003/arcrole/parent-child' xlink:from='loc_FinancialStatementPresentationWhileInChapter11Abstract' xlink:to='loc_ReorganizationUnderChapter11BankruptcyIssuanceOfCommonStock' xlink:type='arc' />
    <link:presentationArc order='60' xlink:arcrole='http://www.xbrl.org/2003/arcrole/parent-child' xlink:from='loc_ReorganizationUnderChapter11OfUSBankruptcyCodeDisclosureTextBlock' xlink:to='loc_ReorganizationItemsAbstract' xlink:type='arc' />
    <link:presentationArc order='10' xlink:arcrole='http://www.xbrl.org/2003/arcrole/parent-child' xlink:from='loc_ReorganizationItemsAbstract' xlink:to='loc_DebtorReorganizationItemsProvisionForExpectedAllowedClaims' xlink:type='arc' />
    <link:presentationArc order='20' xlink:arcrole='http://www.xbrl.org/2003/arcrole/parent-child' xlink:from='loc_ReorganizationItemsAbstract' xlink:to='loc_DebtorReorganizationItemsDischargeOfClaimsAndLiabilities' xlink:type='arc' />
    <link:presentationArc order='30' xlink:arcrole='http://www.xbrl.org/2003/arcrole/parent-child' xlink:from='loc_ReorganizationItemsAbstract' xlink:to='loc_DebtorReorganizationItemsLegalAndAdvisoryProfessionalFees' xlink:type='arc' />
    <link:presentationArc order='40' xlink:arcrole='http://www.xbrl.org/2003/arcrole/parent-child' xlink:from='loc_ReorganizationItemsAbstract' xlink:to='loc_DebtorReorganizationItemsNetGainLossOnRejectionOfLeasesAndOtherExecutoryContracts1' xlink:type='arc' />
    <link:presentationArc order='50' xlink:arcrole='http://www.xbrl.org/2003/arcrole/parent-child' xlink:from='loc_ReorganizationItemsAbstract' xlink:to='loc_DebtorReorganizationItemsEmployeeRelatedCharges' xlink:type='arc' />
    <link:presentationArc order='60' xlink:arcrole='http://www.xbrl.org/2003/arcrole/parent-child' xlink:from='loc_ReorganizationItemsAbstract' xlink:to='loc_DebtorReorganizationItemsRetireeRelatedCharges' xlink:type='arc' />
    <link:presentationArc order='70' xlink:arcrole='http://www.xbrl.org/2003/arcrole/parent-child' xlink:from='loc_ReorganizationItemsAbstract' xlink:to='loc_DebtorReorganizationItemsPensionAndOtherPostretirementRelatedCharges' xlink:type='arc' />
    <link:presentationArc order='80' xlink:arcrole='http://www.xbrl.org/2003/arcrole/parent-child' xlink:from='loc_ReorganizationItemsAbstract' xlink:to='loc_DebtorReorganizationItemsGainLossOnSettlementOfOtherClaimsNet1' xlink:type='arc' />
    <link:presentationArc order='90' xlink:arcrole='http://www.xbrl.org/2003/arcrole/parent-child' xlink:from='loc_ReorganizationItemsAbstract' xlink:to='loc_DebtorReorganizationItemsGainLossOnAssetSalesNet1' xlink:type='arc' />
    <link:presentationArc order='100' xlink:arcrole='http://www.xbrl.org/2003/arcrole/parent-child' xlink:from='loc_ReorganizationItemsAbstract' xlink:to='loc_DebtorReorganizationItemsDebtorInPossessionFacilityFinancingCosts' xlink:type='arc' />
    <link:presentationArc order='110' xlink:arcrole='http://www.xbrl.org/2003/arcrole/parent-child' xlink:from='loc_ReorganizationItemsAbstract' xlink:to='loc_DebtorReorganizationItemsInterestIncomeOnAccumulatedCash1' xlink:type='arc' />
    <link:presentationArc order='120' xlink:arcrole='http://www.xbrl.org/2003/arcrole/parent-child' xlink:from='loc_ReorganizationItemsAbstract' xlink:to='loc_DebtorReorganizationItemsImpairmentLoss' xlink:type='arc' />
    <link:presentationArc order='130' xlink:arcrole='http://www.xbrl.org/2003/arcrole/parent-child' xlink:from='loc_ReorganizationItemsAbstract' xlink:to='loc_DebtorReorganizationItemsRevaluationOfAssetsAndLiabilities' xlink:type='arc' />
    <link:presentationArc order='140' xlink:arcrole='http://www.xbrl.org/2003/arcrole/parent-child' xlink:from='loc_ReorganizationItemsAbstract' xlink:to='loc_DebtorReorganizationItemsOtherExpenseIncome' xlink:type='arc' />
    <link:presentationArc order='150' xlink:arcrole='http://www.xbrl.org/2003/arcrole/parent-child' xlink:from='loc_ReorganizationItemsAbstract' xlink:to='loc_DebtorReorganizationItemsWriteOffOfDeferredFinancingCostsAndDebtDiscounts' xlink:type='arc' />
    <link:presentationArc order='160' xlink:arcrole='http://www.xbrl.org/2003/arcrole/parent-child' xlink:from='loc_ReorganizationItemsAbstract' xlink:to='loc_NondebtorReorganizationItemsLegalAndAdvisoryProfessionalFees' xlink:type='arc' />
    <link:presentationArc order='170' xlink:arcrole='http://www.xbrl.org/2003/arcrole/parent-child' xlink:from='loc_ReorganizationItemsAbstract' xlink:to='loc_NondebtorReorganizationItemsNetGainLossOnSettlementOfOtherClaims1' xlink:type='arc' />
    <link:presentationArc order='180' preferredLabel='http://www.xbrl.org/2003/role/totalLabel' xlink:arcrole='http://www.xbrl.org/2003/arcrole/parent-child' xlink:from='loc_ReorganizationItemsAbstract' xlink:to='loc_ReorganizationItems' xlink:type='arc' />
    <link:presentationArc order='70' use='optional' xlink:arcrole='http://www.xbrl.org/2003/arcrole/parent-child' xlink:from='loc_ReorganizationUnderChapter11OfUSBankruptcyCodeDisclosureTextBlock' xlink:to='loc_FreshStartBalanceSheetAbstract' xlink:type='arc' />
    <link:presentationArc order='10' xlink:arcrole='http://www.xbrl.org/2003/arcrole/parent-child' xlink:from='loc_FreshStartBalanceSheetAbstract' xlink:to='loc_FreshStartBalanceSheetFreshStartBalanceSheetDates' xlink:type='arc' />
    <link:presentationArc order='20' xlink:arcrole='http://www.xbrl.org/2003/arcrole/parent-child' xlink:from='loc_FreshStartBalanceSheetAbstract' xlink:to='loc_FreshStartBalanceSheetProFormaBalanceSheetDates' xlink:type='arc' />
    <link:presentationArc order='30' xlink:arcrole='http://www.xbrl.org/2003/arcrole/parent-child' xlink:from='loc_FreshStartBalanceSheetAbstract' xlink:to='loc_ScheduleOfFreshStartAdjustmentsTextBlock' xlink:type='arc' />
    <link:presentationArc order='10' use='optional' xlink:arcrole='http://www.xbrl.org/2003/arcrole/parent-child' xlink:from='loc_ScheduleOfFreshStartAdjustmentsTextBlock' xlink:to='loc_FreshStartAdjustmentsTable' xlink:type='arc' />
    <link:presentationArc order='10' xlink:arcrole='http://www.xbrl.org/2003/arcrole/parent-child' xlink:from='loc_FreshStartAdjustmentsTable' xlink:to='loc_ConsolidatedEntitiesAxis' xlink:type='arc' />
    <link:presentationArc order='10' xlink:arcrole='http://www.xbrl.org/2003/arcrole/parent-child' xlink:from='loc_ConsolidatedEntitiesAxis' xlink:to='loc_ConsolidatedEntitiesDomain' xlink:type='arc' />
    <link:presentationArc order='10' xlink:arcrole='http://www.xbrl.org/2003/arcrole/parent-child' xlink:from='loc_ConsolidatedEntitiesDomain' xlink:to='loc_ReorganizationChapter11DebtorInPossessionMember' xlink:type='arc' />
    <link:presentationArc order='20' use='optional' xlink:arcrole='http://www.xbrl.org/2003/arcrole/parent-child' xlink:from='loc_FreshStartAdjustmentsTable' xlink:to='loc_FreshStartAdjustmentsTypeOfFreshStartAdjustmentAxis' xlink:type='arc' />
    <link:presentationArc order='10' use='optional' xlink:arcrole='http://www.xbrl.org/2003/arcrole/parent-child' xlink:from='loc_FreshStartAdjustmentsTypeOfFreshStartAdjustmentAxis' xlink:to='loc_TypeOfFreshStartAdjustmentDomain' xlink:type='arc' />
    <link:presentationArc order='10' xlink:arcrole='http://www.xbrl.org/2003/arcrole/parent-child' xlink:from='loc_TypeOfFreshStartAdjustmentDomain' xlink:to='loc_ReorganizationChapter11PredecessorBeforeAdjustmentMember' xlink:type='arc' />
    <link:presentationArc order='20' xlink:arcrole='http://www.xbrl.org/2003/arcrole/parent-child' xlink:from='loc_TypeOfFreshStartAdjustmentDomain' xlink:to='loc_ReorganizationChapter11PlanEffectAdjustmentMember' xlink:type='arc' />
    <link:presentationArc order='10' xlink:arcrole='http://www.xbrl.org/2003/arcrole/parent-child' xlink:from='loc_ReorganizationChapter11PlanEffectAdjustmentMember' xlink:to='loc_DischargeOfDebtMember' xlink:type='arc' />
    <link:presentationArc order='20' xlink:arcrole='http://www.xbrl.org/2003/arcrole/parent-child' xlink:from='loc_ReorganizationChapter11PlanEffectAdjustmentMember' xlink:to='loc_ExchangeOfStockForStockMember' xlink:type='arc' />
    <link:presentationArc order='30' xlink:arcrole='http://www.xbrl.org/2003/arcrole/parent-child' xlink:from='loc_TypeOfFreshStartAdjustmentDomain' xlink:to='loc_ReorganizationChapter11FreshStartAdjustmentMember' xlink:type='arc' />
    <link:presentationArc order='30' xlink:arcrole='http://www.xbrl.org/2003/arcrole/parent-child' xlink:from='loc_FreshStartAdjustmentsTable' xlink:to='loc_ReorganizationChapter11LineItems' xlink:type='arc' />
    <link:presentationArc order='10' xlink:arcrole='http://www.xbrl.org/2003/arcrole/parent-child' xlink:from='loc_ReorganizationChapter11LineItems' xlink:to='loc_Cash' xlink:type='arc' />
    <link:presentationArc order='20' xlink:arcrole='http://www.xbrl.org/2003/arcrole/parent-child' xlink:from='loc_ReorganizationChapter11LineItems' xlink:to='loc_ReceivablesNetCurrent' xlink:type='arc' />
    <link:presentationArc order='30' xlink:arcrole='http://www.xbrl.org/2003/arcrole/parent-child' xlink:from='loc_ReorganizationChapter11LineItems' xlink:to='loc_InventoryNet' xlink:type='arc' />
    <link:presentationArc order='40' xlink:arcrole='http://www.xbrl.org/2003/arcrole/parent-child' xlink:from='loc_ReorganizationChapter11LineItems' xlink:to='loc_AssetsHeldForSaleNotPartOfDisposalGroupCurrent' xlink:type='arc' />
    <link:presentationArc order='50' xlink:arcrole='http://www.xbrl.org/2003/arcrole/parent-child' xlink:from='loc_ReorganizationChapter11LineItems' xlink:to='loc_OtherAssetsCurrent' xlink:type='arc' />
    <link:presentationArc order='60' xlink:arcrole='http://www.xbrl.org/2003/arcrole/parent-child' xlink:from='loc_ReorganizationChapter11LineItems' xlink:to='loc_AssetsCurrent' xlink:type='arc' />
    <link:presentationArc order='70' xlink:arcrole='http://www.xbrl.org/2003/arcrole/parent-child' xlink:from='loc_ReorganizationChapter11LineItems' xlink:to='loc_PropertyPlantAndEquipmentNet' xlink:type='arc' />
    <link:presentationArc order='80' xlink:arcrole='http://www.xbrl.org/2003/arcrole/parent-child' xlink:from='loc_ReorganizationChapter11LineItems' xlink:to='loc_Goodwill' xlink:type='arc' />
    <link:presentationArc order='90' xlink:arcrole='http://www.xbrl.org/2003/arcrole/parent-child' xlink:from='loc_ReorganizationChapter11LineItems' xlink:to='loc_Assets' xlink:type='arc' />
    <link:presentationArc order='100' xlink:arcrole='http://www.xbrl.org/2003/arcrole/parent-child' xlink:from='loc_ReorganizationChapter11LineItems' xlink:to='loc_ShortTermBorrowings' xlink:type='arc' />
    <link:presentationArc order='110' xlink:arcrole='http://www.xbrl.org/2003/arcrole/parent-child' xlink:from='loc_ReorganizationChapter11LineItems' xlink:to='loc_SeniorNotesCurrent' xlink:type='arc' />
    <link:presentationArc order='120' xlink:arcrole='http://www.xbrl.org/2003/arcrole/parent-child' xlink:from='loc_ReorganizationChapter11LineItems' xlink:to='loc_AccountsPayableCurrent' xlink:type='arc' />
    <link:presentationArc order='130' xlink:arcrole='http://www.xbrl.org/2003/arcrole/parent-child' xlink:from='loc_ReorganizationChapter11LineItems' xlink:to='loc_OtherLiabilitiesCurrent' xlink:type='arc' />
    <link:presentationArc order='140' xlink:arcrole='http://www.xbrl.org/2003/arcrole/parent-child' xlink:from='loc_ReorganizationChapter11LineItems' xlink:to='loc_LiabilitiesCurrent' xlink:type='arc' />
    <link:presentationArc order='150' xlink:arcrole='http://www.xbrl.org/2003/arcrole/parent-child' xlink:from='loc_ReorganizationChapter11LineItems' xlink:to='loc_LiabilitiesSubjectToCompromise' xlink:type='arc' />
    <link:presentationArc order='160' xlink:arcrole='http://www.xbrl.org/2003/arcrole/parent-child' xlink:from='loc_ReorganizationChapter11LineItems' xlink:to='loc_SeniorLongTermNotes' xlink:type='arc' />
    <link:presentationArc order='170' xlink:arcrole='http://www.xbrl.org/2003/arcrole/parent-child' xlink:from='loc_ReorganizationChapter11LineItems' xlink:to='loc_SubordinatedLongTermDebt' xlink:type='arc' />
    <link:presentationArc order='180' xlink:arcrole='http://www.xbrl.org/2003/arcrole/parent-child' xlink:from='loc_ReorganizationChapter11LineItems' xlink:to='loc_PreferredStockValue' xlink:type='arc' />
    <link:presentationArc order='190' xlink:arcrole='http://www.xbrl.org/2003/arcrole/parent-child' xlink:from='loc_ReorganizationChapter11LineItems' xlink:to='loc_CommonStockValue' xlink:type='arc' />
    <link:presentationArc order='200' xlink:arcrole='http://www.xbrl.org/2003/arcrole/parent-child' xlink:from='loc_ReorganizationChapter11LineItems' xlink:to='loc_AdditionalPaidInCapital' xlink:type='arc' />
    <link:presentationArc order='210' xlink:arcrole='http://www.xbrl.org/2003/arcrole/parent-child' xlink:from='loc_ReorganizationChapter11LineItems' xlink:to='loc_RetainedEarningsAccumulatedDeficit' xlink:type='arc' />
    <link:presentationArc order='220' xlink:arcrole='http://www.xbrl.org/2003/arcrole/parent-child' xlink:from='loc_ReorganizationChapter11LineItems' xlink:to='loc_StockholdersEquity' xlink:type='arc' />
    <link:presentationArc order='230' xlink:arcrole='http://www.xbrl.org/2003/arcrole/parent-child' xlink:from='loc_ReorganizationChapter11LineItems' xlink:to='loc_LiabilitiesAndStockholdersEquity' xlink:type='arc' />
    <link:presentationArc order='240' xlink:arcrole='http://www.xbrl.org/2003/arcrole/parent-child' xlink:from='loc_ReorganizationChapter11LineItems' xlink:to='loc_ReorganizationChapter11DebtorInPossessionAllEntities' xlink:type='arc' />
    <link:presentationArc order='80' xlink:arcrole='http://www.xbrl.org/2003/arcrole/parent-child' xlink:from='loc_ReorganizationUnderChapter11OfUSBankruptcyCodeDisclosureTextBlock' xlink:to='loc_ReorganizationValueDisclosuresAbstract' xlink:type='arc' />
    <link:presentationArc order='10' xlink:arcrole='http://www.xbrl.org/2003/arcrole/parent-child' xlink:from='loc_ReorganizationValueDisclosuresAbstract' xlink:to='loc_ReorganizationValueMethodologyAndAssumptions' xlink:type='arc' />
    <link:presentationArc order='20' xlink:arcrole='http://www.xbrl.org/2003/arcrole/parent-child' xlink:from='loc_ReorganizationValueDisclosuresAbstract' xlink:to='loc_ReorganizationValueAbstract' xlink:type='arc' />
    <link:presentationArc order='10' use='optional' xlink:arcrole='http://www.xbrl.org/2003/arcrole/parent-child' xlink:from='loc_ReorganizationValueAbstract' xlink:to='loc_ReorganizationValueCashInExcessOfNormalOperatingNeeds' xlink:type='arc' />
    <link:presentationArc order='20' use='optional' xlink:arcrole='http://www.xbrl.org/2003/arcrole/parent-child' xlink:from='loc_ReorganizationValueAbstract' xlink:to='loc_ReorganizationValueNetRealizableValueOfAssetDispositions' xlink:type='arc' />
    <link:presentationArc order='30' use='optional' xlink:arcrole='http://www.xbrl.org/2003/arcrole/parent-child' xlink:from='loc_ReorganizationValueAbstract' xlink:to='loc_ReorganizationValuePresentValueOfDiscountedCashFlowsOfEmergingEntity' xlink:type='arc' />
    <link:presentationArc order='40' preferredLabel='http://www.xbrl.org/2003/role/totalLabel' use='optional' xlink:arcrole='http://www.xbrl.org/2003/arcrole/parent-child' xlink:from='loc_ReorganizationValueAbstract' xlink:to='loc_ReorganizationValue' xlink:type='arc' />
  </link:presentationLink>
</link:linkbase>
