<?xml version='1.0' encoding='UTF-8'?>

<!--
(c) 2010-2025 Financial Accounting Foundation; (c) 2007-2010 XBRL US, Inc.  All Rights Reserved.
Notice: Authorized Uses are Set Forth at https://xbrl.fasb.org/terms/TaxonomiesTermsConditions.html
  -->
<link:linkbase xmlns:link='http://www.xbrl.org/2003/linkbase' xmlns:xlink='http://www.w3.org/1999/xlink' xmlns:xsi='http://www.w3.org/2001/XMLSchema-instance' xsi:schemaLocation='http://www.xbrl.org/2003/linkbase http://www.xbrl.org/2003/xbrl-linkbase-2003-12-31.xsd'>
  <link:roleRef roleURI='http://fasb.org/us-gaap/role/disclosure/RevenuefromContractswithCustomers' xlink:href='../elts/us-roles-2025.xsd#rcc' xlink:type='simple' />
  <link:presentationLink xlink:role='http://fasb.org/us-gaap/role/disclosure/RevenuefromContractswithCustomers' xlink:type='extended'>
    <link:loc xlink:href='../elts/us-gaap-2025.xsd#us-gaap_RevenueFromContractWithCustomerAbstract' xlink:label='loc_RevenueFromContractWithCustomerAbstract' xlink:type='locator' />
    <link:loc xlink:href='../elts/us-gaap-2025.xsd#us-gaap_RevenueFromContractWithCustomerTextBlock' xlink:label='loc_RevenueFromContractWithCustomerTextBlock' xlink:type='locator' />
    <link:loc xlink:href='../elts/us-gaap-2025.xsd#us-gaap_DisaggregationOfRevenueAbstract' xlink:label='loc_DisaggregationOfRevenueAbstract' xlink:type='locator' />
    <link:loc xlink:href='../elts/us-gaap-2025.xsd#us-gaap_DisaggregationOfRevenueTableTextBlock' xlink:label='loc_DisaggregationOfRevenueTableTextBlock' xlink:type='locator' />
    <link:loc xlink:href='../elts/us-gaap-2025.xsd#us-gaap_DisaggregationOfRevenueTable' xlink:label='loc_DisaggregationOfRevenueTable' xlink:type='locator' />
    <link:loc xlink:href='https://xbrl.fasb.org/srt/2025/elts/srt-2025.xsd#srt_ProductOrServiceAxis' xlink:label='loc_ProductOrServiceAxis' xlink:type='locator' />
    <link:loc xlink:href='https://xbrl.fasb.org/srt/2025/elts/srt-2025.xsd#srt_ProductsAndServicesDomain' xlink:label='loc_ProductsAndServicesDomain' xlink:type='locator' />
    <link:loc xlink:href='https://xbrl.fasb.org/srt/2025/elts/srt-2025.xsd#srt_StatementGeographicalAxis' xlink:label='loc_StatementGeographicalAxis' xlink:type='locator' />
    <link:loc xlink:href='https://xbrl.fasb.org/srt/2025/elts/srt-2025.xsd#srt_SegmentGeographicalDomain' xlink:label='loc_SegmentGeographicalDomain' xlink:type='locator' />
    <link:loc xlink:href='https://xbrl.fasb.org/srt/2025/elts/srt-2025.xsd#srt_AmericasMember' xlink:label='loc_AmericasMember' xlink:type='locator' />
    <link:loc xlink:href='https://xbrl.fasb.org/srt/2025/elts/srt-2025.xsd#srt_CentralAmericaMember' xlink:label='loc_CentralAmericaMember' xlink:type='locator' />
    <link:loc xlink:href='https://xbrl.fasb.org/srt/2025/elts/srt-2025.xsd#srt_NorthAmericaMember' xlink:label='loc_NorthAmericaMember' xlink:type='locator' />
    <link:loc xlink:href='../elts/us-gaap-2025.xsd#us-gaap_EastRegionMember' xlink:label='loc_EastRegionMember' xlink:type='locator' />
    <link:loc xlink:href='../elts/us-gaap-2025.xsd#us-gaap_MidwestRegionMember' xlink:label='loc_MidwestRegionMember' xlink:type='locator' />
    <link:loc xlink:href='../elts/us-gaap-2025.xsd#us-gaap_NorthRegionMember' xlink:label='loc_NorthRegionMember' xlink:type='locator' />
    <link:loc xlink:href='../elts/us-gaap-2025.xsd#us-gaap_NortheastRegionMember' xlink:label='loc_NortheastRegionMember' xlink:type='locator' />
    <link:loc xlink:href='../elts/us-gaap-2025.xsd#us-gaap_NorthwestRegionMember' xlink:label='loc_NorthwestRegionMember' xlink:type='locator' />
    <link:loc xlink:href='../elts/us-gaap-2025.xsd#us-gaap_SouthRegionMember' xlink:label='loc_SouthRegionMember' xlink:type='locator' />
    <link:loc xlink:href='../elts/us-gaap-2025.xsd#us-gaap_SoutheastRegionMember' xlink:label='loc_SoutheastRegionMember' xlink:type='locator' />
    <link:loc xlink:href='../elts/us-gaap-2025.xsd#us-gaap_SouthwestRegionMember' xlink:label='loc_SouthwestRegionMember' xlink:type='locator' />
    <link:loc xlink:href='../elts/us-gaap-2025.xsd#us-gaap_WestRegionMember' xlink:label='loc_WestRegionMember' xlink:type='locator' />
    <link:loc xlink:href='https://xbrl.fasb.org/srt/2025/elts/srt-2025.xsd#srt_SouthAmericaMember' xlink:label='loc_SouthAmericaMember' xlink:type='locator' />
    <link:loc xlink:href='https://xbrl.fasb.org/srt/2025/elts/srt-2025.xsd#srt_AsiaMember' xlink:label='loc_AsiaMember' xlink:type='locator' />
    <link:loc xlink:href='https://xbrl.fasb.org/srt/2025/elts/srt-2025.xsd#srt_AsiaPacificMember' xlink:label='loc_AsiaPacificMember' xlink:type='locator' />
    <link:loc xlink:href='../elts/us-gaap-2025.xsd#us-gaap_EMEAMember' xlink:label='loc_EMEAMember' xlink:type='locator' />
    <link:loc xlink:href='https://xbrl.fasb.org/srt/2025/elts/srt-2025.xsd#srt_AfricaMember' xlink:label='loc_AfricaMember' xlink:type='locator' />
    <link:loc xlink:href='https://xbrl.fasb.org/srt/2025/elts/srt-2025.xsd#srt_EuropeMember' xlink:label='loc_EuropeMember' xlink:type='locator' />
    <link:loc xlink:href='../elts/us-gaap-2025.xsd#us-gaap_MiddleEastMember' xlink:label='loc_MiddleEastMember' xlink:type='locator' />
    <link:loc xlink:href='../elts/us-gaap-2025.xsd#us-gaap_EuropeanUnionMember' xlink:label='loc_EuropeanUnionMember' xlink:type='locator' />
    <link:loc xlink:href='https://xbrl.fasb.org/srt/2025/elts/srt-2025.xsd#srt_LatinAmericaMember' xlink:label='loc_LatinAmericaMember' xlink:type='locator' />
    <link:loc xlink:href='../elts/us-gaap-2025.xsd#us-gaap_NonUsMember' xlink:label='loc_NonUsMember' xlink:type='locator' />
    <link:loc xlink:href='../elts/us-gaap-2025.xsd#us-gaap_ContractWithCustomerBasisOfPricingAxis' xlink:label='loc_ContractWithCustomerBasisOfPricingAxis' xlink:type='locator' />
    <link:loc xlink:href='../elts/us-gaap-2025.xsd#us-gaap_ContractWithCustomerBasisOfPricingDomain' xlink:label='loc_ContractWithCustomerBasisOfPricingDomain' xlink:type='locator' />
    <link:loc xlink:href='../elts/us-gaap-2025.xsd#us-gaap_FixedPriceContractMember' xlink:label='loc_FixedPriceContractMember' xlink:type='locator' />
    <link:loc xlink:href='../elts/us-gaap-2025.xsd#us-gaap_TimeAndMaterialsContractMember' xlink:label='loc_TimeAndMaterialsContractMember' xlink:type='locator' />
    <link:loc xlink:href='../elts/us-gaap-2025.xsd#us-gaap_ContractWithCustomerDurationAxis' xlink:label='loc_ContractWithCustomerDurationAxis' xlink:type='locator' />
    <link:loc xlink:href='../elts/us-gaap-2025.xsd#us-gaap_ContractWithCustomerDurationDomain' xlink:label='loc_ContractWithCustomerDurationDomain' xlink:type='locator' />
    <link:loc xlink:href='../elts/us-gaap-2025.xsd#us-gaap_ShortTermContractWithCustomerMember' xlink:label='loc_ShortTermContractWithCustomerMember' xlink:type='locator' />
    <link:loc xlink:href='../elts/us-gaap-2025.xsd#us-gaap_LongTermContractWithCustomerMember' xlink:label='loc_LongTermContractWithCustomerMember' xlink:type='locator' />
    <link:loc xlink:href='../elts/us-gaap-2025.xsd#us-gaap_TimingOfTransferOfGoodOrServiceAxis' xlink:label='loc_TimingOfTransferOfGoodOrServiceAxis' xlink:type='locator' />
    <link:loc xlink:href='../elts/us-gaap-2025.xsd#us-gaap_TimingOfTransferOfGoodOrServiceDomain' xlink:label='loc_TimingOfTransferOfGoodOrServiceDomain' xlink:type='locator' />
    <link:loc xlink:href='../elts/us-gaap-2025.xsd#us-gaap_TransferredAtPointInTimeMember' xlink:label='loc_TransferredAtPointInTimeMember' xlink:type='locator' />
    <link:loc xlink:href='../elts/us-gaap-2025.xsd#us-gaap_TransferredOverTimeMember' xlink:label='loc_TransferredOverTimeMember' xlink:type='locator' />
    <link:loc xlink:href='../elts/us-gaap-2025.xsd#us-gaap_ContractWithCustomerSalesChannelAxis' xlink:label='loc_ContractWithCustomerSalesChannelAxis' xlink:type='locator' />
    <link:loc xlink:href='../elts/us-gaap-2025.xsd#us-gaap_ContractWithCustomerSalesChannelDomain' xlink:label='loc_ContractWithCustomerSalesChannelDomain' xlink:type='locator' />
    <link:loc xlink:href='../elts/us-gaap-2025.xsd#us-gaap_SalesChannelDirectlyToConsumerMember' xlink:label='loc_SalesChannelDirectlyToConsumerMember' xlink:type='locator' />
    <link:loc xlink:href='../elts/us-gaap-2025.xsd#us-gaap_SalesChannelThroughIntermediaryMember' xlink:label='loc_SalesChannelThroughIntermediaryMember' xlink:type='locator' />
    <link:loc xlink:href='https://xbrl.fasb.org/srt/2025/elts/srt-2025.xsd#srt_MajorCustomersAxis' xlink:label='loc_MajorCustomersAxis' xlink:type='locator' />
    <link:loc xlink:href='https://xbrl.fasb.org/srt/2025/elts/srt-2025.xsd#srt_NameOfMajorCustomerDomain' xlink:label='loc_NameOfMajorCustomerDomain' xlink:type='locator' />
    <link:loc xlink:href='../elts/us-gaap-2025.xsd#us-gaap_HealthCareOrganizationRevenueSourcesAxis' xlink:label='loc_HealthCareOrganizationRevenueSourcesAxis' xlink:type='locator' />
    <link:loc xlink:href='../elts/us-gaap-2025.xsd#us-gaap_HealthCareOrganizationRevenueSourcesDomain' xlink:label='loc_HealthCareOrganizationRevenueSourcesDomain' xlink:type='locator' />
    <link:loc xlink:href='../elts/us-gaap-2025.xsd#us-gaap_ThirdPartyPayorMember' xlink:label='loc_ThirdPartyPayorMember' xlink:type='locator' />
    <link:loc xlink:href='../elts/us-gaap-2025.xsd#us-gaap_SelfPayMember' xlink:label='loc_SelfPayMember' xlink:type='locator' />
    <link:loc xlink:href='../elts/us-gaap-2025.xsd#us-gaap_DisaggregationOfRevenueLineItems' xlink:label='loc_DisaggregationOfRevenueLineItems' xlink:type='locator' />
    <link:loc xlink:href='../elts/us-gaap-2025.xsd#us-gaap_RevenueFromContractWithCustomerIncludingAssessedTax' xlink:label='loc_RevenueFromContractWithCustomerIncludingAssessedTax' xlink:type='locator' />
    <link:loc xlink:href='../elts/us-gaap-2025.xsd#us-gaap_ExciseAndSalesTaxes' xlink:label='loc_ExciseAndSalesTaxes' xlink:type='locator' />
    <link:loc xlink:href='../elts/us-gaap-2025.xsd#us-gaap_RevenueFromContractWithCustomerExcludingAssessedTax' xlink:label='loc_RevenueFromContractWithCustomerExcludingAssessedTax' xlink:type='locator' />
    <link:loc xlink:href='../elts/us-gaap-2025.xsd#us-gaap_ForInformationOnUsingExtensibleEnumerationElementsSeeGuideAtLinkInTinPartUriGuidance' xlink:label='loc_ForInformationOnUsingExtensibleEnumerationElementsSeeGuideAtLinkInTinPartUriGuidance' xlink:type='locator' />
    <link:loc xlink:href='../elts/us-gaap-2025.xsd#us-gaap_RevenueFromContractWithCustomerProductAndServiceExtensibleList' xlink:label='loc_RevenueFromContractWithCustomerProductAndServiceExtensibleList' xlink:type='locator' />
    <link:loc xlink:href='../elts/us-gaap-2025.xsd#us-gaap_RevenueFromContractWithCustomerGeographicalExtensibleList' xlink:label='loc_RevenueFromContractWithCustomerGeographicalExtensibleList' xlink:type='locator' />
    <link:loc xlink:href='../elts/us-gaap-2025.xsd#us-gaap_RevenueFromContractWithCustomerBasisOfPricingExtensibleList' xlink:label='loc_RevenueFromContractWithCustomerBasisOfPricingExtensibleList' xlink:type='locator' />
    <link:loc xlink:href='../elts/us-gaap-2025.xsd#us-gaap_RevenueFromContractWithCustomerDurationExtensibleList' xlink:label='loc_RevenueFromContractWithCustomerDurationExtensibleList' xlink:type='locator' />
    <link:loc xlink:href='../elts/us-gaap-2025.xsd#us-gaap_RevenueFromContractWithCustomerTimingOfTransferOfGoodOrServiceExtensibleList' xlink:label='loc_RevenueFromContractWithCustomerTimingOfTransferOfGoodOrServiceExtensibleList' xlink:type='locator' />
    <link:loc xlink:href='../elts/us-gaap-2025.xsd#us-gaap_RevenueFromContractWithCustomerSalesChannelExtensibleList' xlink:label='loc_RevenueFromContractWithCustomerSalesChannelExtensibleList' xlink:type='locator' />
    <link:loc xlink:href='../elts/us-gaap-2025.xsd#us-gaap_ContractWithCustomerAssetAndLiabilityAbstract' xlink:label='loc_ContractWithCustomerAssetAndLiabilityAbstract' xlink:type='locator' />
    <link:loc xlink:href='../elts/us-gaap-2025.xsd#us-gaap_ContractWithCustomerAssetAndLiabilityTableTextBlock' xlink:label='loc_ContractWithCustomerAssetAndLiabilityTableTextBlock' xlink:type='locator' />
    <link:loc xlink:href='../elts/us-gaap-2025.xsd#us-gaap_ChangeInContractWithCustomerAssetAndLiabilityAbstract' xlink:label='loc_ChangeInContractWithCustomerAssetAndLiabilityAbstract' xlink:type='locator' />
    <link:loc xlink:href='../elts/us-gaap-2025.xsd#us-gaap_ContractWithCustomerPerformanceObligationSatisfiedInPreviousPeriod' xlink:label='loc_ContractWithCustomerPerformanceObligationSatisfiedInPreviousPeriod' xlink:type='locator' />
    <link:loc xlink:href='../elts/us-gaap-2025.xsd#us-gaap_ContractWithCustomerTimingOfSatisfactionOfPerformanceObligationAndPayment' xlink:label='loc_ContractWithCustomerTimingOfSatisfactionOfPerformanceObligationAndPayment' xlink:type='locator' />
    <link:loc xlink:href='../elts/us-gaap-2025.xsd#us-gaap_ContractWithCustomerAssetExplanationOfChange' xlink:label='loc_ContractWithCustomerAssetExplanationOfChange' xlink:type='locator' />
    <link:loc xlink:href='../elts/us-gaap-2025.xsd#us-gaap_ContractWithCustomerLiabilityExplanationOfChange' xlink:label='loc_ContractWithCustomerLiabilityExplanationOfChange' xlink:type='locator' />
    <link:loc xlink:href='../elts/us-gaap-2025.xsd#us-gaap_ChangeInContractWithCustomerAssetAbstract' xlink:label='loc_ChangeInContractWithCustomerAssetAbstract' xlink:type='locator' />
    <link:loc xlink:href='../elts/us-gaap-2025.xsd#us-gaap_ContractWithCustomerAssetIncreaseDecreaseForContractAcquiredInBusinessCombination' xlink:label='loc_ContractWithCustomerAssetIncreaseDecreaseForContractAcquiredInBusinessCombination' xlink:type='locator' />
    <link:loc xlink:href='../elts/us-gaap-2025.xsd#us-gaap_ContractWithCustomerAssetCumulativeCatchUpAdjustmentToRevenueChangeInMeasureOfProgress' xlink:label='loc_ContractWithCustomerAssetCumulativeCatchUpAdjustmentToRevenueChangeInMeasureOfProgress' xlink:type='locator' />
    <link:loc xlink:href='../elts/us-gaap-2025.xsd#us-gaap_ContractWithCustomerAssetCumulativeCatchUpAdjustmentToRevenueChangeInEstimateOfTransactionPrice' xlink:label='loc_ContractWithCustomerAssetCumulativeCatchUpAdjustmentToRevenueChangeInEstimateOfTransactionPrice' xlink:type='locator' />
    <link:loc xlink:href='../elts/us-gaap-2025.xsd#us-gaap_ContractWithCustomerAssetCumulativeCatchUpAdjustmentToRevenueModificationOfContract' xlink:label='loc_ContractWithCustomerAssetCumulativeCatchUpAdjustmentToRevenueModificationOfContract' xlink:type='locator' />
    <link:loc xlink:href='../elts/us-gaap-2025.xsd#us-gaap_ContractWithCustomerAssetCreditLossExpense' xlink:label='loc_ContractWithCustomerAssetCreditLossExpense' xlink:type='locator' />
    <link:loc xlink:href='../elts/us-gaap-2025.xsd#us-gaap_ContractWithCustomerAssetReclassifiedToReceivable' xlink:label='loc_ContractWithCustomerAssetReclassifiedToReceivable' xlink:type='locator' />
    <link:loc xlink:href='../elts/us-gaap-2025.xsd#us-gaap_ChangeInContractWithCustomerLiabilityAbstract' xlink:label='loc_ChangeInContractWithCustomerLiabilityAbstract' xlink:type='locator' />
    <link:loc xlink:href='../elts/us-gaap-2025.xsd#us-gaap_ContractWithCustomerLiabilityRevenueRecognized' xlink:label='loc_ContractWithCustomerLiabilityRevenueRecognized' xlink:type='locator' />
    <link:loc xlink:href='../elts/us-gaap-2025.xsd#us-gaap_ContractWithCustomerLiabilityIncreaseDecreaseForContractAcquiredInBusinessCombination' xlink:label='loc_ContractWithCustomerLiabilityIncreaseDecreaseForContractAcquiredInBusinessCombination' xlink:type='locator' />
    <link:loc xlink:href='../elts/us-gaap-2025.xsd#us-gaap_ContractWithCustomerLiabilityCumulativeCatchUpAdjustmentToRevenueChangeInMeasureOfProgress' xlink:label='loc_ContractWithCustomerLiabilityCumulativeCatchUpAdjustmentToRevenueChangeInMeasureOfProgress' xlink:type='locator' />
    <link:loc xlink:href='../elts/us-gaap-2025.xsd#us-gaap_ContractWithCustomerLiabilityCumulativeCatchUpAdjustmentToRevenueChangeInEstimateOfTransactionPrice' xlink:label='loc_ContractWithCustomerLiabilityCumulativeCatchUpAdjustmentToRevenueChangeInEstimateOfTransactionPrice' xlink:type='locator' />
    <link:loc xlink:href='../elts/us-gaap-2025.xsd#us-gaap_ContractWithCustomerLiabilityCumulativeCatchUpAdjustmentToRevenueModificationOfContract' xlink:label='loc_ContractWithCustomerLiabilityCumulativeCatchUpAdjustmentToRevenueModificationOfContract' xlink:type='locator' />
    <link:loc xlink:href='../elts/us-gaap-2025.xsd#us-gaap_ContractWithCustomerLiabilityChangeInTimeframePerformanceObligationSatisfiedRevenueRecognized' xlink:label='loc_ContractWithCustomerLiabilityChangeInTimeframePerformanceObligationSatisfiedRevenueRecognized' xlink:type='locator' />
    <link:loc xlink:href='../elts/us-gaap-2025.xsd#us-gaap_ContractWithCustomerAssetNetAbstract' xlink:label='loc_ContractWithCustomerAssetNetAbstract' xlink:type='locator' />
    <link:loc xlink:href='../elts/us-gaap-2025.xsd#us-gaap_ContractWithCustomerAssetGross' xlink:label='loc_ContractWithCustomerAssetGross' xlink:type='locator' />
    <link:loc xlink:href='../elts/us-gaap-2025.xsd#us-gaap_ContractWithCustomerAssetAccumulatedAllowanceForCreditLoss' xlink:label='loc_ContractWithCustomerAssetAccumulatedAllowanceForCreditLoss' xlink:type='locator' />
    <link:loc xlink:href='../elts/us-gaap-2025.xsd#us-gaap_ContractWithCustomerAssetNet' xlink:label='loc_ContractWithCustomerAssetNet' xlink:type='locator' />
    <link:loc xlink:href='../elts/us-gaap-2025.xsd#us-gaap_ContractWithCustomerAssetNetCurrentAbstract' xlink:label='loc_ContractWithCustomerAssetNetCurrentAbstract' xlink:type='locator' />
    <link:loc xlink:href='../elts/us-gaap-2025.xsd#us-gaap_ContractWithCustomerAssetGrossCurrent' xlink:label='loc_ContractWithCustomerAssetGrossCurrent' xlink:type='locator' />
    <link:loc xlink:href='../elts/us-gaap-2025.xsd#us-gaap_ContractWithCustomerAssetAccumulatedAllowanceForCreditLossCurrent' xlink:label='loc_ContractWithCustomerAssetAccumulatedAllowanceForCreditLossCurrent' xlink:type='locator' />
    <link:loc xlink:href='../elts/us-gaap-2025.xsd#us-gaap_ContractWithCustomerAssetNetCurrent' xlink:label='loc_ContractWithCustomerAssetNetCurrent' xlink:type='locator' />
    <link:loc xlink:href='../elts/us-gaap-2025.xsd#us-gaap_ContractWithCustomerAssetNetNoncurrentAbstract' xlink:label='loc_ContractWithCustomerAssetNetNoncurrentAbstract' xlink:type='locator' />
    <link:loc xlink:href='../elts/us-gaap-2025.xsd#us-gaap_ContractWithCustomerAssetGrossNoncurrent' xlink:label='loc_ContractWithCustomerAssetGrossNoncurrent' xlink:type='locator' />
    <link:loc xlink:href='../elts/us-gaap-2025.xsd#us-gaap_ContractWithCustomerAssetAccumulatedAllowanceForCreditLossNoncurrent' xlink:label='loc_ContractWithCustomerAssetAccumulatedAllowanceForCreditLossNoncurrent' xlink:type='locator' />
    <link:loc xlink:href='../elts/us-gaap-2025.xsd#us-gaap_ContractWithCustomerAssetNetNoncurrent' xlink:label='loc_ContractWithCustomerAssetNetNoncurrent' xlink:type='locator' />
    <link:loc xlink:href='../elts/us-gaap-2025.xsd#us-gaap_ContractWithCustomerAssetAfterAllowanceForCreditLossClassifiedAbstract' xlink:label='loc_ContractWithCustomerAssetAfterAllowanceForCreditLossClassifiedAbstract' xlink:type='locator' />
    <link:loc xlink:href='../elts/us-gaap-2025.xsd#us-gaap_ContractWithCustomerLiabilityAbstract' xlink:label='loc_ContractWithCustomerLiabilityAbstract' xlink:type='locator' />
    <link:loc xlink:href='../elts/us-gaap-2025.xsd#us-gaap_ContractWithCustomerLiabilityCurrent' xlink:label='loc_ContractWithCustomerLiabilityCurrent' xlink:type='locator' />
    <link:loc xlink:href='../elts/us-gaap-2025.xsd#us-gaap_ContractWithCustomerLiabilityNoncurrent' xlink:label='loc_ContractWithCustomerLiabilityNoncurrent' xlink:type='locator' />
    <link:loc xlink:href='../elts/us-gaap-2025.xsd#us-gaap_ContractWithCustomerLiability' xlink:label='loc_ContractWithCustomerLiability' xlink:type='locator' />
    <link:loc xlink:href='../elts/us-gaap-2025.xsd#us-gaap_ContractWithCustomerReceivableAfterAllowanceForCreditLossAbstract' xlink:label='loc_ContractWithCustomerReceivableAfterAllowanceForCreditLossAbstract' xlink:type='locator' />
    <link:loc xlink:href='../elts/us-gaap-2025.xsd#us-gaap_ContractWithCustomerReceivableBeforeAllowanceForCreditLoss' xlink:label='loc_ContractWithCustomerReceivableBeforeAllowanceForCreditLoss' xlink:type='locator' />
    <link:loc xlink:href='../elts/us-gaap-2025.xsd#us-gaap_ContractWithCustomerReceivableAllowanceForCreditLoss' xlink:label='loc_ContractWithCustomerReceivableAllowanceForCreditLoss' xlink:type='locator' />
    <link:loc xlink:href='../elts/us-gaap-2025.xsd#us-gaap_ContractWithCustomerReceivableAfterAllowanceForCreditLoss' xlink:label='loc_ContractWithCustomerReceivableAfterAllowanceForCreditLoss' xlink:type='locator' />
    <link:loc xlink:href='../elts/us-gaap-2025.xsd#us-gaap_ContractWithCustomerReceivableAfterAllowanceForCreditLossCurrentAbstract' xlink:label='loc_ContractWithCustomerReceivableAfterAllowanceForCreditLossCurrentAbstract' xlink:type='locator' />
    <link:loc xlink:href='../elts/us-gaap-2025.xsd#us-gaap_ContractWithCustomerReceivableBeforeAllowanceForCreditLossCurrent' xlink:label='loc_ContractWithCustomerReceivableBeforeAllowanceForCreditLossCurrent' xlink:type='locator' />
    <link:loc xlink:href='../elts/us-gaap-2025.xsd#us-gaap_ContractWithCustomerReceivableAllowanceForCreditLossCurrent' xlink:label='loc_ContractWithCustomerReceivableAllowanceForCreditLossCurrent' xlink:type='locator' />
    <link:loc xlink:href='../elts/us-gaap-2025.xsd#us-gaap_ContractWithCustomerReceivableAfterAllowanceForCreditLossCurrent' xlink:label='loc_ContractWithCustomerReceivableAfterAllowanceForCreditLossCurrent' xlink:type='locator' />
    <link:loc xlink:href='../elts/us-gaap-2025.xsd#us-gaap_ContractWithCustomerReceivableAfterAllowanceForCreditLossNoncurrentAbstract' xlink:label='loc_ContractWithCustomerReceivableAfterAllowanceForCreditLossNoncurrentAbstract' xlink:type='locator' />
    <link:loc xlink:href='../elts/us-gaap-2025.xsd#us-gaap_ContractWithCustomerReceivableBeforeAllowanceForCreditLossNoncurrent' xlink:label='loc_ContractWithCustomerReceivableBeforeAllowanceForCreditLossNoncurrent' xlink:type='locator' />
    <link:loc xlink:href='../elts/us-gaap-2025.xsd#us-gaap_ContractWithCustomerReceivableAllowanceForCreditLossNoncurrent' xlink:label='loc_ContractWithCustomerReceivableAllowanceForCreditLossNoncurrent' xlink:type='locator' />
    <link:loc xlink:href='../elts/us-gaap-2025.xsd#us-gaap_ContractWithCustomerReceivableAfterAllowanceForCreditLossNoncurrent' xlink:label='loc_ContractWithCustomerReceivableAfterAllowanceForCreditLossNoncurrent' xlink:type='locator' />
    <link:loc xlink:href='../elts/us-gaap-2025.xsd#us-gaap_ContractWithCustomerReceivableAfterAllowanceForCreditLossClassifiedAbstract' xlink:label='loc_ContractWithCustomerReceivableAfterAllowanceForCreditLossClassifiedAbstract' xlink:type='locator' />
    <link:loc xlink:href='../elts/us-gaap-2025.xsd#us-gaap_ContractWithCustomerReceivableCreditLossExpenseReversal' xlink:label='loc_ContractWithCustomerReceivableCreditLossExpenseReversal' xlink:type='locator' />
    <link:loc xlink:href='../elts/us-gaap-2025.xsd#us-gaap_RevenuePerformanceObligationAbstract' xlink:label='loc_RevenuePerformanceObligationAbstract' xlink:type='locator' />
    <link:loc xlink:href='../elts/us-gaap-2025.xsd#us-gaap_RevenuePerformanceObligationDescriptionOfGoodOrService' xlink:label='loc_RevenuePerformanceObligationDescriptionOfGoodOrService' xlink:type='locator' />
    <link:loc xlink:href='../elts/us-gaap-2025.xsd#us-gaap_RevenuePerformanceObligationDescriptionOfTiming' xlink:label='loc_RevenuePerformanceObligationDescriptionOfTiming' xlink:type='locator' />
    <link:loc xlink:href='../elts/us-gaap-2025.xsd#us-gaap_RevenuePerformanceObligationDescriptionOfPaymentTerms' xlink:label='loc_RevenuePerformanceObligationDescriptionOfPaymentTerms' xlink:type='locator' />
    <link:loc xlink:href='../elts/us-gaap-2025.xsd#us-gaap_RevenuePerformanceObligationDescriptionOfReturnsAndOtherSimilarObligations' xlink:label='loc_RevenuePerformanceObligationDescriptionOfReturnsAndOtherSimilarObligations' xlink:type='locator' />
    <link:loc xlink:href='../elts/us-gaap-2025.xsd#us-gaap_RevenuePerformanceObligationDescriptionOfWarranty' xlink:label='loc_RevenuePerformanceObligationDescriptionOfWarranty' xlink:type='locator' />
    <link:loc xlink:href='../elts/us-gaap-2025.xsd#us-gaap_RevenuePerformanceObligationSatisfiedAtPointInTimeTransferOfControl' xlink:label='loc_RevenuePerformanceObligationSatisfiedAtPointInTimeTransferOfControl' xlink:type='locator' />
    <link:loc xlink:href='../elts/us-gaap-2025.xsd#us-gaap_RevenueRemainingPerformanceObligationProvisionForLossPolicyTextBlock' xlink:label='loc_RevenueRemainingPerformanceObligationProvisionForLossPolicyTextBlock' xlink:type='locator' />
    <link:loc xlink:href='../elts/us-gaap-2025.xsd#us-gaap_RevenuePerformanceObligationSatisfiedOverTimeAbstract' xlink:label='loc_RevenuePerformanceObligationSatisfiedOverTimeAbstract' xlink:type='locator' />
    <link:loc xlink:href='../elts/us-gaap-2025.xsd#us-gaap_RevenuePerformanceObligationSatisfiedOverTimeMethodUsedDescription' xlink:label='loc_RevenuePerformanceObligationSatisfiedOverTimeMethodUsedDescription' xlink:type='locator' />
    <link:loc xlink:href='../elts/us-gaap-2025.xsd#us-gaap_RevenuePerformanceObligationSatisfiedOverTimeMethodUsedExplanation' xlink:label='loc_RevenuePerformanceObligationSatisfiedOverTimeMethodUsedExplanation' xlink:type='locator' />
    <link:loc xlink:href='../elts/us-gaap-2025.xsd#us-gaap_RevenueRemainingPerformanceObligationExpectedTimingOfSatisfactionTableTextBlock' xlink:label='loc_RevenueRemainingPerformanceObligationExpectedTimingOfSatisfactionTableTextBlock' xlink:type='locator' />
    <link:loc xlink:href='../elts/us-gaap-2025.xsd#us-gaap_RevenueRemainingPerformanceObligationExpectedTimingOfSatisfactionTable' xlink:label='loc_RevenueRemainingPerformanceObligationExpectedTimingOfSatisfactionTable' xlink:type='locator' />
    <link:loc xlink:href='../elts/us-gaap-2025.xsd#us-gaap_RevenueRemainingPerformanceObligationExpectedTimingOfSatisfactionStartDateAxis' xlink:label='loc_RevenueRemainingPerformanceObligationExpectedTimingOfSatisfactionStartDateAxis' xlink:type='locator' />
    <link:loc xlink:href='../elts/us-gaap-2025.xsd#us-gaap_RevenueRemainingPerformanceObligationExpectedTimingOfSatisfactionLineItems' xlink:label='loc_RevenueRemainingPerformanceObligationExpectedTimingOfSatisfactionLineItems' xlink:type='locator' />
    <link:loc xlink:href='../elts/us-gaap-2025.xsd#us-gaap_RevenueRemainingPerformanceObligationExpectedTimingOfSatisfactionExplanation' xlink:label='loc_RevenueRemainingPerformanceObligationExpectedTimingOfSatisfactionExplanation' xlink:type='locator' />
    <link:loc xlink:href='../elts/us-gaap-2025.xsd#us-gaap_RevenueRemainingPerformanceObligationExpectedTimingOfSatisfactionPeriod1' xlink:label='loc_RevenueRemainingPerformanceObligationExpectedTimingOfSatisfactionPeriod1' xlink:type='locator' />
    <link:loc xlink:href='../elts/us-gaap-2025.xsd#us-gaap_RevenueRemainingPerformanceObligationExpectedTimingOfSatisfactionYear1' xlink:label='loc_RevenueRemainingPerformanceObligationExpectedTimingOfSatisfactionYear1' xlink:type='locator' />
    <link:loc xlink:href='../elts/us-gaap-2025.xsd#us-gaap_RevenueRemainingPerformanceObligation' xlink:label='loc_RevenueRemainingPerformanceObligation' xlink:type='locator' />
    <link:loc xlink:href='../elts/us-gaap-2025.xsd#us-gaap_RevenueRemainingPerformanceObligationPercentage' xlink:label='loc_RevenueRemainingPerformanceObligationPercentage' xlink:type='locator' />
    <link:loc xlink:href='../elts/us-gaap-2025.xsd#us-gaap_RevenueRemainingPerformanceObligationOptionalExemptionAbstract' xlink:label='loc_RevenueRemainingPerformanceObligationOptionalExemptionAbstract' xlink:type='locator' />
    <link:loc xlink:href='../elts/us-gaap-2025.xsd#us-gaap_RevenueRemainingPerformanceObligationOptionalExemptionNature' xlink:label='loc_RevenueRemainingPerformanceObligationOptionalExemptionNature' xlink:type='locator' />
    <link:loc xlink:href='../elts/us-gaap-2025.xsd#us-gaap_RevenueRemainingPerformanceObligationOptionalExemptionRemainingDuration' xlink:label='loc_RevenueRemainingPerformanceObligationOptionalExemptionRemainingDuration' xlink:type='locator' />
    <link:loc xlink:href='../elts/us-gaap-2025.xsd#us-gaap_RevenueRemainingPerformanceObligationOptionalExemptionDescriptionOfVariableConsideration' xlink:label='loc_RevenueRemainingPerformanceObligationOptionalExemptionDescriptionOfVariableConsideration' xlink:type='locator' />
    <link:loc xlink:href='../elts/us-gaap-2025.xsd#us-gaap_RevenueRemainingPerformanceObligationOptionalExemptionVariableConsideration' xlink:label='loc_RevenueRemainingPerformanceObligationOptionalExemptionVariableConsideration' xlink:type='locator' />
    <link:loc xlink:href='../elts/us-gaap-2025.xsd#us-gaap_RevenuePracticalExpedientRemainingPerformanceObligationDescription' xlink:label='loc_RevenuePracticalExpedientRemainingPerformanceObligationDescription' xlink:type='locator' />
    <link:loc xlink:href='../elts/us-gaap-2025.xsd#us-gaap_RevenuePracticalExpedientRemainingPerformanceObligation' xlink:label='loc_RevenuePracticalExpedientRemainingPerformanceObligation' xlink:type='locator' />
    <link:loc xlink:href='../elts/us-gaap-2025.xsd#us-gaap_CapitalizedContractCostAbstract' xlink:label='loc_CapitalizedContractCostAbstract' xlink:type='locator' />
    <link:loc xlink:href='../elts/us-gaap-2025.xsd#us-gaap_CapitalizedContractCostAmortizationMethod' xlink:label='loc_CapitalizedContractCostAmortizationMethod' xlink:type='locator' />
    <link:loc xlink:href='../elts/us-gaap-2025.xsd#us-gaap_CapitalizedContractCostAmortizationPeriod' xlink:label='loc_CapitalizedContractCostAmortizationPeriod' xlink:type='locator' />
    <link:loc xlink:href='../elts/us-gaap-2025.xsd#us-gaap_CapitalizedContractCostJudgment' xlink:label='loc_CapitalizedContractCostJudgment' xlink:type='locator' />
    <link:loc xlink:href='../elts/us-gaap-2025.xsd#us-gaap_CapitalizedContractCostTableTextBlock' xlink:label='loc_CapitalizedContractCostTableTextBlock' xlink:type='locator' />
    <link:loc xlink:href='../elts/us-gaap-2025.xsd#us-gaap_CapitalizedContractCostTable' xlink:label='loc_CapitalizedContractCostTable' xlink:type='locator' />
    <link:loc xlink:href='../elts/us-gaap-2025.xsd#us-gaap_CapitalizedContractCostAxis' xlink:label='loc_CapitalizedContractCostAxis' xlink:type='locator' />
    <link:loc xlink:href='../elts/us-gaap-2025.xsd#us-gaap_CapitalizedContractCostDomain' xlink:label='loc_CapitalizedContractCostDomain' xlink:type='locator' />
    <link:loc xlink:href='../elts/us-gaap-2025.xsd#us-gaap_CapitalizedContractCostLineItems' xlink:label='loc_CapitalizedContractCostLineItems' xlink:type='locator' />
    <link:loc xlink:href='../elts/us-gaap-2025.xsd#us-gaap_CapitalizedContractCostNetAbstract' xlink:label='loc_CapitalizedContractCostNetAbstract' xlink:type='locator' />
    <link:loc xlink:href='../elts/us-gaap-2025.xsd#us-gaap_CapitalizedContractCostGross' xlink:label='loc_CapitalizedContractCostGross' xlink:type='locator' />
    <link:loc xlink:href='../elts/us-gaap-2025.xsd#us-gaap_CapitalizedContractCostAccumulatedAmortization' xlink:label='loc_CapitalizedContractCostAccumulatedAmortization' xlink:type='locator' />
    <link:loc xlink:href='../elts/us-gaap-2025.xsd#us-gaap_CapitalizedContractCostAccumulatedImpairment' xlink:label='loc_CapitalizedContractCostAccumulatedImpairment' xlink:type='locator' />
    <link:loc xlink:href='../elts/us-gaap-2025.xsd#us-gaap_CapitalizedContractCostNet' xlink:label='loc_CapitalizedContractCostNet' xlink:type='locator' />
    <link:loc xlink:href='../elts/us-gaap-2025.xsd#us-gaap_CapitalizedContractCostNetClassifiedAbstract' xlink:label='loc_CapitalizedContractCostNetClassifiedAbstract' xlink:type='locator' />
    <link:loc xlink:href='../elts/us-gaap-2025.xsd#us-gaap_CapitalizedContractCostNetCurrent' xlink:label='loc_CapitalizedContractCostNetCurrent' xlink:type='locator' />
    <link:loc xlink:href='../elts/us-gaap-2025.xsd#us-gaap_CapitalizedContractCostNetNoncurrent' xlink:label='loc_CapitalizedContractCostNetNoncurrent' xlink:type='locator' />
    <link:loc xlink:href='../elts/us-gaap-2025.xsd#us-gaap_CapitalizedContractCostAmortization' xlink:label='loc_CapitalizedContractCostAmortization' xlink:type='locator' />
    <link:loc xlink:href='../elts/us-gaap-2025.xsd#us-gaap_CapitalizedContractCostImpairmentLoss' xlink:label='loc_CapitalizedContractCostImpairmentLoss' xlink:type='locator' />
    <link:loc xlink:href='../elts/us-gaap-2025.xsd#us-gaap_RevenueShippingAndHandlingPolicyElection' xlink:label='loc_RevenueShippingAndHandlingPolicyElection' xlink:type='locator' />
    <link:loc xlink:href='../elts/us-gaap-2025.xsd#us-gaap_RevenueJudgmentAbstract' xlink:label='loc_RevenueJudgmentAbstract' xlink:type='locator' />
    <link:loc xlink:href='../elts/us-gaap-2025.xsd#us-gaap_RevenueJudgment' xlink:label='loc_RevenueJudgment' xlink:type='locator' />
    <link:loc xlink:href='../elts/us-gaap-2025.xsd#us-gaap_RevenueChangeInJudgment' xlink:label='loc_RevenueChangeInJudgment' xlink:type='locator' />
    <link:loc xlink:href='../elts/us-gaap-2025.xsd#us-gaap_RevenueMethodsInputsAndAssumptionsUsedAbstract' xlink:label='loc_RevenueMethodsInputsAndAssumptionsUsedAbstract' xlink:type='locator' />
    <link:loc xlink:href='../elts/us-gaap-2025.xsd#us-gaap_RevenueInformationUsedToDetermineTransactionPrice' xlink:label='loc_RevenueInformationUsedToDetermineTransactionPrice' xlink:type='locator' />
    <link:loc xlink:href='../elts/us-gaap-2025.xsd#us-gaap_RevenueInformationUsedToAssessVariableConsiderationConstraint' xlink:label='loc_RevenueInformationUsedToAssessVariableConsiderationConstraint' xlink:type='locator' />
    <link:loc xlink:href='../elts/us-gaap-2025.xsd#us-gaap_RevenueInformationUsedToAllocateTransactionPrice' xlink:label='loc_RevenueInformationUsedToAllocateTransactionPrice' xlink:type='locator' />
    <link:loc xlink:href='../elts/us-gaap-2025.xsd#us-gaap_RevenueInformationUsedToMeasureObligation' xlink:label='loc_RevenueInformationUsedToMeasureObligation' xlink:type='locator' />
    <link:loc xlink:href='../elts/us-gaap-2025.xsd#us-gaap_ContractWithCustomerRightOfReturnAbstract' xlink:label='loc_ContractWithCustomerRightOfReturnAbstract' xlink:type='locator' />
    <link:loc xlink:href='../elts/us-gaap-2025.xsd#us-gaap_ContractWithCustomerRefundLiabilityAbstract' xlink:label='loc_ContractWithCustomerRefundLiabilityAbstract' xlink:type='locator' />
    <link:loc xlink:href='../elts/us-gaap-2025.xsd#us-gaap_ContractWithCustomerRefundLiabilityCurrent' xlink:label='loc_ContractWithCustomerRefundLiabilityCurrent' xlink:type='locator' />
    <link:loc xlink:href='../elts/us-gaap-2025.xsd#us-gaap_ContractWithCustomerRefundLiabilityNoncurrent' xlink:label='loc_ContractWithCustomerRefundLiabilityNoncurrent' xlink:type='locator' />
    <link:loc xlink:href='../elts/us-gaap-2025.xsd#us-gaap_ContractWithCustomerRefundLiability' xlink:label='loc_ContractWithCustomerRefundLiability' xlink:type='locator' />
    <link:loc xlink:href='../elts/us-gaap-2025.xsd#us-gaap_ContractWithCustomerRightToRecoverProductAbstract' xlink:label='loc_ContractWithCustomerRightToRecoverProductAbstract' xlink:type='locator' />
    <link:loc xlink:href='../elts/us-gaap-2025.xsd#us-gaap_ContractWithCustomerRightToRecoverProductCurrent' xlink:label='loc_ContractWithCustomerRightToRecoverProductCurrent' xlink:type='locator' />
    <link:loc xlink:href='../elts/us-gaap-2025.xsd#us-gaap_ContractWithCustomerRightToRecoverProductNoncurrent' xlink:label='loc_ContractWithCustomerRightToRecoverProductNoncurrent' xlink:type='locator' />
    <link:loc xlink:href='../elts/us-gaap-2025.xsd#us-gaap_ContractWithCustomerRightToRecoverProduct' xlink:label='loc_ContractWithCustomerRightToRecoverProduct' xlink:type='locator' />
    <link:loc xlink:href='../elts/us-gaap-2025.xsd#us-gaap_RevenuePracticalExpedientAbstract' xlink:label='loc_RevenuePracticalExpedientAbstract' xlink:type='locator' />
    <link:loc xlink:href='../elts/us-gaap-2025.xsd#us-gaap_RevenuePracticalExpedientFinancingComponent' xlink:label='loc_RevenuePracticalExpedientFinancingComponent' xlink:type='locator' />
    <link:loc xlink:href='../elts/us-gaap-2025.xsd#us-gaap_RevenuePracticalExpedientIncrementalCostOfObtainingContract' xlink:label='loc_RevenuePracticalExpedientIncrementalCostOfObtainingContract' xlink:type='locator' />
    <link:loc xlink:href='../elts/us-gaap-2025.xsd#us-gaap_GrossTransactionVolume' xlink:label='loc_GrossTransactionVolume' xlink:type='locator' />
    <link:presentationArc order='10' xlink:arcrole='http://www.xbrl.org/2003/arcrole/parent-child' xlink:from='loc_RevenueFromContractWithCustomerAbstract' xlink:to='loc_RevenueFromContractWithCustomerTextBlock' xlink:type='arc' />
    <link:presentationArc order='10' xlink:arcrole='http://www.xbrl.org/2003/arcrole/parent-child' xlink:from='loc_RevenueFromContractWithCustomerTextBlock' xlink:to='loc_DisaggregationOfRevenueAbstract' xlink:type='arc' />
    <link:presentationArc order='10' xlink:arcrole='http://www.xbrl.org/2003/arcrole/parent-child' xlink:from='loc_DisaggregationOfRevenueAbstract' xlink:to='loc_DisaggregationOfRevenueTableTextBlock' xlink:type='arc' />
    <link:presentationArc order='10' xlink:arcrole='http://www.xbrl.org/2003/arcrole/parent-child' xlink:from='loc_DisaggregationOfRevenueTableTextBlock' xlink:to='loc_DisaggregationOfRevenueTable' xlink:type='arc' />
    <link:presentationArc order='10' xlink:arcrole='http://www.xbrl.org/2003/arcrole/parent-child' xlink:from='loc_DisaggregationOfRevenueTable' xlink:to='loc_ProductOrServiceAxis' xlink:type='arc' />
    <link:presentationArc order='10' xlink:arcrole='http://www.xbrl.org/2003/arcrole/parent-child' xlink:from='loc_ProductOrServiceAxis' xlink:to='loc_ProductsAndServicesDomain' xlink:type='arc' />
    <link:presentationArc order='20' xlink:arcrole='http://www.xbrl.org/2003/arcrole/parent-child' xlink:from='loc_DisaggregationOfRevenueTable' xlink:to='loc_StatementGeographicalAxis' xlink:type='arc' />
    <link:presentationArc order='10' xlink:arcrole='http://www.xbrl.org/2003/arcrole/parent-child' xlink:from='loc_StatementGeographicalAxis' xlink:to='loc_SegmentGeographicalDomain' xlink:type='arc' />
    <link:presentationArc order='10' xlink:arcrole='http://www.xbrl.org/2003/arcrole/parent-child' xlink:from='loc_SegmentGeographicalDomain' xlink:to='loc_AmericasMember' xlink:type='arc' />
    <link:presentationArc order='10' xlink:arcrole='http://www.xbrl.org/2003/arcrole/parent-child' xlink:from='loc_AmericasMember' xlink:to='loc_CentralAmericaMember' xlink:type='arc' />
    <link:presentationArc order='20' xlink:arcrole='http://www.xbrl.org/2003/arcrole/parent-child' xlink:from='loc_AmericasMember' xlink:to='loc_NorthAmericaMember' xlink:type='arc' />
    <link:presentationArc order='10' xlink:arcrole='http://www.xbrl.org/2003/arcrole/parent-child' xlink:from='loc_NorthAmericaMember' xlink:to='loc_EastRegionMember' xlink:type='arc' />
    <link:presentationArc order='20' xlink:arcrole='http://www.xbrl.org/2003/arcrole/parent-child' xlink:from='loc_NorthAmericaMember' xlink:to='loc_MidwestRegionMember' xlink:type='arc' />
    <link:presentationArc order='30' xlink:arcrole='http://www.xbrl.org/2003/arcrole/parent-child' xlink:from='loc_NorthAmericaMember' xlink:to='loc_NorthRegionMember' xlink:type='arc' />
    <link:presentationArc order='40' xlink:arcrole='http://www.xbrl.org/2003/arcrole/parent-child' xlink:from='loc_NorthAmericaMember' xlink:to='loc_NortheastRegionMember' xlink:type='arc' />
    <link:presentationArc order='50' xlink:arcrole='http://www.xbrl.org/2003/arcrole/parent-child' xlink:from='loc_NorthAmericaMember' xlink:to='loc_NorthwestRegionMember' xlink:type='arc' />
    <link:presentationArc order='60' xlink:arcrole='http://www.xbrl.org/2003/arcrole/parent-child' xlink:from='loc_NorthAmericaMember' xlink:to='loc_SouthRegionMember' xlink:type='arc' />
    <link:presentationArc order='70' xlink:arcrole='http://www.xbrl.org/2003/arcrole/parent-child' xlink:from='loc_NorthAmericaMember' xlink:to='loc_SoutheastRegionMember' xlink:type='arc' />
    <link:presentationArc order='80' xlink:arcrole='http://www.xbrl.org/2003/arcrole/parent-child' xlink:from='loc_NorthAmericaMember' xlink:to='loc_SouthwestRegionMember' xlink:type='arc' />
    <link:presentationArc order='90' xlink:arcrole='http://www.xbrl.org/2003/arcrole/parent-child' xlink:from='loc_NorthAmericaMember' xlink:to='loc_WestRegionMember' xlink:type='arc' />
    <link:presentationArc order='30' xlink:arcrole='http://www.xbrl.org/2003/arcrole/parent-child' xlink:from='loc_AmericasMember' xlink:to='loc_SouthAmericaMember' xlink:type='arc' />
    <link:presentationArc order='20' xlink:arcrole='http://www.xbrl.org/2003/arcrole/parent-child' xlink:from='loc_SegmentGeographicalDomain' xlink:to='loc_AsiaMember' xlink:type='arc' />
    <link:presentationArc order='30' xlink:arcrole='http://www.xbrl.org/2003/arcrole/parent-child' xlink:from='loc_SegmentGeographicalDomain' xlink:to='loc_AsiaPacificMember' xlink:type='arc' />
    <link:presentationArc order='40' xlink:arcrole='http://www.xbrl.org/2003/arcrole/parent-child' xlink:from='loc_SegmentGeographicalDomain' xlink:to='loc_EMEAMember' xlink:type='arc' />
    <link:presentationArc order='10' xlink:arcrole='http://www.xbrl.org/2003/arcrole/parent-child' xlink:from='loc_EMEAMember' xlink:to='loc_AfricaMember' xlink:type='arc' />
    <link:presentationArc order='20' xlink:arcrole='http://www.xbrl.org/2003/arcrole/parent-child' xlink:from='loc_EMEAMember' xlink:to='loc_EuropeMember' xlink:type='arc' />
    <link:presentationArc order='30' xlink:arcrole='http://www.xbrl.org/2003/arcrole/parent-child' xlink:from='loc_EMEAMember' xlink:to='loc_MiddleEastMember' xlink:type='arc' />
    <link:presentationArc order='50' xlink:arcrole='http://www.xbrl.org/2003/arcrole/parent-child' xlink:from='loc_SegmentGeographicalDomain' xlink:to='loc_EuropeanUnionMember' xlink:type='arc' />
    <link:presentationArc order='60' xlink:arcrole='http://www.xbrl.org/2003/arcrole/parent-child' xlink:from='loc_SegmentGeographicalDomain' xlink:to='loc_LatinAmericaMember' xlink:type='arc' />
    <link:presentationArc order='70' xlink:arcrole='http://www.xbrl.org/2003/arcrole/parent-child' xlink:from='loc_SegmentGeographicalDomain' xlink:to='loc_NonUsMember' xlink:type='arc' />
    <link:presentationArc order='30' xlink:arcrole='http://www.xbrl.org/2003/arcrole/parent-child' xlink:from='loc_DisaggregationOfRevenueTable' xlink:to='loc_ContractWithCustomerBasisOfPricingAxis' xlink:type='arc' />
    <link:presentationArc order='10' xlink:arcrole='http://www.xbrl.org/2003/arcrole/parent-child' xlink:from='loc_ContractWithCustomerBasisOfPricingAxis' xlink:to='loc_ContractWithCustomerBasisOfPricingDomain' xlink:type='arc' />
    <link:presentationArc order='10' xlink:arcrole='http://www.xbrl.org/2003/arcrole/parent-child' xlink:from='loc_ContractWithCustomerBasisOfPricingDomain' xlink:to='loc_FixedPriceContractMember' xlink:type='arc' />
    <link:presentationArc order='20' xlink:arcrole='http://www.xbrl.org/2003/arcrole/parent-child' xlink:from='loc_ContractWithCustomerBasisOfPricingDomain' xlink:to='loc_TimeAndMaterialsContractMember' xlink:type='arc' />
    <link:presentationArc order='40' xlink:arcrole='http://www.xbrl.org/2003/arcrole/parent-child' xlink:from='loc_DisaggregationOfRevenueTable' xlink:to='loc_ContractWithCustomerDurationAxis' xlink:type='arc' />
    <link:presentationArc order='10' xlink:arcrole='http://www.xbrl.org/2003/arcrole/parent-child' xlink:from='loc_ContractWithCustomerDurationAxis' xlink:to='loc_ContractWithCustomerDurationDomain' xlink:type='arc' />
    <link:presentationArc order='10' xlink:arcrole='http://www.xbrl.org/2003/arcrole/parent-child' xlink:from='loc_ContractWithCustomerDurationDomain' xlink:to='loc_ShortTermContractWithCustomerMember' xlink:type='arc' />
    <link:presentationArc order='20' xlink:arcrole='http://www.xbrl.org/2003/arcrole/parent-child' xlink:from='loc_ContractWithCustomerDurationDomain' xlink:to='loc_LongTermContractWithCustomerMember' xlink:type='arc' />
    <link:presentationArc order='50' xlink:arcrole='http://www.xbrl.org/2003/arcrole/parent-child' xlink:from='loc_DisaggregationOfRevenueTable' xlink:to='loc_TimingOfTransferOfGoodOrServiceAxis' xlink:type='arc' />
    <link:presentationArc order='10' xlink:arcrole='http://www.xbrl.org/2003/arcrole/parent-child' xlink:from='loc_TimingOfTransferOfGoodOrServiceAxis' xlink:to='loc_TimingOfTransferOfGoodOrServiceDomain' xlink:type='arc' />
    <link:presentationArc order='10' xlink:arcrole='http://www.xbrl.org/2003/arcrole/parent-child' xlink:from='loc_TimingOfTransferOfGoodOrServiceDomain' xlink:to='loc_TransferredAtPointInTimeMember' xlink:type='arc' />
    <link:presentationArc order='20' xlink:arcrole='http://www.xbrl.org/2003/arcrole/parent-child' xlink:from='loc_TimingOfTransferOfGoodOrServiceDomain' xlink:to='loc_TransferredOverTimeMember' xlink:type='arc' />
    <link:presentationArc order='60' xlink:arcrole='http://www.xbrl.org/2003/arcrole/parent-child' xlink:from='loc_DisaggregationOfRevenueTable' xlink:to='loc_ContractWithCustomerSalesChannelAxis' xlink:type='arc' />
    <link:presentationArc order='10' xlink:arcrole='http://www.xbrl.org/2003/arcrole/parent-child' xlink:from='loc_ContractWithCustomerSalesChannelAxis' xlink:to='loc_ContractWithCustomerSalesChannelDomain' xlink:type='arc' />
    <link:presentationArc order='10' xlink:arcrole='http://www.xbrl.org/2003/arcrole/parent-child' xlink:from='loc_ContractWithCustomerSalesChannelDomain' xlink:to='loc_SalesChannelDirectlyToConsumerMember' xlink:type='arc' />
    <link:presentationArc order='20' xlink:arcrole='http://www.xbrl.org/2003/arcrole/parent-child' xlink:from='loc_ContractWithCustomerSalesChannelDomain' xlink:to='loc_SalesChannelThroughIntermediaryMember' xlink:type='arc' />
    <link:presentationArc order='70' xlink:arcrole='http://www.xbrl.org/2003/arcrole/parent-child' xlink:from='loc_DisaggregationOfRevenueTable' xlink:to='loc_MajorCustomersAxis' xlink:type='arc' />
    <link:presentationArc order='10' xlink:arcrole='http://www.xbrl.org/2003/arcrole/parent-child' xlink:from='loc_MajorCustomersAxis' xlink:to='loc_NameOfMajorCustomerDomain' xlink:type='arc' />
    <link:presentationArc order='80' xlink:arcrole='http://www.xbrl.org/2003/arcrole/parent-child' xlink:from='loc_DisaggregationOfRevenueTable' xlink:to='loc_HealthCareOrganizationRevenueSourcesAxis' xlink:type='arc' />
    <link:presentationArc order='10' xlink:arcrole='http://www.xbrl.org/2003/arcrole/parent-child' xlink:from='loc_HealthCareOrganizationRevenueSourcesAxis' xlink:to='loc_HealthCareOrganizationRevenueSourcesDomain' xlink:type='arc' />
    <link:presentationArc order='10' xlink:arcrole='http://www.xbrl.org/2003/arcrole/parent-child' xlink:from='loc_HealthCareOrganizationRevenueSourcesDomain' xlink:to='loc_ThirdPartyPayorMember' xlink:type='arc' />
    <link:presentationArc order='20' xlink:arcrole='http://www.xbrl.org/2003/arcrole/parent-child' xlink:from='loc_HealthCareOrganizationRevenueSourcesDomain' xlink:to='loc_SelfPayMember' xlink:type='arc' />
    <link:presentationArc order='90' xlink:arcrole='http://www.xbrl.org/2003/arcrole/parent-child' xlink:from='loc_DisaggregationOfRevenueTable' xlink:to='loc_DisaggregationOfRevenueLineItems' xlink:type='arc' />
    <link:presentationArc order='10' xlink:arcrole='http://www.xbrl.org/2003/arcrole/parent-child' xlink:from='loc_DisaggregationOfRevenueLineItems' xlink:to='loc_RevenueFromContractWithCustomerIncludingAssessedTax' xlink:type='arc' />
    <link:presentationArc order='20' xlink:arcrole='http://www.xbrl.org/2003/arcrole/parent-child' xlink:from='loc_DisaggregationOfRevenueLineItems' xlink:to='loc_ExciseAndSalesTaxes' xlink:type='arc' />
    <link:presentationArc order='30' xlink:arcrole='http://www.xbrl.org/2003/arcrole/parent-child' xlink:from='loc_DisaggregationOfRevenueLineItems' xlink:to='loc_RevenueFromContractWithCustomerExcludingAssessedTax' xlink:type='arc' />
    <link:presentationArc order='10' xlink:arcrole='http://www.xbrl.org/2003/arcrole/parent-child' xlink:from='loc_RevenueFromContractWithCustomerExcludingAssessedTax' xlink:to='loc_ForInformationOnUsingExtensibleEnumerationElementsSeeGuideAtLinkInTinPartUriGuidance' xlink:type='arc' />
    <link:presentationArc order='20' xlink:arcrole='http://www.xbrl.org/2003/arcrole/parent-child' xlink:from='loc_RevenueFromContractWithCustomerExcludingAssessedTax' xlink:to='loc_RevenueFromContractWithCustomerProductAndServiceExtensibleList' xlink:type='arc' />
    <link:presentationArc order='30' xlink:arcrole='http://www.xbrl.org/2003/arcrole/parent-child' xlink:from='loc_RevenueFromContractWithCustomerExcludingAssessedTax' xlink:to='loc_RevenueFromContractWithCustomerGeographicalExtensibleList' xlink:type='arc' />
    <link:presentationArc order='40' xlink:arcrole='http://www.xbrl.org/2003/arcrole/parent-child' xlink:from='loc_RevenueFromContractWithCustomerExcludingAssessedTax' xlink:to='loc_RevenueFromContractWithCustomerBasisOfPricingExtensibleList' xlink:type='arc' />
    <link:presentationArc order='50' xlink:arcrole='http://www.xbrl.org/2003/arcrole/parent-child' xlink:from='loc_RevenueFromContractWithCustomerExcludingAssessedTax' xlink:to='loc_RevenueFromContractWithCustomerDurationExtensibleList' xlink:type='arc' />
    <link:presentationArc order='60' xlink:arcrole='http://www.xbrl.org/2003/arcrole/parent-child' xlink:from='loc_RevenueFromContractWithCustomerExcludingAssessedTax' xlink:to='loc_RevenueFromContractWithCustomerTimingOfTransferOfGoodOrServiceExtensibleList' xlink:type='arc' />
    <link:presentationArc order='70' xlink:arcrole='http://www.xbrl.org/2003/arcrole/parent-child' xlink:from='loc_RevenueFromContractWithCustomerExcludingAssessedTax' xlink:to='loc_RevenueFromContractWithCustomerSalesChannelExtensibleList' xlink:type='arc' />
    <link:presentationArc order='20' xlink:arcrole='http://www.xbrl.org/2003/arcrole/parent-child' xlink:from='loc_RevenueFromContractWithCustomerTextBlock' xlink:to='loc_ContractWithCustomerAssetAndLiabilityAbstract' xlink:type='arc' />
    <link:presentationArc order='10' xlink:arcrole='http://www.xbrl.org/2003/arcrole/parent-child' xlink:from='loc_ContractWithCustomerAssetAndLiabilityAbstract' xlink:to='loc_ContractWithCustomerAssetAndLiabilityTableTextBlock' xlink:type='arc' />
    <link:presentationArc order='10' xlink:arcrole='http://www.xbrl.org/2003/arcrole/parent-child' xlink:from='loc_ContractWithCustomerAssetAndLiabilityTableTextBlock' xlink:to='loc_ChangeInContractWithCustomerAssetAndLiabilityAbstract' xlink:type='arc' />
    <link:presentationArc order='10' xlink:arcrole='http://www.xbrl.org/2003/arcrole/parent-child' xlink:from='loc_ChangeInContractWithCustomerAssetAndLiabilityAbstract' xlink:to='loc_ContractWithCustomerPerformanceObligationSatisfiedInPreviousPeriod' xlink:type='arc' />
    <link:presentationArc order='20' xlink:arcrole='http://www.xbrl.org/2003/arcrole/parent-child' xlink:from='loc_ChangeInContractWithCustomerAssetAndLiabilityAbstract' xlink:to='loc_ContractWithCustomerTimingOfSatisfactionOfPerformanceObligationAndPayment' xlink:type='arc' />
    <link:presentationArc order='30' xlink:arcrole='http://www.xbrl.org/2003/arcrole/parent-child' xlink:from='loc_ChangeInContractWithCustomerAssetAndLiabilityAbstract' xlink:to='loc_ContractWithCustomerAssetExplanationOfChange' xlink:type='arc' />
    <link:presentationArc order='40' xlink:arcrole='http://www.xbrl.org/2003/arcrole/parent-child' xlink:from='loc_ChangeInContractWithCustomerAssetAndLiabilityAbstract' xlink:to='loc_ContractWithCustomerLiabilityExplanationOfChange' xlink:type='arc' />
    <link:presentationArc order='50' xlink:arcrole='http://www.xbrl.org/2003/arcrole/parent-child' xlink:from='loc_ChangeInContractWithCustomerAssetAndLiabilityAbstract' xlink:to='loc_ChangeInContractWithCustomerAssetAbstract' xlink:type='arc' />
    <link:presentationArc order='10' xlink:arcrole='http://www.xbrl.org/2003/arcrole/parent-child' xlink:from='loc_ChangeInContractWithCustomerAssetAbstract' xlink:to='loc_ContractWithCustomerAssetIncreaseDecreaseForContractAcquiredInBusinessCombination' xlink:type='arc' />
    <link:presentationArc order='20' xlink:arcrole='http://www.xbrl.org/2003/arcrole/parent-child' xlink:from='loc_ChangeInContractWithCustomerAssetAbstract' xlink:to='loc_ContractWithCustomerAssetCumulativeCatchUpAdjustmentToRevenueChangeInMeasureOfProgress' xlink:type='arc' />
    <link:presentationArc order='30' xlink:arcrole='http://www.xbrl.org/2003/arcrole/parent-child' xlink:from='loc_ChangeInContractWithCustomerAssetAbstract' xlink:to='loc_ContractWithCustomerAssetCumulativeCatchUpAdjustmentToRevenueChangeInEstimateOfTransactionPrice' xlink:type='arc' />
    <link:presentationArc order='40' xlink:arcrole='http://www.xbrl.org/2003/arcrole/parent-child' xlink:from='loc_ChangeInContractWithCustomerAssetAbstract' xlink:to='loc_ContractWithCustomerAssetCumulativeCatchUpAdjustmentToRevenueModificationOfContract' xlink:type='arc' />
    <link:presentationArc order='50' xlink:arcrole='http://www.xbrl.org/2003/arcrole/parent-child' xlink:from='loc_ChangeInContractWithCustomerAssetAbstract' xlink:to='loc_ContractWithCustomerAssetCreditLossExpense' xlink:type='arc' />
    <link:presentationArc order='60' xlink:arcrole='http://www.xbrl.org/2003/arcrole/parent-child' xlink:from='loc_ChangeInContractWithCustomerAssetAbstract' xlink:to='loc_ContractWithCustomerAssetReclassifiedToReceivable' xlink:type='arc' />
    <link:presentationArc order='60' xlink:arcrole='http://www.xbrl.org/2003/arcrole/parent-child' xlink:from='loc_ChangeInContractWithCustomerAssetAndLiabilityAbstract' xlink:to='loc_ChangeInContractWithCustomerLiabilityAbstract' xlink:type='arc' />
    <link:presentationArc order='10' xlink:arcrole='http://www.xbrl.org/2003/arcrole/parent-child' xlink:from='loc_ChangeInContractWithCustomerLiabilityAbstract' xlink:to='loc_ContractWithCustomerLiabilityRevenueRecognized' xlink:type='arc' />
    <link:presentationArc order='20' xlink:arcrole='http://www.xbrl.org/2003/arcrole/parent-child' xlink:from='loc_ChangeInContractWithCustomerLiabilityAbstract' xlink:to='loc_ContractWithCustomerLiabilityIncreaseDecreaseForContractAcquiredInBusinessCombination' xlink:type='arc' />
    <link:presentationArc order='30' xlink:arcrole='http://www.xbrl.org/2003/arcrole/parent-child' xlink:from='loc_ChangeInContractWithCustomerLiabilityAbstract' xlink:to='loc_ContractWithCustomerLiabilityCumulativeCatchUpAdjustmentToRevenueChangeInMeasureOfProgress' xlink:type='arc' />
    <link:presentationArc order='40' xlink:arcrole='http://www.xbrl.org/2003/arcrole/parent-child' xlink:from='loc_ChangeInContractWithCustomerLiabilityAbstract' xlink:to='loc_ContractWithCustomerLiabilityCumulativeCatchUpAdjustmentToRevenueChangeInEstimateOfTransactionPrice' xlink:type='arc' />
    <link:presentationArc order='50' xlink:arcrole='http://www.xbrl.org/2003/arcrole/parent-child' xlink:from='loc_ChangeInContractWithCustomerLiabilityAbstract' xlink:to='loc_ContractWithCustomerLiabilityCumulativeCatchUpAdjustmentToRevenueModificationOfContract' xlink:type='arc' />
    <link:presentationArc order='60' xlink:arcrole='http://www.xbrl.org/2003/arcrole/parent-child' xlink:from='loc_ChangeInContractWithCustomerLiabilityAbstract' xlink:to='loc_ContractWithCustomerLiabilityChangeInTimeframePerformanceObligationSatisfiedRevenueRecognized' xlink:type='arc' />
    <link:presentationArc order='20' xlink:arcrole='http://www.xbrl.org/2003/arcrole/parent-child' xlink:from='loc_ContractWithCustomerAssetAndLiabilityTableTextBlock' xlink:to='loc_ContractWithCustomerAssetNetAbstract' xlink:type='arc' />
    <link:presentationArc order='10' xlink:arcrole='http://www.xbrl.org/2003/arcrole/parent-child' xlink:from='loc_ContractWithCustomerAssetNetAbstract' xlink:to='loc_ContractWithCustomerAssetGross' xlink:type='arc' />
    <link:presentationArc order='20' xlink:arcrole='http://www.xbrl.org/2003/arcrole/parent-child' xlink:from='loc_ContractWithCustomerAssetNetAbstract' xlink:to='loc_ContractWithCustomerAssetAccumulatedAllowanceForCreditLoss' xlink:type='arc' />
    <link:presentationArc order='30' preferredLabel='http://www.xbrl.org/2003/role/totalLabel' xlink:arcrole='http://www.xbrl.org/2003/arcrole/parent-child' xlink:from='loc_ContractWithCustomerAssetNetAbstract' xlink:to='loc_ContractWithCustomerAssetNet' xlink:type='arc' />
    <link:presentationArc order='30' xlink:arcrole='http://www.xbrl.org/2003/arcrole/parent-child' xlink:from='loc_ContractWithCustomerAssetAndLiabilityTableTextBlock' xlink:to='loc_ContractWithCustomerAssetNetCurrentAbstract' xlink:type='arc' />
    <link:presentationArc order='10' xlink:arcrole='http://www.xbrl.org/2003/arcrole/parent-child' xlink:from='loc_ContractWithCustomerAssetNetCurrentAbstract' xlink:to='loc_ContractWithCustomerAssetGrossCurrent' xlink:type='arc' />
    <link:presentationArc order='20' xlink:arcrole='http://www.xbrl.org/2003/arcrole/parent-child' xlink:from='loc_ContractWithCustomerAssetNetCurrentAbstract' xlink:to='loc_ContractWithCustomerAssetAccumulatedAllowanceForCreditLossCurrent' xlink:type='arc' />
    <link:presentationArc order='30' preferredLabel='http://www.xbrl.org/2003/role/totalLabel' xlink:arcrole='http://www.xbrl.org/2003/arcrole/parent-child' xlink:from='loc_ContractWithCustomerAssetNetCurrentAbstract' xlink:to='loc_ContractWithCustomerAssetNetCurrent' xlink:type='arc' />
    <link:presentationArc order='40' xlink:arcrole='http://www.xbrl.org/2003/arcrole/parent-child' xlink:from='loc_ContractWithCustomerAssetAndLiabilityTableTextBlock' xlink:to='loc_ContractWithCustomerAssetNetNoncurrentAbstract' xlink:type='arc' />
    <link:presentationArc order='10' xlink:arcrole='http://www.xbrl.org/2003/arcrole/parent-child' xlink:from='loc_ContractWithCustomerAssetNetNoncurrentAbstract' xlink:to='loc_ContractWithCustomerAssetGrossNoncurrent' xlink:type='arc' />
    <link:presentationArc order='20' xlink:arcrole='http://www.xbrl.org/2003/arcrole/parent-child' xlink:from='loc_ContractWithCustomerAssetNetNoncurrentAbstract' xlink:to='loc_ContractWithCustomerAssetAccumulatedAllowanceForCreditLossNoncurrent' xlink:type='arc' />
    <link:presentationArc order='30' preferredLabel='http://www.xbrl.org/2003/role/totalLabel' xlink:arcrole='http://www.xbrl.org/2003/arcrole/parent-child' xlink:from='loc_ContractWithCustomerAssetNetNoncurrentAbstract' xlink:to='loc_ContractWithCustomerAssetNetNoncurrent' xlink:type='arc' />
    <link:presentationArc order='50' xlink:arcrole='http://www.xbrl.org/2003/arcrole/parent-child' xlink:from='loc_ContractWithCustomerAssetAndLiabilityTableTextBlock' xlink:to='loc_ContractWithCustomerAssetAfterAllowanceForCreditLossClassifiedAbstract' xlink:type='arc' />
    <link:presentationArc order='10' xlink:arcrole='http://www.xbrl.org/2003/arcrole/parent-child' xlink:from='loc_ContractWithCustomerAssetAfterAllowanceForCreditLossClassifiedAbstract' xlink:to='loc_ContractWithCustomerAssetNetCurrent' xlink:type='arc' />
    <link:presentationArc order='20' xlink:arcrole='http://www.xbrl.org/2003/arcrole/parent-child' xlink:from='loc_ContractWithCustomerAssetAfterAllowanceForCreditLossClassifiedAbstract' xlink:to='loc_ContractWithCustomerAssetNetNoncurrent' xlink:type='arc' />
    <link:presentationArc order='30' preferredLabel='http://www.xbrl.org/2003/role/totalLabel' xlink:arcrole='http://www.xbrl.org/2003/arcrole/parent-child' xlink:from='loc_ContractWithCustomerAssetAfterAllowanceForCreditLossClassifiedAbstract' xlink:to='loc_ContractWithCustomerAssetNet' xlink:type='arc' />
    <link:presentationArc order='60' xlink:arcrole='http://www.xbrl.org/2003/arcrole/parent-child' xlink:from='loc_ContractWithCustomerAssetAndLiabilityTableTextBlock' xlink:to='loc_ContractWithCustomerLiabilityAbstract' xlink:type='arc' />
    <link:presentationArc order='10' xlink:arcrole='http://www.xbrl.org/2003/arcrole/parent-child' xlink:from='loc_ContractWithCustomerLiabilityAbstract' xlink:to='loc_ContractWithCustomerLiabilityCurrent' xlink:type='arc' />
    <link:presentationArc order='20' xlink:arcrole='http://www.xbrl.org/2003/arcrole/parent-child' xlink:from='loc_ContractWithCustomerLiabilityAbstract' xlink:to='loc_ContractWithCustomerLiabilityNoncurrent' xlink:type='arc' />
    <link:presentationArc order='30' preferredLabel='http://www.xbrl.org/2003/role/totalLabel' xlink:arcrole='http://www.xbrl.org/2003/arcrole/parent-child' xlink:from='loc_ContractWithCustomerLiabilityAbstract' xlink:to='loc_ContractWithCustomerLiability' xlink:type='arc' />
    <link:presentationArc order='70' xlink:arcrole='http://www.xbrl.org/2003/arcrole/parent-child' xlink:from='loc_ContractWithCustomerAssetAndLiabilityTableTextBlock' xlink:to='loc_ContractWithCustomerReceivableAfterAllowanceForCreditLossAbstract' xlink:type='arc' />
    <link:presentationArc order='10' xlink:arcrole='http://www.xbrl.org/2003/arcrole/parent-child' xlink:from='loc_ContractWithCustomerReceivableAfterAllowanceForCreditLossAbstract' xlink:to='loc_ContractWithCustomerReceivableBeforeAllowanceForCreditLoss' xlink:type='arc' />
    <link:presentationArc order='20' xlink:arcrole='http://www.xbrl.org/2003/arcrole/parent-child' xlink:from='loc_ContractWithCustomerReceivableAfterAllowanceForCreditLossAbstract' xlink:to='loc_ContractWithCustomerReceivableAllowanceForCreditLoss' xlink:type='arc' />
    <link:presentationArc order='30' preferredLabel='http://www.xbrl.org/2003/role/totalLabel' xlink:arcrole='http://www.xbrl.org/2003/arcrole/parent-child' xlink:from='loc_ContractWithCustomerReceivableAfterAllowanceForCreditLossAbstract' xlink:to='loc_ContractWithCustomerReceivableAfterAllowanceForCreditLoss' xlink:type='arc' />
    <link:presentationArc order='80' xlink:arcrole='http://www.xbrl.org/2003/arcrole/parent-child' xlink:from='loc_ContractWithCustomerAssetAndLiabilityTableTextBlock' xlink:to='loc_ContractWithCustomerReceivableAfterAllowanceForCreditLossCurrentAbstract' xlink:type='arc' />
    <link:presentationArc order='10' xlink:arcrole='http://www.xbrl.org/2003/arcrole/parent-child' xlink:from='loc_ContractWithCustomerReceivableAfterAllowanceForCreditLossCurrentAbstract' xlink:to='loc_ContractWithCustomerReceivableBeforeAllowanceForCreditLossCurrent' xlink:type='arc' />
    <link:presentationArc order='20' xlink:arcrole='http://www.xbrl.org/2003/arcrole/parent-child' xlink:from='loc_ContractWithCustomerReceivableAfterAllowanceForCreditLossCurrentAbstract' xlink:to='loc_ContractWithCustomerReceivableAllowanceForCreditLossCurrent' xlink:type='arc' />
    <link:presentationArc order='30' preferredLabel='http://www.xbrl.org/2003/role/totalLabel' xlink:arcrole='http://www.xbrl.org/2003/arcrole/parent-child' xlink:from='loc_ContractWithCustomerReceivableAfterAllowanceForCreditLossCurrentAbstract' xlink:to='loc_ContractWithCustomerReceivableAfterAllowanceForCreditLossCurrent' xlink:type='arc' />
    <link:presentationArc order='90' xlink:arcrole='http://www.xbrl.org/2003/arcrole/parent-child' xlink:from='loc_ContractWithCustomerAssetAndLiabilityTableTextBlock' xlink:to='loc_ContractWithCustomerReceivableAfterAllowanceForCreditLossNoncurrentAbstract' xlink:type='arc' />
    <link:presentationArc order='10' xlink:arcrole='http://www.xbrl.org/2003/arcrole/parent-child' xlink:from='loc_ContractWithCustomerReceivableAfterAllowanceForCreditLossNoncurrentAbstract' xlink:to='loc_ContractWithCustomerReceivableBeforeAllowanceForCreditLossNoncurrent' xlink:type='arc' />
    <link:presentationArc order='20' xlink:arcrole='http://www.xbrl.org/2003/arcrole/parent-child' xlink:from='loc_ContractWithCustomerReceivableAfterAllowanceForCreditLossNoncurrentAbstract' xlink:to='loc_ContractWithCustomerReceivableAllowanceForCreditLossNoncurrent' xlink:type='arc' />
    <link:presentationArc order='30' preferredLabel='http://www.xbrl.org/2003/role/totalLabel' xlink:arcrole='http://www.xbrl.org/2003/arcrole/parent-child' xlink:from='loc_ContractWithCustomerReceivableAfterAllowanceForCreditLossNoncurrentAbstract' xlink:to='loc_ContractWithCustomerReceivableAfterAllowanceForCreditLossNoncurrent' xlink:type='arc' />
    <link:presentationArc order='100' xlink:arcrole='http://www.xbrl.org/2003/arcrole/parent-child' xlink:from='loc_ContractWithCustomerAssetAndLiabilityTableTextBlock' xlink:to='loc_ContractWithCustomerReceivableAfterAllowanceForCreditLossClassifiedAbstract' xlink:type='arc' />
    <link:presentationArc order='10' xlink:arcrole='http://www.xbrl.org/2003/arcrole/parent-child' xlink:from='loc_ContractWithCustomerReceivableAfterAllowanceForCreditLossClassifiedAbstract' xlink:to='loc_ContractWithCustomerReceivableAfterAllowanceForCreditLossCurrent' xlink:type='arc' />
    <link:presentationArc order='20' xlink:arcrole='http://www.xbrl.org/2003/arcrole/parent-child' xlink:from='loc_ContractWithCustomerReceivableAfterAllowanceForCreditLossClassifiedAbstract' xlink:to='loc_ContractWithCustomerReceivableAfterAllowanceForCreditLossNoncurrent' xlink:type='arc' />
    <link:presentationArc order='30' preferredLabel='http://www.xbrl.org/2003/role/totalLabel' xlink:arcrole='http://www.xbrl.org/2003/arcrole/parent-child' xlink:from='loc_ContractWithCustomerReceivableAfterAllowanceForCreditLossClassifiedAbstract' xlink:to='loc_ContractWithCustomerReceivableAfterAllowanceForCreditLoss' xlink:type='arc' />
    <link:presentationArc order='110' xlink:arcrole='http://www.xbrl.org/2003/arcrole/parent-child' xlink:from='loc_ContractWithCustomerAssetAndLiabilityTableTextBlock' xlink:to='loc_ContractWithCustomerReceivableCreditLossExpenseReversal' xlink:type='arc' />
    <link:presentationArc order='30' xlink:arcrole='http://www.xbrl.org/2003/arcrole/parent-child' xlink:from='loc_RevenueFromContractWithCustomerTextBlock' xlink:to='loc_RevenuePerformanceObligationAbstract' xlink:type='arc' />
    <link:presentationArc order='10' xlink:arcrole='http://www.xbrl.org/2003/arcrole/parent-child' xlink:from='loc_RevenuePerformanceObligationAbstract' xlink:to='loc_RevenuePerformanceObligationDescriptionOfGoodOrService' xlink:type='arc' />
    <link:presentationArc order='20' xlink:arcrole='http://www.xbrl.org/2003/arcrole/parent-child' xlink:from='loc_RevenuePerformanceObligationAbstract' xlink:to='loc_RevenuePerformanceObligationDescriptionOfTiming' xlink:type='arc' />
    <link:presentationArc order='30' xlink:arcrole='http://www.xbrl.org/2003/arcrole/parent-child' xlink:from='loc_RevenuePerformanceObligationAbstract' xlink:to='loc_RevenuePerformanceObligationDescriptionOfPaymentTerms' xlink:type='arc' />
    <link:presentationArc order='40' xlink:arcrole='http://www.xbrl.org/2003/arcrole/parent-child' xlink:from='loc_RevenuePerformanceObligationAbstract' xlink:to='loc_RevenuePerformanceObligationDescriptionOfReturnsAndOtherSimilarObligations' xlink:type='arc' />
    <link:presentationArc order='50' xlink:arcrole='http://www.xbrl.org/2003/arcrole/parent-child' xlink:from='loc_RevenuePerformanceObligationAbstract' xlink:to='loc_RevenuePerformanceObligationDescriptionOfWarranty' xlink:type='arc' />
    <link:presentationArc order='60' xlink:arcrole='http://www.xbrl.org/2003/arcrole/parent-child' xlink:from='loc_RevenuePerformanceObligationAbstract' xlink:to='loc_RevenuePerformanceObligationSatisfiedAtPointInTimeTransferOfControl' xlink:type='arc' />
    <link:presentationArc order='70' xlink:arcrole='http://www.xbrl.org/2003/arcrole/parent-child' xlink:from='loc_RevenuePerformanceObligationAbstract' xlink:to='loc_RevenueRemainingPerformanceObligationProvisionForLossPolicyTextBlock' xlink:type='arc' />
    <link:presentationArc order='80' xlink:arcrole='http://www.xbrl.org/2003/arcrole/parent-child' xlink:from='loc_RevenuePerformanceObligationAbstract' xlink:to='loc_RevenuePerformanceObligationSatisfiedOverTimeAbstract' xlink:type='arc' />
    <link:presentationArc order='10' xlink:arcrole='http://www.xbrl.org/2003/arcrole/parent-child' xlink:from='loc_RevenuePerformanceObligationSatisfiedOverTimeAbstract' xlink:to='loc_RevenuePerformanceObligationSatisfiedOverTimeMethodUsedDescription' xlink:type='arc' />
    <link:presentationArc order='20' xlink:arcrole='http://www.xbrl.org/2003/arcrole/parent-child' xlink:from='loc_RevenuePerformanceObligationSatisfiedOverTimeAbstract' xlink:to='loc_RevenuePerformanceObligationSatisfiedOverTimeMethodUsedExplanation' xlink:type='arc' />
    <link:presentationArc order='90' xlink:arcrole='http://www.xbrl.org/2003/arcrole/parent-child' xlink:from='loc_RevenuePerformanceObligationAbstract' xlink:to='loc_RevenueRemainingPerformanceObligationExpectedTimingOfSatisfactionTableTextBlock' xlink:type='arc' />
    <link:presentationArc order='10' xlink:arcrole='http://www.xbrl.org/2003/arcrole/parent-child' xlink:from='loc_RevenueRemainingPerformanceObligationExpectedTimingOfSatisfactionTableTextBlock' xlink:to='loc_RevenueRemainingPerformanceObligationExpectedTimingOfSatisfactionTable' xlink:type='arc' />
    <link:presentationArc order='10' xlink:arcrole='http://www.xbrl.org/2003/arcrole/parent-child' xlink:from='loc_RevenueRemainingPerformanceObligationExpectedTimingOfSatisfactionTable' xlink:to='loc_RevenueRemainingPerformanceObligationExpectedTimingOfSatisfactionStartDateAxis' xlink:type='arc' />
    <link:presentationArc order='20' xlink:arcrole='http://www.xbrl.org/2003/arcrole/parent-child' xlink:from='loc_RevenueRemainingPerformanceObligationExpectedTimingOfSatisfactionTable' xlink:to='loc_RevenueRemainingPerformanceObligationExpectedTimingOfSatisfactionLineItems' xlink:type='arc' />
    <link:presentationArc order='10' xlink:arcrole='http://www.xbrl.org/2003/arcrole/parent-child' xlink:from='loc_RevenueRemainingPerformanceObligationExpectedTimingOfSatisfactionLineItems' xlink:to='loc_RevenueRemainingPerformanceObligationExpectedTimingOfSatisfactionExplanation' xlink:type='arc' />
    <link:presentationArc order='20' xlink:arcrole='http://www.xbrl.org/2003/arcrole/parent-child' xlink:from='loc_RevenueRemainingPerformanceObligationExpectedTimingOfSatisfactionLineItems' xlink:to='loc_RevenueRemainingPerformanceObligationExpectedTimingOfSatisfactionPeriod1' xlink:type='arc' />
    <link:presentationArc order='30' xlink:arcrole='http://www.xbrl.org/2003/arcrole/parent-child' xlink:from='loc_RevenueRemainingPerformanceObligationExpectedTimingOfSatisfactionLineItems' xlink:to='loc_RevenueRemainingPerformanceObligationExpectedTimingOfSatisfactionYear1' xlink:type='arc' />
    <link:presentationArc order='40' xlink:arcrole='http://www.xbrl.org/2003/arcrole/parent-child' xlink:from='loc_RevenueRemainingPerformanceObligationExpectedTimingOfSatisfactionLineItems' xlink:to='loc_RevenueRemainingPerformanceObligation' xlink:type='arc' />
    <link:presentationArc order='50' xlink:arcrole='http://www.xbrl.org/2003/arcrole/parent-child' xlink:from='loc_RevenueRemainingPerformanceObligationExpectedTimingOfSatisfactionLineItems' xlink:to='loc_RevenueRemainingPerformanceObligationPercentage' xlink:type='arc' />
    <link:presentationArc order='100' xlink:arcrole='http://www.xbrl.org/2003/arcrole/parent-child' xlink:from='loc_RevenuePerformanceObligationAbstract' xlink:to='loc_RevenueRemainingPerformanceObligationOptionalExemptionAbstract' xlink:type='arc' />
    <link:presentationArc order='10' xlink:arcrole='http://www.xbrl.org/2003/arcrole/parent-child' xlink:from='loc_RevenueRemainingPerformanceObligationOptionalExemptionAbstract' xlink:to='loc_RevenueRemainingPerformanceObligationOptionalExemptionNature' xlink:type='arc' />
    <link:presentationArc order='20' xlink:arcrole='http://www.xbrl.org/2003/arcrole/parent-child' xlink:from='loc_RevenueRemainingPerformanceObligationOptionalExemptionAbstract' xlink:to='loc_RevenueRemainingPerformanceObligationOptionalExemptionRemainingDuration' xlink:type='arc' />
    <link:presentationArc order='30' xlink:arcrole='http://www.xbrl.org/2003/arcrole/parent-child' xlink:from='loc_RevenueRemainingPerformanceObligationOptionalExemptionAbstract' xlink:to='loc_RevenueRemainingPerformanceObligationOptionalExemptionDescriptionOfVariableConsideration' xlink:type='arc' />
    <link:presentationArc order='40' xlink:arcrole='http://www.xbrl.org/2003/arcrole/parent-child' xlink:from='loc_RevenueRemainingPerformanceObligationOptionalExemptionAbstract' xlink:to='loc_RevenueRemainingPerformanceObligationOptionalExemptionVariableConsideration' xlink:type='arc' />
    <link:presentationArc order='50' xlink:arcrole='http://www.xbrl.org/2003/arcrole/parent-child' xlink:from='loc_RevenueRemainingPerformanceObligationOptionalExemptionAbstract' xlink:to='loc_RevenuePracticalExpedientRemainingPerformanceObligationDescription' xlink:type='arc' />
    <link:presentationArc order='60' xlink:arcrole='http://www.xbrl.org/2003/arcrole/parent-child' xlink:from='loc_RevenueRemainingPerformanceObligationOptionalExemptionAbstract' xlink:to='loc_RevenuePracticalExpedientRemainingPerformanceObligation' xlink:type='arc' />
    <link:presentationArc order='40' xlink:arcrole='http://www.xbrl.org/2003/arcrole/parent-child' xlink:from='loc_RevenueFromContractWithCustomerTextBlock' xlink:to='loc_CapitalizedContractCostAbstract' xlink:type='arc' />
    <link:presentationArc order='10' xlink:arcrole='http://www.xbrl.org/2003/arcrole/parent-child' xlink:from='loc_CapitalizedContractCostAbstract' xlink:to='loc_CapitalizedContractCostAmortizationMethod' xlink:type='arc' />
    <link:presentationArc order='20' xlink:arcrole='http://www.xbrl.org/2003/arcrole/parent-child' xlink:from='loc_CapitalizedContractCostAbstract' xlink:to='loc_CapitalizedContractCostAmortizationPeriod' xlink:type='arc' />
    <link:presentationArc order='30' xlink:arcrole='http://www.xbrl.org/2003/arcrole/parent-child' xlink:from='loc_CapitalizedContractCostAbstract' xlink:to='loc_CapitalizedContractCostJudgment' xlink:type='arc' />
    <link:presentationArc order='40' xlink:arcrole='http://www.xbrl.org/2003/arcrole/parent-child' xlink:from='loc_CapitalizedContractCostAbstract' xlink:to='loc_CapitalizedContractCostTableTextBlock' xlink:type='arc' />
    <link:presentationArc order='10' xlink:arcrole='http://www.xbrl.org/2003/arcrole/parent-child' xlink:from='loc_CapitalizedContractCostTableTextBlock' xlink:to='loc_CapitalizedContractCostTable' xlink:type='arc' />
    <link:presentationArc order='10' xlink:arcrole='http://www.xbrl.org/2003/arcrole/parent-child' xlink:from='loc_CapitalizedContractCostTable' xlink:to='loc_CapitalizedContractCostAxis' xlink:type='arc' />
    <link:presentationArc order='10' xlink:arcrole='http://www.xbrl.org/2003/arcrole/parent-child' xlink:from='loc_CapitalizedContractCostAxis' xlink:to='loc_CapitalizedContractCostDomain' xlink:type='arc' />
    <link:presentationArc order='20' xlink:arcrole='http://www.xbrl.org/2003/arcrole/parent-child' xlink:from='loc_CapitalizedContractCostTable' xlink:to='loc_CapitalizedContractCostLineItems' xlink:type='arc' />
    <link:presentationArc order='10' xlink:arcrole='http://www.xbrl.org/2003/arcrole/parent-child' xlink:from='loc_CapitalizedContractCostLineItems' xlink:to='loc_CapitalizedContractCostNetAbstract' xlink:type='arc' />
    <link:presentationArc order='10' xlink:arcrole='http://www.xbrl.org/2003/arcrole/parent-child' xlink:from='loc_CapitalizedContractCostNetAbstract' xlink:to='loc_CapitalizedContractCostGross' xlink:type='arc' />
    <link:presentationArc order='20' xlink:arcrole='http://www.xbrl.org/2003/arcrole/parent-child' xlink:from='loc_CapitalizedContractCostNetAbstract' xlink:to='loc_CapitalizedContractCostAccumulatedAmortization' xlink:type='arc' />
    <link:presentationArc order='30' xlink:arcrole='http://www.xbrl.org/2003/arcrole/parent-child' xlink:from='loc_CapitalizedContractCostNetAbstract' xlink:to='loc_CapitalizedContractCostAccumulatedImpairment' xlink:type='arc' />
    <link:presentationArc order='40' preferredLabel='http://www.xbrl.org/2003/role/totalLabel' xlink:arcrole='http://www.xbrl.org/2003/arcrole/parent-child' xlink:from='loc_CapitalizedContractCostNetAbstract' xlink:to='loc_CapitalizedContractCostNet' xlink:type='arc' />
    <link:presentationArc order='20' xlink:arcrole='http://www.xbrl.org/2003/arcrole/parent-child' xlink:from='loc_CapitalizedContractCostLineItems' xlink:to='loc_CapitalizedContractCostNetClassifiedAbstract' xlink:type='arc' />
    <link:presentationArc order='10' xlink:arcrole='http://www.xbrl.org/2003/arcrole/parent-child' xlink:from='loc_CapitalizedContractCostNetClassifiedAbstract' xlink:to='loc_CapitalizedContractCostNetCurrent' xlink:type='arc' />
    <link:presentationArc order='20' xlink:arcrole='http://www.xbrl.org/2003/arcrole/parent-child' xlink:from='loc_CapitalizedContractCostNetClassifiedAbstract' xlink:to='loc_CapitalizedContractCostNetNoncurrent' xlink:type='arc' />
    <link:presentationArc order='30' preferredLabel='http://www.xbrl.org/2003/role/totalLabel' xlink:arcrole='http://www.xbrl.org/2003/arcrole/parent-child' xlink:from='loc_CapitalizedContractCostNetClassifiedAbstract' xlink:to='loc_CapitalizedContractCostNet' xlink:type='arc' />
    <link:presentationArc order='30' xlink:arcrole='http://www.xbrl.org/2003/arcrole/parent-child' xlink:from='loc_CapitalizedContractCostLineItems' xlink:to='loc_CapitalizedContractCostAmortization' xlink:type='arc' />
    <link:presentationArc order='40' xlink:arcrole='http://www.xbrl.org/2003/arcrole/parent-child' xlink:from='loc_CapitalizedContractCostLineItems' xlink:to='loc_CapitalizedContractCostImpairmentLoss' xlink:type='arc' />
    <link:presentationArc order='50' xlink:arcrole='http://www.xbrl.org/2003/arcrole/parent-child' xlink:from='loc_CapitalizedContractCostAbstract' xlink:to='loc_RevenueShippingAndHandlingPolicyElection' xlink:type='arc' />
    <link:presentationArc order='50' xlink:arcrole='http://www.xbrl.org/2003/arcrole/parent-child' xlink:from='loc_RevenueFromContractWithCustomerTextBlock' xlink:to='loc_RevenueJudgmentAbstract' xlink:type='arc' />
    <link:presentationArc order='10' xlink:arcrole='http://www.xbrl.org/2003/arcrole/parent-child' xlink:from='loc_RevenueJudgmentAbstract' xlink:to='loc_RevenueJudgment' xlink:type='arc' />
    <link:presentationArc order='20' xlink:arcrole='http://www.xbrl.org/2003/arcrole/parent-child' xlink:from='loc_RevenueJudgmentAbstract' xlink:to='loc_RevenueChangeInJudgment' xlink:type='arc' />
    <link:presentationArc order='60' xlink:arcrole='http://www.xbrl.org/2003/arcrole/parent-child' xlink:from='loc_RevenueFromContractWithCustomerTextBlock' xlink:to='loc_RevenueMethodsInputsAndAssumptionsUsedAbstract' xlink:type='arc' />
    <link:presentationArc order='10' xlink:arcrole='http://www.xbrl.org/2003/arcrole/parent-child' xlink:from='loc_RevenueMethodsInputsAndAssumptionsUsedAbstract' xlink:to='loc_RevenueInformationUsedToDetermineTransactionPrice' xlink:type='arc' />
    <link:presentationArc order='20' xlink:arcrole='http://www.xbrl.org/2003/arcrole/parent-child' xlink:from='loc_RevenueMethodsInputsAndAssumptionsUsedAbstract' xlink:to='loc_RevenueInformationUsedToAssessVariableConsiderationConstraint' xlink:type='arc' />
    <link:presentationArc order='30' xlink:arcrole='http://www.xbrl.org/2003/arcrole/parent-child' xlink:from='loc_RevenueMethodsInputsAndAssumptionsUsedAbstract' xlink:to='loc_RevenueInformationUsedToAllocateTransactionPrice' xlink:type='arc' />
    <link:presentationArc order='40' xlink:arcrole='http://www.xbrl.org/2003/arcrole/parent-child' xlink:from='loc_RevenueMethodsInputsAndAssumptionsUsedAbstract' xlink:to='loc_RevenueInformationUsedToMeasureObligation' xlink:type='arc' />
    <link:presentationArc order='70' xlink:arcrole='http://www.xbrl.org/2003/arcrole/parent-child' xlink:from='loc_RevenueFromContractWithCustomerTextBlock' xlink:to='loc_ContractWithCustomerRightOfReturnAbstract' xlink:type='arc' />
    <link:presentationArc order='10' xlink:arcrole='http://www.xbrl.org/2003/arcrole/parent-child' xlink:from='loc_ContractWithCustomerRightOfReturnAbstract' xlink:to='loc_ContractWithCustomerRefundLiabilityAbstract' xlink:type='arc' />
    <link:presentationArc order='10' xlink:arcrole='http://www.xbrl.org/2003/arcrole/parent-child' xlink:from='loc_ContractWithCustomerRefundLiabilityAbstract' xlink:to='loc_ContractWithCustomerRefundLiabilityCurrent' xlink:type='arc' />
    <link:presentationArc order='20' xlink:arcrole='http://www.xbrl.org/2003/arcrole/parent-child' xlink:from='loc_ContractWithCustomerRefundLiabilityAbstract' xlink:to='loc_ContractWithCustomerRefundLiabilityNoncurrent' xlink:type='arc' />
    <link:presentationArc order='30' preferredLabel='http://www.xbrl.org/2003/role/totalLabel' xlink:arcrole='http://www.xbrl.org/2003/arcrole/parent-child' xlink:from='loc_ContractWithCustomerRefundLiabilityAbstract' xlink:to='loc_ContractWithCustomerRefundLiability' xlink:type='arc' />
    <link:presentationArc order='20' xlink:arcrole='http://www.xbrl.org/2003/arcrole/parent-child' xlink:from='loc_ContractWithCustomerRightOfReturnAbstract' xlink:to='loc_ContractWithCustomerRightToRecoverProductAbstract' xlink:type='arc' />
    <link:presentationArc order='10' xlink:arcrole='http://www.xbrl.org/2003/arcrole/parent-child' xlink:from='loc_ContractWithCustomerRightToRecoverProductAbstract' xlink:to='loc_ContractWithCustomerRightToRecoverProductCurrent' xlink:type='arc' />
    <link:presentationArc order='20' xlink:arcrole='http://www.xbrl.org/2003/arcrole/parent-child' xlink:from='loc_ContractWithCustomerRightToRecoverProductAbstract' xlink:to='loc_ContractWithCustomerRightToRecoverProductNoncurrent' xlink:type='arc' />
    <link:presentationArc order='30' preferredLabel='http://www.xbrl.org/2003/role/totalLabel' xlink:arcrole='http://www.xbrl.org/2003/arcrole/parent-child' xlink:from='loc_ContractWithCustomerRightToRecoverProductAbstract' xlink:to='loc_ContractWithCustomerRightToRecoverProduct' xlink:type='arc' />
    <link:presentationArc order='80' xlink:arcrole='http://www.xbrl.org/2003/arcrole/parent-child' xlink:from='loc_RevenueFromContractWithCustomerTextBlock' xlink:to='loc_RevenuePracticalExpedientAbstract' xlink:type='arc' />
    <link:presentationArc order='10' xlink:arcrole='http://www.xbrl.org/2003/arcrole/parent-child' xlink:from='loc_RevenuePracticalExpedientAbstract' xlink:to='loc_RevenuePracticalExpedientFinancingComponent' xlink:type='arc' />
    <link:presentationArc order='20' xlink:arcrole='http://www.xbrl.org/2003/arcrole/parent-child' xlink:from='loc_RevenuePracticalExpedientAbstract' xlink:to='loc_RevenuePracticalExpedientIncrementalCostOfObtainingContract' xlink:type='arc' />
    <link:presentationArc order='20' xlink:arcrole='http://www.xbrl.org/2003/arcrole/parent-child' xlink:from='loc_RevenueFromContractWithCustomerAbstract' xlink:to='loc_GrossTransactionVolume' xlink:type='arc' />
  </link:presentationLink>
</link:linkbase>
