<?xml version='1.0' encoding='UTF-8'?>

<!--
(c) 2010-2025 Financial Accounting Foundation; (c) 2007-2010 XBRL US, Inc.  All Rights Reserved.
Notice: Authorized Uses are Set Forth at https://xbrl.fasb.org/terms/TaxonomiesTermsConditions.html
  -->
<link:linkbase xmlns:link='http://www.xbrl.org/2003/linkbase' xmlns:xlink='http://www.w3.org/1999/xlink' xmlns:xsi='http://www.w3.org/2001/XMLSchema-instance' xsi:schemaLocation='http://www.xbrl.org/2003/linkbase http://www.xbrl.org/2003/xbrl-linkbase-2003-12-31.xsd'>
  <link:arcroleRef arcroleURI='https://xbrl.org/2023/arcrole/summation-item' xlink:href='https://www.xbrl.org/2023/calculation-1.1.xsd#summation-item' xlink:type='simple'/>
  <link:roleRef roleURI='http://fasb.org/us-gaap/role/disclosure/TransfersAndServicing' xlink:href='../elts/us-roles-2025.xsd#ts' xlink:type='simple' />
  <link:calculationLink xlink:role='http://fasb.org/us-gaap/role/disclosure/TransfersAndServicing' xlink:type='extended'>
    <link:loc xlink:href='../elts/us-gaap-2025.xsd#us-gaap_ServicingAssetAtAmortizedValuePeriodIncreaseDecrease' xlink:label='loc_ServicingAssetAtAmortizedValuePeriodIncreaseDecrease' xlink:type='locator' />
    <link:loc xlink:href='../elts/us-gaap-2025.xsd#us-gaap_ServicingAssetAtAmortizedValueAdditions' xlink:label='loc_ServicingAssetAtAmortizedValueAdditions' xlink:type='locator' />
    <link:loc xlink:href='../elts/us-gaap-2025.xsd#us-gaap_ServicingAssetAtAmortizedValueDisposals' xlink:label='loc_ServicingAssetAtAmortizedValueDisposals' xlink:type='locator' />
    <link:loc xlink:href='../elts/us-gaap-2025.xsd#us-gaap_ServicingAssetAtAmortizedValueAmortization1' xlink:label='loc_ServicingAssetAtAmortizedValueAmortization1' xlink:type='locator' />
    <link:loc xlink:href='../elts/us-gaap-2025.xsd#us-gaap_ServicingAssetAtAmortizedValueValuationAllowance' xlink:label='loc_ServicingAssetAtAmortizedValueValuationAllowance' xlink:type='locator' />
    <link:loc xlink:href='../elts/us-gaap-2025.xsd#us-gaap_ServicingAssetAtAmortizedCostOtherThanTemporaryImpairments' xlink:label='loc_ServicingAssetAtAmortizedCostOtherThanTemporaryImpairments' xlink:type='locator' />
    <link:loc xlink:href='../elts/us-gaap-2025.xsd#us-gaap_ServicingAssetAtAmortizedValueOtherChangesThatAffectBalanceAmount' xlink:label='loc_ServicingAssetAtAmortizedValueOtherChangesThatAffectBalanceAmount' xlink:type='locator' />
    <link:loc xlink:href='../elts/us-gaap-2025.xsd#us-gaap_ServicingAssetAtFairValuePeriodIncreaseDecrease' xlink:label='loc_ServicingAssetAtFairValuePeriodIncreaseDecrease' xlink:type='locator' />
    <link:loc xlink:href='../elts/us-gaap-2025.xsd#us-gaap_ServicingAssetAtFairValueAdditions' xlink:label='loc_ServicingAssetAtFairValueAdditions' xlink:type='locator' />
    <link:loc xlink:href='../elts/us-gaap-2025.xsd#us-gaap_ServicingAssetAtFairValueDisposals' xlink:label='loc_ServicingAssetAtFairValueDisposals' xlink:type='locator' />
    <link:loc xlink:href='../elts/us-gaap-2025.xsd#us-gaap_ServicingAssetAtFairValueChangesInFairValueResultingFromChangesInValuationInputsOrChangesInAssumptions' xlink:label='loc_ServicingAssetAtFairValueChangesInFairValueResultingFromChangesInValuationInputsOrChangesInAssumptions' xlink:type='locator' />
    <link:loc xlink:href='../elts/us-gaap-2025.xsd#us-gaap_ServicingAssetAtFairValueChangesInFairValueResultingFromChangesInValuationInputs' xlink:label='loc_ServicingAssetAtFairValueChangesInFairValueResultingFromChangesInValuationInputs' xlink:type='locator' />
    <link:loc xlink:href='../elts/us-gaap-2025.xsd#us-gaap_AssetAtFairValueChangesInFairValueResultingFromChangesInAssumptions' xlink:label='loc_AssetAtFairValueChangesInFairValueResultingFromChangesInAssumptions' xlink:type='locator' />
    <link:loc xlink:href='../elts/us-gaap-2025.xsd#us-gaap_ServicingAssetAtFairValueOtherChangesInFairValue' xlink:label='loc_ServicingAssetAtFairValueOtherChangesInFairValue' xlink:type='locator' />
    <link:loc xlink:href='../elts/us-gaap-2025.xsd#us-gaap_ServicingAssetAtFairValueOtherChangesThatAffectBalance' xlink:label='loc_ServicingAssetAtFairValueOtherChangesThatAffectBalance' xlink:type='locator' />
    <link:loc xlink:href='../elts/us-gaap-2025.xsd#us-gaap_ServicingLiabilityAtAmortizedValuePeriodIncreaseDecrease' xlink:label='loc_ServicingLiabilityAtAmortizedValuePeriodIncreaseDecrease' xlink:type='locator' />
    <link:loc xlink:href='../elts/us-gaap-2025.xsd#us-gaap_ServicingLiabilityAtAmortizedValueAdditions' xlink:label='loc_ServicingLiabilityAtAmortizedValueAdditions' xlink:type='locator' />
    <link:loc xlink:href='../elts/us-gaap-2025.xsd#us-gaap_ServicingLiabilityAtAmortizedValueDisposals' xlink:label='loc_ServicingLiabilityAtAmortizedValueDisposals' xlink:type='locator' />
    <link:loc xlink:href='../elts/us-gaap-2025.xsd#us-gaap_ServicingLiabilityAtAmortizedCostAmortization' xlink:label='loc_ServicingLiabilityAtAmortizedCostAmortization' xlink:type='locator' />
    <link:loc xlink:href='../elts/us-gaap-2025.xsd#us-gaap_ServicingLiabilityAtAmortizedCostOtherIncreaseDecreaseInObligation' xlink:label='loc_ServicingLiabilityAtAmortizedCostOtherIncreaseDecreaseInObligation' xlink:type='locator' />
    <link:loc xlink:href='../elts/us-gaap-2025.xsd#us-gaap_ServicingLiabilityAtFairValuePeriodIncreaseDecrease' xlink:label='loc_ServicingLiabilityAtFairValuePeriodIncreaseDecrease' xlink:type='locator' />
    <link:loc xlink:href='../elts/us-gaap-2025.xsd#us-gaap_ServicingLiabilityAtFairValueAdditions' xlink:label='loc_ServicingLiabilityAtFairValueAdditions' xlink:type='locator' />
    <link:loc xlink:href='../elts/us-gaap-2025.xsd#us-gaap_ServicingLiabilityAtFairValueDisposals' xlink:label='loc_ServicingLiabilityAtFairValueDisposals' xlink:type='locator' />
    <link:loc xlink:href='../elts/us-gaap-2025.xsd#us-gaap_ServicingLiabilityAtFairValueChangesInFairValueResultingFromChangesInValuationInputsOrChangesInAssumptions' xlink:label='loc_ServicingLiabilityAtFairValueChangesInFairValueResultingFromChangesInValuationInputsOrChangesInAssumptions' xlink:type='locator' />
    <link:loc xlink:href='../elts/us-gaap-2025.xsd#us-gaap_ServicingLiabilityAtFairValueOtherChangesInFairValue' xlink:label='loc_ServicingLiabilityAtFairValueOtherChangesInFairValue' xlink:type='locator' />
    <link:loc xlink:href='../elts/us-gaap-2025.xsd#us-gaap_ServicingLiabilityAtFairValueOtherChangesThatAffectBalance' xlink:label='loc_ServicingLiabilityAtFairValueOtherChangesThatAffectBalance' xlink:type='locator' />
    <link:loc xlink:href='../elts/us-gaap-2025.xsd#us-gaap_ValuationAllowanceForImpairmentOfRecognizedServicingAssetsPeriodIncreaseDecrease' xlink:label='loc_ValuationAllowanceForImpairmentOfRecognizedServicingAssetsPeriodIncreaseDecrease' xlink:type='locator' />
    <link:loc xlink:href='../elts/us-gaap-2025.xsd#us-gaap_ValuationAllowanceForImpairmentOfRecognizedServicingAssetsProvisionsRecoveries' xlink:label='loc_ValuationAllowanceForImpairmentOfRecognizedServicingAssetsProvisionsRecoveries' xlink:type='locator' />
    <link:loc xlink:href='../elts/us-gaap-2025.xsd#us-gaap_ValuationAllowanceForImpairmentOfRecognizedServicingAssetsProvisions' xlink:label='loc_ValuationAllowanceForImpairmentOfRecognizedServicingAssetsProvisions' xlink:type='locator' />
    <link:loc xlink:href='../elts/us-gaap-2025.xsd#us-gaap_ValuationAllowanceForImpairmentOfRecognizedServicingAssetsRecoveries' xlink:label='loc_ValuationAllowanceForImpairmentOfRecognizedServicingAssetsRecoveries' xlink:type='locator' />
    <link:loc xlink:href='../elts/us-gaap-2025.xsd#us-gaap_ValuationAllowanceForImpairmentOfRecognizedServicingAssetsAggregateWriteDowns' xlink:label='loc_ValuationAllowanceForImpairmentOfRecognizedServicingAssetsAggregateWriteDowns' xlink:type='locator' />
    <link:loc xlink:href='../elts/us-gaap-2025.xsd#us-gaap_ValuationAllowanceForImpairmentOfRecognizedServicingAssetsSalesAndDisposals' xlink:label='loc_ValuationAllowanceForImpairmentOfRecognizedServicingAssetsSalesAndDisposals' xlink:type='locator' />
    <link:loc xlink:href='../elts/us-gaap-2025.xsd#us-gaap_ValuationAllowanceForImpairmentOfRecognizedServicingAssetsSales' xlink:label='loc_ValuationAllowanceForImpairmentOfRecognizedServicingAssetsSales' xlink:type='locator' />
    <link:loc xlink:href='../elts/us-gaap-2025.xsd#us-gaap_ValuationAllowanceForImpairmentOfRecognizedServicingAssetsDisposals' xlink:label='loc_ValuationAllowanceForImpairmentOfRecognizedServicingAssetsDisposals' xlink:type='locator' />
    <link:loc xlink:href='../elts/us-gaap-2025.xsd#us-gaap_PrincipalAmountOutstandingOfLoansHeldInPortfolio' xlink:label='loc_PrincipalAmountOutstandingOfLoansHeldInPortfolio' xlink:type='locator' />
    <link:loc xlink:href='../elts/us-gaap-2025.xsd#us-gaap_PrincipalAmountOutstandingOnLoansManagedAndSecuritized' xlink:label='loc_PrincipalAmountOutstandingOnLoansManagedAndSecuritized' xlink:type='locator' />
    <link:loc xlink:href='../elts/us-gaap-2025.xsd#us-gaap_PrincipalAmountOutstandingOnLoansSecuritized' xlink:label='loc_PrincipalAmountOutstandingOnLoansSecuritized' xlink:type='locator' />
    <link:loc xlink:href='../elts/us-gaap-2025.xsd#us-gaap_PrincipalAmountOutstandingOnLoansHeldForSaleOrSecuritization' xlink:label='loc_PrincipalAmountOutstandingOnLoansHeldForSaleOrSecuritization' xlink:type='locator' />
    <link:loc xlink:href='../elts/us-gaap-2025.xsd#us-gaap_SecuredBorrowingsGrossIncludingNotSubjectToMasterNettingArrangement' xlink:label='loc_SecuredBorrowingsGrossIncludingNotSubjectToMasterNettingArrangement' xlink:type='locator' />
    <link:loc xlink:href='../elts/us-gaap-2025.xsd#us-gaap_FinancialAssetsSoldUnderAgreementsToRepurchaseGrossIncludingNotSubjectToMasterNettingArrangement' xlink:label='loc_FinancialAssetsSoldUnderAgreementsToRepurchaseGrossIncludingNotSubjectToMasterNettingArrangement' xlink:type='locator' />
    <link:loc xlink:href='../elts/us-gaap-2025.xsd#us-gaap_SecuritiesLoanedIncludingNotSubjectToMasterNettingArrangementAndAssetsOtherThanSecuritiesTransferred' xlink:label='loc_SecuritiesLoanedIncludingNotSubjectToMasterNettingArrangementAndAssetsOtherThanSecuritiesTransferred' xlink:type='locator' />
    <link:loc xlink:href='../elts/us-gaap-2025.xsd#us-gaap_FinancialAssetPurchasedUnderAgreementToResell' xlink:label='loc_FinancialAssetPurchasedUnderAgreementToResell' xlink:type='locator' />
    <link:loc xlink:href='../elts/us-gaap-2025.xsd#us-gaap_SecuritiesPurchasedUnderAgreementsToResell' xlink:label='loc_SecuritiesPurchasedUnderAgreementsToResell' xlink:type='locator' />
    <link:calculationArc order='10' weight='1.0' xlink:arcrole='https://xbrl.org/2023/arcrole/summation-item' xlink:from='loc_ServicingAssetAtAmortizedValuePeriodIncreaseDecrease' xlink:to='loc_ServicingAssetAtAmortizedValueAdditions' xlink:type='arc' />
    <link:calculationArc order='20' weight='-1.0' xlink:arcrole='https://xbrl.org/2023/arcrole/summation-item' xlink:from='loc_ServicingAssetAtAmortizedValuePeriodIncreaseDecrease' xlink:to='loc_ServicingAssetAtAmortizedValueDisposals' xlink:type='arc' />
    <link:calculationArc order='30' weight='-1.0' xlink:arcrole='https://xbrl.org/2023/arcrole/summation-item' xlink:from='loc_ServicingAssetAtAmortizedValuePeriodIncreaseDecrease' xlink:to='loc_ServicingAssetAtAmortizedValueAmortization1' xlink:type='arc' />
    <link:calculationArc order='40' weight='1.0' xlink:arcrole='https://xbrl.org/2023/arcrole/summation-item' xlink:from='loc_ServicingAssetAtAmortizedValuePeriodIncreaseDecrease' xlink:to='loc_ServicingAssetAtAmortizedValueValuationAllowance' xlink:type='arc' />
    <link:calculationArc order='50' weight='-1.0' xlink:arcrole='https://xbrl.org/2023/arcrole/summation-item' xlink:from='loc_ServicingAssetAtAmortizedValuePeriodIncreaseDecrease' xlink:to='loc_ServicingAssetAtAmortizedCostOtherThanTemporaryImpairments' xlink:type='arc' />
    <link:calculationArc order='60' weight='1.0' xlink:arcrole='https://xbrl.org/2023/arcrole/summation-item' xlink:from='loc_ServicingAssetAtAmortizedValuePeriodIncreaseDecrease' xlink:to='loc_ServicingAssetAtAmortizedValueOtherChangesThatAffectBalanceAmount' xlink:type='arc' />
    <link:calculationArc order='10' weight='1.0' xlink:arcrole='https://xbrl.org/2023/arcrole/summation-item' xlink:from='loc_ServicingAssetAtFairValuePeriodIncreaseDecrease' xlink:to='loc_ServicingAssetAtFairValueAdditions' xlink:type='arc' />
    <link:calculationArc order='20' weight='-1.0' xlink:arcrole='https://xbrl.org/2023/arcrole/summation-item' xlink:from='loc_ServicingAssetAtFairValuePeriodIncreaseDecrease' xlink:to='loc_ServicingAssetAtFairValueDisposals' xlink:type='arc' />
    <link:calculationArc order='30' weight='1.0' xlink:arcrole='https://xbrl.org/2023/arcrole/summation-item' xlink:from='loc_ServicingAssetAtFairValuePeriodIncreaseDecrease' xlink:to='loc_ServicingAssetAtFairValueChangesInFairValueResultingFromChangesInValuationInputsOrChangesInAssumptions' xlink:type='arc' />
    <link:calculationArc order='10' weight='1.0' xlink:arcrole='https://xbrl.org/2023/arcrole/summation-item' xlink:from='loc_ServicingAssetAtFairValueChangesInFairValueResultingFromChangesInValuationInputsOrChangesInAssumptions' xlink:to='loc_ServicingAssetAtFairValueChangesInFairValueResultingFromChangesInValuationInputs' xlink:type='arc' />
    <link:calculationArc order='20' weight='1.0' xlink:arcrole='https://xbrl.org/2023/arcrole/summation-item' xlink:from='loc_ServicingAssetAtFairValueChangesInFairValueResultingFromChangesInValuationInputsOrChangesInAssumptions' xlink:to='loc_AssetAtFairValueChangesInFairValueResultingFromChangesInAssumptions' xlink:type='arc' />
    <link:calculationArc order='40' weight='1.0' xlink:arcrole='https://xbrl.org/2023/arcrole/summation-item' xlink:from='loc_ServicingAssetAtFairValuePeriodIncreaseDecrease' xlink:to='loc_ServicingAssetAtFairValueOtherChangesInFairValue' xlink:type='arc' />
    <link:calculationArc order='50' weight='1.0' xlink:arcrole='https://xbrl.org/2023/arcrole/summation-item' xlink:from='loc_ServicingAssetAtFairValuePeriodIncreaseDecrease' xlink:to='loc_ServicingAssetAtFairValueOtherChangesThatAffectBalance' xlink:type='arc' />
    <link:calculationArc order='10' weight='1.0' xlink:arcrole='https://xbrl.org/2023/arcrole/summation-item' xlink:from='loc_ServicingLiabilityAtAmortizedValuePeriodIncreaseDecrease' xlink:to='loc_ServicingLiabilityAtAmortizedValueAdditions' xlink:type='arc' />
    <link:calculationArc order='20' weight='-1.0' xlink:arcrole='https://xbrl.org/2023/arcrole/summation-item' xlink:from='loc_ServicingLiabilityAtAmortizedValuePeriodIncreaseDecrease' xlink:to='loc_ServicingLiabilityAtAmortizedValueDisposals' xlink:type='arc' />
    <link:calculationArc order='30' weight='-1.0' xlink:arcrole='https://xbrl.org/2023/arcrole/summation-item' xlink:from='loc_ServicingLiabilityAtAmortizedValuePeriodIncreaseDecrease' xlink:to='loc_ServicingLiabilityAtAmortizedCostAmortization' xlink:type='arc' />
    <link:calculationArc order='40' weight='1.0' xlink:arcrole='https://xbrl.org/2023/arcrole/summation-item' xlink:from='loc_ServicingLiabilityAtAmortizedValuePeriodIncreaseDecrease' xlink:to='loc_ServicingLiabilityAtAmortizedCostOtherIncreaseDecreaseInObligation' xlink:type='arc' />
    <link:calculationArc order='10' weight='1.0' xlink:arcrole='https://xbrl.org/2023/arcrole/summation-item' xlink:from='loc_ServicingLiabilityAtFairValuePeriodIncreaseDecrease' xlink:to='loc_ServicingLiabilityAtFairValueAdditions' xlink:type='arc' />
    <link:calculationArc order='20' weight='-1.0' xlink:arcrole='https://xbrl.org/2023/arcrole/summation-item' xlink:from='loc_ServicingLiabilityAtFairValuePeriodIncreaseDecrease' xlink:to='loc_ServicingLiabilityAtFairValueDisposals' xlink:type='arc' />
    <link:calculationArc order='30' weight='1.0' xlink:arcrole='https://xbrl.org/2023/arcrole/summation-item' xlink:from='loc_ServicingLiabilityAtFairValuePeriodIncreaseDecrease' xlink:to='loc_ServicingLiabilityAtFairValueChangesInFairValueResultingFromChangesInValuationInputsOrChangesInAssumptions' xlink:type='arc' />
    <link:calculationArc order='40' weight='1.0' xlink:arcrole='https://xbrl.org/2023/arcrole/summation-item' xlink:from='loc_ServicingLiabilityAtFairValuePeriodIncreaseDecrease' xlink:to='loc_ServicingLiabilityAtFairValueOtherChangesInFairValue' xlink:type='arc' />
    <link:calculationArc order='50' weight='1.0' xlink:arcrole='https://xbrl.org/2023/arcrole/summation-item' xlink:from='loc_ServicingLiabilityAtFairValuePeriodIncreaseDecrease' xlink:to='loc_ServicingLiabilityAtFairValueOtherChangesThatAffectBalance' xlink:type='arc' />
    <link:calculationArc order='10' weight='1.0' xlink:arcrole='https://xbrl.org/2023/arcrole/summation-item' xlink:from='loc_ValuationAllowanceForImpairmentOfRecognizedServicingAssetsPeriodIncreaseDecrease' xlink:to='loc_ValuationAllowanceForImpairmentOfRecognizedServicingAssetsProvisionsRecoveries' xlink:type='arc' />
    <link:calculationArc order='10' weight='1.0' xlink:arcrole='https://xbrl.org/2023/arcrole/summation-item' xlink:from='loc_ValuationAllowanceForImpairmentOfRecognizedServicingAssetsProvisionsRecoveries' xlink:to='loc_ValuationAllowanceForImpairmentOfRecognizedServicingAssetsProvisions' xlink:type='arc' />
    <link:calculationArc order='20' weight='-1.0' xlink:arcrole='https://xbrl.org/2023/arcrole/summation-item' xlink:from='loc_ValuationAllowanceForImpairmentOfRecognizedServicingAssetsProvisionsRecoveries' xlink:to='loc_ValuationAllowanceForImpairmentOfRecognizedServicingAssetsRecoveries' xlink:type='arc' />
    <link:calculationArc order='20' weight='-1.0' xlink:arcrole='https://xbrl.org/2023/arcrole/summation-item' xlink:from='loc_ValuationAllowanceForImpairmentOfRecognizedServicingAssetsPeriodIncreaseDecrease' xlink:to='loc_ValuationAllowanceForImpairmentOfRecognizedServicingAssetsAggregateWriteDowns' xlink:type='arc' />
    <link:calculationArc order='30' weight='-1.0' xlink:arcrole='https://xbrl.org/2023/arcrole/summation-item' xlink:from='loc_ValuationAllowanceForImpairmentOfRecognizedServicingAssetsPeriodIncreaseDecrease' xlink:to='loc_ValuationAllowanceForImpairmentOfRecognizedServicingAssetsSalesAndDisposals' xlink:type='arc' />
    <link:calculationArc order='10' weight='1.0' xlink:arcrole='https://xbrl.org/2023/arcrole/summation-item' xlink:from='loc_ValuationAllowanceForImpairmentOfRecognizedServicingAssetsSalesAndDisposals' xlink:to='loc_ValuationAllowanceForImpairmentOfRecognizedServicingAssetsSales' xlink:type='arc' />
    <link:calculationArc order='20' weight='1.0' xlink:arcrole='https://xbrl.org/2023/arcrole/summation-item' xlink:from='loc_ValuationAllowanceForImpairmentOfRecognizedServicingAssetsSalesAndDisposals' xlink:to='loc_ValuationAllowanceForImpairmentOfRecognizedServicingAssetsDisposals' xlink:type='arc' />
    <link:calculationArc order='10' weight='1.0' xlink:arcrole='https://xbrl.org/2023/arcrole/summation-item' xlink:from='loc_PrincipalAmountOutstandingOfLoansHeldInPortfolio' xlink:to='loc_PrincipalAmountOutstandingOnLoansManagedAndSecuritized' xlink:type='arc' />
    <link:calculationArc order='20' weight='-1.0' xlink:arcrole='https://xbrl.org/2023/arcrole/summation-item' xlink:from='loc_PrincipalAmountOutstandingOfLoansHeldInPortfolio' xlink:to='loc_PrincipalAmountOutstandingOnLoansSecuritized' xlink:type='arc' />
    <link:calculationArc order='30' weight='-1.0' xlink:arcrole='https://xbrl.org/2023/arcrole/summation-item' xlink:from='loc_PrincipalAmountOutstandingOfLoansHeldInPortfolio' xlink:to='loc_PrincipalAmountOutstandingOnLoansHeldForSaleOrSecuritization' xlink:type='arc' />
    <link:calculationArc order='10' weight='1.0' xlink:arcrole='https://xbrl.org/2023/arcrole/summation-item' xlink:from='loc_SecuredBorrowingsGrossIncludingNotSubjectToMasterNettingArrangement' xlink:to='loc_FinancialAssetsSoldUnderAgreementsToRepurchaseGrossIncludingNotSubjectToMasterNettingArrangement' xlink:type='arc' />
    <link:calculationArc order='20' weight='1.0' xlink:arcrole='https://xbrl.org/2023/arcrole/summation-item' xlink:from='loc_SecuredBorrowingsGrossIncludingNotSubjectToMasterNettingArrangement' xlink:to='loc_SecuritiesLoanedIncludingNotSubjectToMasterNettingArrangementAndAssetsOtherThanSecuritiesTransferred' xlink:type='arc' />
    <link:calculationArc order='10' weight='1.0' xlink:arcrole='https://xbrl.org/2023/arcrole/summation-item' xlink:from='loc_FinancialAssetPurchasedUnderAgreementToResell' xlink:to='loc_SecuritiesPurchasedUnderAgreementsToResell' xlink:type='arc' />
  </link:calculationLink>
</link:linkbase>
