<?xml version='1.0' encoding='UTF-8'?>

<!--
(c) 2010-2025 Financial Accounting Foundation; (c) 2007-2010 XBRL US, Inc.  All Rights Reserved.
Notice: Authorized Uses are Set Forth at https://xbrl.fasb.org/terms/TaxonomiesTermsConditions.html
  -->
<link:linkbase xmlns:link='http://www.xbrl.org/2003/linkbase' xmlns:xlink='http://www.w3.org/1999/xlink' xmlns:xsi='http://www.w3.org/2001/XMLSchema-instance' xsi:schemaLocation='http://www.xbrl.org/2003/linkbase http://www.xbrl.org/2003/xbrl-linkbase-2003-12-31.xsd'>
  <link:roleRef roleURI='http://fasb.org/us-gaap/role/disclosure/SECDisclosureSecurityRegisteredOrBeingRegistered' xlink:href='../elts/us-roles-2025.xsd#sec-srbr' xlink:type='simple' />
  <link:presentationLink xlink:role='http://fasb.org/us-gaap/role/disclosure/SECDisclosureSecurityRegisteredOrBeingRegistered' xlink:type='extended'>
    <link:loc xlink:href='https://xbrl.fasb.org/srt/2025/elts/srt-2025.xsd#srt_SecDisclosureSecurityRegisteredOrBeingRegisteredAbstract' xlink:label='loc_SecDisclosureSecurityRegisteredOrBeingRegisteredAbstract' xlink:type='locator' />
    <link:loc xlink:href='https://xbrl.fasb.org/srt/2025/elts/srt-2025.xsd#srt_GuarantorAndIssuerGuaranteedSecurityAbstract' xlink:label='loc_GuarantorAndIssuerGuaranteedSecurityAbstract' xlink:type='locator' />
    <link:loc xlink:href='https://xbrl.fasb.org/srt/2025/elts/srt-2025.xsd#srt_GuarantorAndIssuerGuaranteedSecurityTextBlock' xlink:label='loc_GuarantorAndIssuerGuaranteedSecurityTextBlock' xlink:type='locator' />
    <link:loc xlink:href='https://xbrl.fasb.org/srt/2025/elts/srt-2025.xsd#srt_GuarantorAndIssuerGuaranteedSecurityTableTextBlock' xlink:label='loc_GuarantorAndIssuerGuaranteedSecurityTableTextBlock' xlink:type='locator' />
    <link:loc xlink:href='https://xbrl.fasb.org/srt/2025/elts/srt-2025.xsd#srt_GuarantorAndIssuerGuaranteedSecurityTable' xlink:label='loc_GuarantorAndIssuerGuaranteedSecurityTable' xlink:type='locator' />
    <link:loc xlink:href='https://xbrl.sec.gov/dei/2025/dei-2025.xsd#dei_LegalEntityAxis' xlink:label='loc_LegalEntityAxis' xlink:type='locator' />
    <link:loc xlink:href='https://xbrl.sec.gov/dei/2025/dei-2025.xsd#dei_EntityDomain' xlink:label='loc_EntityDomain' xlink:type='locator' />
    <link:loc xlink:href='https://xbrl.fasb.org/srt/2025/elts/srt-2025.xsd#srt_ConsolidatedEntitiesAxis' xlink:label='loc_ConsolidatedEntitiesAxis' xlink:type='locator' />
    <link:loc xlink:href='https://xbrl.fasb.org/srt/2025/elts/srt-2025.xsd#srt_ConsolidatedEntitiesDomain' xlink:label='loc_ConsolidatedEntitiesDomain' xlink:type='locator' />
    <link:loc xlink:href='https://xbrl.fasb.org/srt/2025/elts/srt-2025.xsd#srt_ObligorGroupMember' xlink:label='loc_ObligorGroupMember' xlink:type='locator' />
    <link:loc xlink:href='https://xbrl.fasb.org/srt/2025/elts/srt-2025.xsd#srt_ParentCompanyMember' xlink:label='loc_ParentCompanyMember' xlink:type='locator' />
    <link:loc xlink:href='https://xbrl.fasb.org/srt/2025/elts/srt-2025.xsd#srt_SubsidiaryIssuerMember' xlink:label='loc_SubsidiaryIssuerMember' xlink:type='locator' />
    <link:loc xlink:href='https://xbrl.fasb.org/srt/2025/elts/srt-2025.xsd#srt_GuarantorSubsidiariesMember' xlink:label='loc_GuarantorSubsidiariesMember' xlink:type='locator' />
    <link:loc xlink:href='https://xbrl.fasb.org/srt/2025/elts/srt-2025.xsd#srt_ConsolidationItemsAxis' xlink:label='loc_ConsolidationItemsAxis' xlink:type='locator' />
    <link:loc xlink:href='https://xbrl.fasb.org/srt/2025/elts/srt-2025.xsd#srt_ConsolidationItemsDomain' xlink:label='loc_ConsolidationItemsDomain' xlink:type='locator' />
    <link:loc xlink:href='https://xbrl.fasb.org/srt/2025/elts/srt-2025.xsd#srt_ConsolidationEliminationsMember' xlink:label='loc_ConsolidationEliminationsMember' xlink:type='locator' />
    <link:loc xlink:href='https://xbrl.fasb.org/srt/2025/elts/srt-2025.xsd#srt_ConsolidationEliminationObligorGroupMember' xlink:label='loc_ConsolidationEliminationObligorGroupMember' xlink:type='locator' />
    <link:loc xlink:href='https://xbrl.fasb.org/srt/2025/elts/srt-2025.xsd#srt_ConsolidationEliminationObligorGroupAndNonobligorSubsidiaryMember' xlink:label='loc_ConsolidationEliminationObligorGroupAndNonobligorSubsidiaryMember' xlink:type='locator' />
    <link:loc xlink:href='https://xbrl.fasb.org/srt/2025/elts/srt-2025.xsd#srt_ConsolidationEliminationAffiliateGroupAndRegistrantMember' xlink:label='loc_ConsolidationEliminationAffiliateGroupAndRegistrantMember' xlink:type='locator' />
    <link:loc xlink:href='https://xbrl.fasb.org/srt/2025/elts/srt-2025.xsd#srt_ConsolidationEliminationAffiliateGroupAndNotPartOfAffiliateGroupMember' xlink:label='loc_ConsolidationEliminationAffiliateGroupAndNotPartOfAffiliateGroupMember' xlink:type='locator' />
    <link:loc xlink:href='https://xbrl.fasb.org/srt/2025/elts/srt-2025.xsd#srt_ReportableLegalEntitiesMember' xlink:label='loc_ReportableLegalEntitiesMember' xlink:type='locator' />
    <link:loc xlink:href='https://xbrl.fasb.org/srt/2025/elts/srt-2025.xsd#srt_ReportableLegalEntityObligorGroupAfterEliminationMember' xlink:label='loc_ReportableLegalEntityObligorGroupAfterEliminationMember' xlink:type='locator' />
    <link:loc xlink:href='https://xbrl.fasb.org/srt/2025/elts/srt-2025.xsd#srt_ReportableLegalEntityAffiliateGroupSecurityPledgedAsCollateralAfterEliminationMember' xlink:label='loc_ReportableLegalEntityAffiliateGroupSecurityPledgedAsCollateralAfterEliminationMember' xlink:type='locator' />
    <link:loc xlink:href='../elts/us-gaap-2025.xsd#us-gaap_StatementClassOfStockAxis' xlink:label='loc_StatementClassOfStockAxis' xlink:type='locator' />
    <link:loc xlink:href='../elts/us-gaap-2025.xsd#us-gaap_ClassOfStockDomain' xlink:label='loc_ClassOfStockDomain' xlink:type='locator' />
    <link:loc xlink:href='../elts/us-gaap-2025.xsd#us-gaap_RedeemablePreferredStockMember' xlink:label='loc_RedeemablePreferredStockMember' xlink:type='locator' />
    <link:loc xlink:href='https://xbrl.fasb.org/srt/2025/elts/srt-2025.xsd#srt_GuarantorAndIssuerGuaranteedSecurityLineItems' xlink:label='loc_GuarantorAndIssuerGuaranteedSecurityLineItems' xlink:type='locator' />
    <link:loc xlink:href='https://xbrl.fasb.org/srt/2025/elts/srt-2025.xsd#srt_ObligorGroupNotMaterial' xlink:label='loc_ObligorGroupNotMaterial' xlink:type='locator' />
    <link:loc xlink:href='https://xbrl.fasb.org/srt/2025/elts/srt-2025.xsd#srt_ObligorGroupNotMateriallyDifferent' xlink:label='loc_ObligorGroupNotMateriallyDifferent' xlink:type='locator' />
    <link:loc xlink:href='https://xbrl.fasb.org/srt/2025/elts/srt-2025.xsd#srt_FinanceSubsidiaryIssuerGuaranteedByParent' xlink:label='loc_FinanceSubsidiaryIssuerGuaranteedByParent' xlink:type='locator' />
    <link:loc xlink:href='https://xbrl.fasb.org/srt/2025/elts/srt-2025.xsd#srt_FinanceSubsidiaryIssuerCoissuedWithParent' xlink:label='loc_FinanceSubsidiaryIssuerCoissuedWithParent' xlink:type='locator' />
    <link:loc xlink:href='https://xbrl.fasb.org/srt/2025/elts/srt-2025.xsd#srt_GuarantorAndIssuerPreacquisitionSummarizedFinancialInformation' xlink:label='loc_GuarantorAndIssuerPreacquisitionSummarizedFinancialInformation' xlink:type='locator' />
    <link:loc xlink:href='../elts/us-gaap-2025.xsd#us-gaap_AssetsAbstract' xlink:label='loc_AssetsAbstract' xlink:type='locator' />
    <link:loc xlink:href='../elts/us-gaap-2025.xsd#us-gaap_AssetsCurrent' xlink:label='loc_AssetsCurrent' xlink:type='locator' />
    <link:loc xlink:href='../elts/us-gaap-2025.xsd#us-gaap_AssetsNoncurrent' xlink:label='loc_AssetsNoncurrent' xlink:type='locator' />
    <link:loc xlink:href='../elts/us-gaap-2025.xsd#us-gaap_Assets' xlink:label='loc_Assets' xlink:type='locator' />
    <link:loc xlink:href='../elts/us-gaap-2025.xsd#us-gaap_LiabilitiesAbstract' xlink:label='loc_LiabilitiesAbstract' xlink:type='locator' />
    <link:loc xlink:href='../elts/us-gaap-2025.xsd#us-gaap_LiabilitiesCurrent' xlink:label='loc_LiabilitiesCurrent' xlink:type='locator' />
    <link:loc xlink:href='../elts/us-gaap-2025.xsd#us-gaap_LiabilitiesNoncurrent' xlink:label='loc_LiabilitiesNoncurrent' xlink:type='locator' />
    <link:loc xlink:href='../elts/us-gaap-2025.xsd#us-gaap_Liabilities' xlink:label='loc_Liabilities' xlink:type='locator' />
    <link:loc xlink:href='../elts/us-gaap-2025.xsd#us-gaap_MinorityInterest' xlink:label='loc_MinorityInterest' xlink:type='locator' />
    <link:loc xlink:href='../elts/us-gaap-2025.xsd#us-gaap_TemporaryEquityCarryingAmountAttributableToParent' xlink:label='loc_TemporaryEquityCarryingAmountAttributableToParent' xlink:type='locator' />
    <link:loc xlink:href='../elts/us-gaap-2025.xsd#us-gaap_GrossProfitAbstract' xlink:label='loc_GrossProfitAbstract' xlink:type='locator' />
    <link:loc xlink:href='../elts/us-gaap-2025.xsd#us-gaap_Revenues' xlink:label='loc_Revenues' xlink:type='locator' />
    <link:loc xlink:href='../elts/us-gaap-2025.xsd#us-gaap_CostOfRevenue' xlink:label='loc_CostOfRevenue' xlink:type='locator' />
    <link:loc xlink:href='../elts/us-gaap-2025.xsd#us-gaap_GrossProfit' xlink:label='loc_GrossProfit' xlink:type='locator' />
    <link:loc xlink:href='../elts/us-gaap-2025.xsd#us-gaap_IncomeLossFromContinuingOperationsIncludingPortionAttributableToNoncontrollingInterest' xlink:label='loc_IncomeLossFromContinuingOperationsIncludingPortionAttributableToNoncontrollingInterest' xlink:type='locator' />
    <link:loc xlink:href='../elts/us-gaap-2025.xsd#us-gaap_ProfitLoss' xlink:label='loc_ProfitLoss' xlink:type='locator' />
    <link:loc xlink:href='../elts/us-gaap-2025.xsd#us-gaap_NetIncomeLoss' xlink:label='loc_NetIncomeLoss' xlink:type='locator' />
    <link:loc xlink:href='https://xbrl.fasb.org/srt/2025/elts/srt-2025.xsd#srt_AffiliateCollateralizedSecurityAbstract' xlink:label='loc_AffiliateCollateralizedSecurityAbstract' xlink:type='locator' />
    <link:loc xlink:href='https://xbrl.fasb.org/srt/2025/elts/srt-2025.xsd#srt_AffiliateCollateralizedSecurityTextBlock' xlink:label='loc_AffiliateCollateralizedSecurityTextBlock' xlink:type='locator' />
    <link:loc xlink:href='https://xbrl.fasb.org/srt/2025/elts/srt-2025.xsd#srt_AffiliateCollateralizedSecurityTableTextBlock' xlink:label='loc_AffiliateCollateralizedSecurityTableTextBlock' xlink:type='locator' />
    <link:loc xlink:href='https://xbrl.fasb.org/srt/2025/elts/srt-2025.xsd#srt_AffiliateCollateralizedSecurityTable' xlink:label='loc_AffiliateCollateralizedSecurityTable' xlink:type='locator' />
    <link:loc xlink:href='https://xbrl.fasb.org/srt/2025/elts/srt-2025.xsd#srt_AffiliateCollateralizedSecurityLineItems' xlink:label='loc_AffiliateCollateralizedSecurityLineItems' xlink:type='locator' />
    <link:loc xlink:href='https://xbrl.fasb.org/srt/2025/elts/srt-2025.xsd#srt_AffiliateSecurityPledgedAsCollateralTradingMarket' xlink:label='loc_AffiliateSecurityPledgedAsCollateralTradingMarket' xlink:type='locator' />
    <link:loc xlink:href='https://xbrl.fasb.org/srt/2025/elts/srt-2025.xsd#srt_AffiliateGroupPreacquisitionSummarizedFinancialInformation' xlink:label='loc_AffiliateGroupPreacquisitionSummarizedFinancialInformation' xlink:type='locator' />
    <link:loc xlink:href='https://xbrl.fasb.org/srt/2025/elts/srt-2025.xsd#srt_AffiliateGroupSecurityPledgedAsCollateralNotMaterial' xlink:label='loc_AffiliateGroupSecurityPledgedAsCollateralNotMaterial' xlink:type='locator' />
    <link:loc xlink:href='https://xbrl.fasb.org/srt/2025/elts/srt-2025.xsd#srt_AffiliateGroupSecurityPledgedAsCollateralNotMateriallyDifferent' xlink:label='loc_AffiliateGroupSecurityPledgedAsCollateralNotMateriallyDifferent' xlink:type='locator' />
    <link:presentationArc order='10' xlink:arcrole='http://www.xbrl.org/2003/arcrole/parent-child' xlink:from='loc_SecDisclosureSecurityRegisteredOrBeingRegisteredAbstract' xlink:to='loc_GuarantorAndIssuerGuaranteedSecurityAbstract' xlink:type='arc' />
    <link:presentationArc order='10' xlink:arcrole='http://www.xbrl.org/2003/arcrole/parent-child' xlink:from='loc_GuarantorAndIssuerGuaranteedSecurityAbstract' xlink:to='loc_GuarantorAndIssuerGuaranteedSecurityTextBlock' xlink:type='arc' />
    <link:presentationArc order='10' xlink:arcrole='http://www.xbrl.org/2003/arcrole/parent-child' xlink:from='loc_GuarantorAndIssuerGuaranteedSecurityTextBlock' xlink:to='loc_GuarantorAndIssuerGuaranteedSecurityTableTextBlock' xlink:type='arc' />
    <link:presentationArc order='10' xlink:arcrole='http://www.xbrl.org/2003/arcrole/parent-child' xlink:from='loc_GuarantorAndIssuerGuaranteedSecurityTableTextBlock' xlink:to='loc_GuarantorAndIssuerGuaranteedSecurityTable' xlink:type='arc' />
    <link:presentationArc order='10' xlink:arcrole='http://www.xbrl.org/2003/arcrole/parent-child' xlink:from='loc_GuarantorAndIssuerGuaranteedSecurityTable' xlink:to='loc_LegalEntityAxis' xlink:type='arc' />
    <link:presentationArc order='10' xlink:arcrole='http://www.xbrl.org/2003/arcrole/parent-child' xlink:from='loc_LegalEntityAxis' xlink:to='loc_EntityDomain' xlink:type='arc' />
    <link:presentationArc order='20' xlink:arcrole='http://www.xbrl.org/2003/arcrole/parent-child' xlink:from='loc_GuarantorAndIssuerGuaranteedSecurityTable' xlink:to='loc_ConsolidatedEntitiesAxis' xlink:type='arc' />
    <link:presentationArc order='10' xlink:arcrole='http://www.xbrl.org/2003/arcrole/parent-child' xlink:from='loc_ConsolidatedEntitiesAxis' xlink:to='loc_ConsolidatedEntitiesDomain' xlink:type='arc' />
    <link:presentationArc order='10' xlink:arcrole='http://www.xbrl.org/2003/arcrole/parent-child' xlink:from='loc_ConsolidatedEntitiesDomain' xlink:to='loc_ObligorGroupMember' xlink:type='arc' />
    <link:presentationArc order='10' xlink:arcrole='http://www.xbrl.org/2003/arcrole/parent-child' xlink:from='loc_ObligorGroupMember' xlink:to='loc_ParentCompanyMember' xlink:type='arc' />
    <link:presentationArc order='20' xlink:arcrole='http://www.xbrl.org/2003/arcrole/parent-child' xlink:from='loc_ObligorGroupMember' xlink:to='loc_SubsidiaryIssuerMember' xlink:type='arc' />
    <link:presentationArc order='30' xlink:arcrole='http://www.xbrl.org/2003/arcrole/parent-child' xlink:from='loc_ObligorGroupMember' xlink:to='loc_GuarantorSubsidiariesMember' xlink:type='arc' />
    <link:presentationArc order='30' xlink:arcrole='http://www.xbrl.org/2003/arcrole/parent-child' xlink:from='loc_GuarantorAndIssuerGuaranteedSecurityTable' xlink:to='loc_ConsolidationItemsAxis' xlink:type='arc' />
    <link:presentationArc order='10' xlink:arcrole='http://www.xbrl.org/2003/arcrole/parent-child' xlink:from='loc_ConsolidationItemsAxis' xlink:to='loc_ConsolidationItemsDomain' xlink:type='arc' />
    <link:presentationArc order='10' xlink:arcrole='http://www.xbrl.org/2003/arcrole/parent-child' xlink:from='loc_ConsolidationItemsDomain' xlink:to='loc_ConsolidationEliminationsMember' xlink:type='arc' />
    <link:presentationArc order='10' xlink:arcrole='http://www.xbrl.org/2003/arcrole/parent-child' xlink:from='loc_ConsolidationEliminationsMember' xlink:to='loc_ConsolidationEliminationObligorGroupMember' xlink:type='arc' />
    <link:presentationArc order='20' xlink:arcrole='http://www.xbrl.org/2003/arcrole/parent-child' xlink:from='loc_ConsolidationEliminationsMember' xlink:to='loc_ConsolidationEliminationObligorGroupAndNonobligorSubsidiaryMember' xlink:type='arc' />
    <link:presentationArc order='30' xlink:arcrole='http://www.xbrl.org/2003/arcrole/parent-child' xlink:from='loc_ConsolidationEliminationsMember' xlink:to='loc_ConsolidationEliminationAffiliateGroupAndRegistrantMember' xlink:type='arc' />
    <link:presentationArc order='40' xlink:arcrole='http://www.xbrl.org/2003/arcrole/parent-child' xlink:from='loc_ConsolidationEliminationsMember' xlink:to='loc_ConsolidationEliminationAffiliateGroupAndNotPartOfAffiliateGroupMember' xlink:type='arc' />
    <link:presentationArc order='20' xlink:arcrole='http://www.xbrl.org/2003/arcrole/parent-child' xlink:from='loc_ConsolidationItemsDomain' xlink:to='loc_ReportableLegalEntitiesMember' xlink:type='arc' />
    <link:presentationArc order='10' xlink:arcrole='http://www.xbrl.org/2003/arcrole/parent-child' xlink:from='loc_ReportableLegalEntitiesMember' xlink:to='loc_ReportableLegalEntityObligorGroupAfterEliminationMember' xlink:type='arc' />
    <link:presentationArc order='20' xlink:arcrole='http://www.xbrl.org/2003/arcrole/parent-child' xlink:from='loc_ReportableLegalEntitiesMember' xlink:to='loc_ReportableLegalEntityAffiliateGroupSecurityPledgedAsCollateralAfterEliminationMember' xlink:type='arc' />
    <link:presentationArc order='40' xlink:arcrole='http://www.xbrl.org/2003/arcrole/parent-child' xlink:from='loc_GuarantorAndIssuerGuaranteedSecurityTable' xlink:to='loc_StatementClassOfStockAxis' xlink:type='arc' />
    <link:presentationArc order='10' xlink:arcrole='http://www.xbrl.org/2003/arcrole/parent-child' xlink:from='loc_StatementClassOfStockAxis' xlink:to='loc_ClassOfStockDomain' xlink:type='arc' />
    <link:presentationArc order='10' xlink:arcrole='http://www.xbrl.org/2003/arcrole/parent-child' xlink:from='loc_ClassOfStockDomain' xlink:to='loc_RedeemablePreferredStockMember' xlink:type='arc' />
    <link:presentationArc order='50' xlink:arcrole='http://www.xbrl.org/2003/arcrole/parent-child' xlink:from='loc_GuarantorAndIssuerGuaranteedSecurityTable' xlink:to='loc_GuarantorAndIssuerGuaranteedSecurityLineItems' xlink:type='arc' />
    <link:presentationArc order='10' xlink:arcrole='http://www.xbrl.org/2003/arcrole/parent-child' xlink:from='loc_GuarantorAndIssuerGuaranteedSecurityLineItems' xlink:to='loc_ObligorGroupNotMaterial' xlink:type='arc' />
    <link:presentationArc order='20' xlink:arcrole='http://www.xbrl.org/2003/arcrole/parent-child' xlink:from='loc_GuarantorAndIssuerGuaranteedSecurityLineItems' xlink:to='loc_ObligorGroupNotMateriallyDifferent' xlink:type='arc' />
    <link:presentationArc order='30' xlink:arcrole='http://www.xbrl.org/2003/arcrole/parent-child' xlink:from='loc_GuarantorAndIssuerGuaranteedSecurityLineItems' xlink:to='loc_FinanceSubsidiaryIssuerGuaranteedByParent' xlink:type='arc' />
    <link:presentationArc order='40' xlink:arcrole='http://www.xbrl.org/2003/arcrole/parent-child' xlink:from='loc_GuarantorAndIssuerGuaranteedSecurityLineItems' xlink:to='loc_FinanceSubsidiaryIssuerCoissuedWithParent' xlink:type='arc' />
    <link:presentationArc order='50' xlink:arcrole='http://www.xbrl.org/2003/arcrole/parent-child' xlink:from='loc_GuarantorAndIssuerGuaranteedSecurityLineItems' xlink:to='loc_GuarantorAndIssuerPreacquisitionSummarizedFinancialInformation' xlink:type='arc' />
    <link:presentationArc order='60' xlink:arcrole='http://www.xbrl.org/2003/arcrole/parent-child' xlink:from='loc_GuarantorAndIssuerGuaranteedSecurityLineItems' xlink:to='loc_AssetsAbstract' xlink:type='arc' />
    <link:presentationArc order='10' xlink:arcrole='http://www.xbrl.org/2003/arcrole/parent-child' xlink:from='loc_AssetsAbstract' xlink:to='loc_AssetsCurrent' xlink:type='arc' />
    <link:presentationArc order='20' xlink:arcrole='http://www.xbrl.org/2003/arcrole/parent-child' xlink:from='loc_AssetsAbstract' xlink:to='loc_AssetsNoncurrent' xlink:type='arc' />
    <link:presentationArc order='30' preferredLabel='http://www.xbrl.org/2003/role/totalLabel' xlink:arcrole='http://www.xbrl.org/2003/arcrole/parent-child' xlink:from='loc_AssetsAbstract' xlink:to='loc_Assets' xlink:type='arc' />
    <link:presentationArc order='70' xlink:arcrole='http://www.xbrl.org/2003/arcrole/parent-child' xlink:from='loc_GuarantorAndIssuerGuaranteedSecurityLineItems' xlink:to='loc_LiabilitiesAbstract' xlink:type='arc' />
    <link:presentationArc order='10' xlink:arcrole='http://www.xbrl.org/2003/arcrole/parent-child' xlink:from='loc_LiabilitiesAbstract' xlink:to='loc_LiabilitiesCurrent' xlink:type='arc' />
    <link:presentationArc order='20' xlink:arcrole='http://www.xbrl.org/2003/arcrole/parent-child' xlink:from='loc_LiabilitiesAbstract' xlink:to='loc_LiabilitiesNoncurrent' xlink:type='arc' />
    <link:presentationArc order='30' preferredLabel='http://www.xbrl.org/2003/role/totalLabel' xlink:arcrole='http://www.xbrl.org/2003/arcrole/parent-child' xlink:from='loc_LiabilitiesAbstract' xlink:to='loc_Liabilities' xlink:type='arc' />
    <link:presentationArc order='80' xlink:arcrole='http://www.xbrl.org/2003/arcrole/parent-child' xlink:from='loc_GuarantorAndIssuerGuaranteedSecurityLineItems' xlink:to='loc_MinorityInterest' xlink:type='arc' />
    <link:presentationArc order='90' xlink:arcrole='http://www.xbrl.org/2003/arcrole/parent-child' xlink:from='loc_GuarantorAndIssuerGuaranteedSecurityLineItems' xlink:to='loc_TemporaryEquityCarryingAmountAttributableToParent' xlink:type='arc' />
    <link:presentationArc order='100' xlink:arcrole='http://www.xbrl.org/2003/arcrole/parent-child' xlink:from='loc_GuarantorAndIssuerGuaranteedSecurityLineItems' xlink:to='loc_GrossProfitAbstract' xlink:type='arc' />
    <link:presentationArc order='10' xlink:arcrole='http://www.xbrl.org/2003/arcrole/parent-child' xlink:from='loc_GrossProfitAbstract' xlink:to='loc_Revenues' xlink:type='arc' />
    <link:presentationArc order='20' xlink:arcrole='http://www.xbrl.org/2003/arcrole/parent-child' xlink:from='loc_GrossProfitAbstract' xlink:to='loc_CostOfRevenue' xlink:type='arc' />
    <link:presentationArc order='30' preferredLabel='http://www.xbrl.org/2003/role/totalLabel' xlink:arcrole='http://www.xbrl.org/2003/arcrole/parent-child' xlink:from='loc_GrossProfitAbstract' xlink:to='loc_GrossProfit' xlink:type='arc' />
    <link:presentationArc order='110' xlink:arcrole='http://www.xbrl.org/2003/arcrole/parent-child' xlink:from='loc_GuarantorAndIssuerGuaranteedSecurityLineItems' xlink:to='loc_IncomeLossFromContinuingOperationsIncludingPortionAttributableToNoncontrollingInterest' xlink:type='arc' />
    <link:presentationArc order='120' xlink:arcrole='http://www.xbrl.org/2003/arcrole/parent-child' xlink:from='loc_GuarantorAndIssuerGuaranteedSecurityLineItems' xlink:to='loc_ProfitLoss' xlink:type='arc' />
    <link:presentationArc order='130' xlink:arcrole='http://www.xbrl.org/2003/arcrole/parent-child' xlink:from='loc_GuarantorAndIssuerGuaranteedSecurityLineItems' xlink:to='loc_NetIncomeLoss' xlink:type='arc' />
    <link:presentationArc order='20' xlink:arcrole='http://www.xbrl.org/2003/arcrole/parent-child' xlink:from='loc_SecDisclosureSecurityRegisteredOrBeingRegisteredAbstract' xlink:to='loc_AffiliateCollateralizedSecurityAbstract' xlink:type='arc' />
    <link:presentationArc order='10' xlink:arcrole='http://www.xbrl.org/2003/arcrole/parent-child' xlink:from='loc_AffiliateCollateralizedSecurityAbstract' xlink:to='loc_AffiliateCollateralizedSecurityTextBlock' xlink:type='arc' />
    <link:presentationArc order='10' xlink:arcrole='http://www.xbrl.org/2003/arcrole/parent-child' xlink:from='loc_AffiliateCollateralizedSecurityTextBlock' xlink:to='loc_AffiliateCollateralizedSecurityTableTextBlock' xlink:type='arc' />
    <link:presentationArc order='10' xlink:arcrole='http://www.xbrl.org/2003/arcrole/parent-child' xlink:from='loc_AffiliateCollateralizedSecurityTableTextBlock' xlink:to='loc_AffiliateCollateralizedSecurityTable' xlink:type='arc' />
    <link:presentationArc order='10' xlink:arcrole='http://www.xbrl.org/2003/arcrole/parent-child' xlink:from='loc_AffiliateCollateralizedSecurityTable' xlink:to='loc_LegalEntityAxis' xlink:type='arc' />
    <link:presentationArc order='20' xlink:arcrole='http://www.xbrl.org/2003/arcrole/parent-child' xlink:from='loc_AffiliateCollateralizedSecurityTable' xlink:to='loc_ConsolidationItemsAxis' xlink:type='arc' />
    <link:presentationArc order='30' xlink:arcrole='http://www.xbrl.org/2003/arcrole/parent-child' xlink:from='loc_AffiliateCollateralizedSecurityTable' xlink:to='loc_StatementClassOfStockAxis' xlink:type='arc' />
    <link:presentationArc order='40' xlink:arcrole='http://www.xbrl.org/2003/arcrole/parent-child' xlink:from='loc_AffiliateCollateralizedSecurityTable' xlink:to='loc_AffiliateCollateralizedSecurityLineItems' xlink:type='arc' />
    <link:presentationArc order='10' xlink:arcrole='http://www.xbrl.org/2003/arcrole/parent-child' xlink:from='loc_AffiliateCollateralizedSecurityLineItems' xlink:to='loc_AffiliateSecurityPledgedAsCollateralTradingMarket' xlink:type='arc' />
    <link:presentationArc order='20' xlink:arcrole='http://www.xbrl.org/2003/arcrole/parent-child' xlink:from='loc_AffiliateCollateralizedSecurityLineItems' xlink:to='loc_AffiliateGroupPreacquisitionSummarizedFinancialInformation' xlink:type='arc' />
    <link:presentationArc order='30' xlink:arcrole='http://www.xbrl.org/2003/arcrole/parent-child' xlink:from='loc_AffiliateCollateralizedSecurityLineItems' xlink:to='loc_AffiliateGroupSecurityPledgedAsCollateralNotMaterial' xlink:type='arc' />
    <link:presentationArc order='40' xlink:arcrole='http://www.xbrl.org/2003/arcrole/parent-child' xlink:from='loc_AffiliateCollateralizedSecurityLineItems' xlink:to='loc_AffiliateGroupSecurityPledgedAsCollateralNotMateriallyDifferent' xlink:type='arc' />
    <link:presentationArc order='50' xlink:arcrole='http://www.xbrl.org/2003/arcrole/parent-child' xlink:from='loc_AffiliateCollateralizedSecurityLineItems' xlink:to='loc_AssetsAbstract' xlink:type='arc' />
    <link:presentationArc order='60' xlink:arcrole='http://www.xbrl.org/2003/arcrole/parent-child' xlink:from='loc_AffiliateCollateralizedSecurityLineItems' xlink:to='loc_LiabilitiesAbstract' xlink:type='arc' />
    <link:presentationArc order='70' xlink:arcrole='http://www.xbrl.org/2003/arcrole/parent-child' xlink:from='loc_AffiliateCollateralizedSecurityLineItems' xlink:to='loc_MinorityInterest' xlink:type='arc' />
    <link:presentationArc order='80' xlink:arcrole='http://www.xbrl.org/2003/arcrole/parent-child' xlink:from='loc_AffiliateCollateralizedSecurityLineItems' xlink:to='loc_TemporaryEquityCarryingAmountAttributableToParent' xlink:type='arc' />
    <link:presentationArc order='90' xlink:arcrole='http://www.xbrl.org/2003/arcrole/parent-child' xlink:from='loc_AffiliateCollateralizedSecurityLineItems' xlink:to='loc_GrossProfitAbstract' xlink:type='arc' />
    <link:presentationArc order='100' xlink:arcrole='http://www.xbrl.org/2003/arcrole/parent-child' xlink:from='loc_AffiliateCollateralizedSecurityLineItems' xlink:to='loc_IncomeLossFromContinuingOperationsIncludingPortionAttributableToNoncontrollingInterest' xlink:type='arc' />
    <link:presentationArc order='110' xlink:arcrole='http://www.xbrl.org/2003/arcrole/parent-child' xlink:from='loc_AffiliateCollateralizedSecurityLineItems' xlink:to='loc_ProfitLoss' xlink:type='arc' />
    <link:presentationArc order='120' xlink:arcrole='http://www.xbrl.org/2003/arcrole/parent-child' xlink:from='loc_AffiliateCollateralizedSecurityLineItems' xlink:to='loc_NetIncomeLoss' xlink:type='arc' />
  </link:presentationLink>
</link:linkbase>
