<?xml version='1.0' encoding='UTF-8'?>

<!--
(c) 2010-2025 Financial Accounting Foundation; (c) 2007-2010 XBRL US, Inc.  All Rights Reserved.
Notice: Authorized Uses are Set Forth at https://xbrl.fasb.org/terms/TaxonomiesTermsConditions.html
  -->
<link:linkbase xmlns:link='http://www.xbrl.org/2003/linkbase' xmlns:xbrldt='http://xbrl.org/2005/xbrldt' xmlns:xlink='http://www.w3.org/1999/xlink' xmlns:xsi='http://www.w3.org/2001/XMLSchema-instance' xsi:schemaLocation='http://www.xbrl.org/2003/linkbase http://www.xbrl.org/2003/xbrl-linkbase-2003-12-31.xsd'>
  <link:roleRef roleURI='http://fasb.org/us-gaap/role/disclosure/GuaranteesScheduleOfGuaranteeObligationsTable' xlink:href='../elts/us-roles-2025.xsd#GuaranteesScheduleOfGuaranteeObligationsTable' xlink:type='simple' />
  <link:roleRef roleURI='http://fasb.org/us-gaap/role/disclosure/GuaranteesProductWarrantyLiabilityTable' xlink:href='../elts/us-roles-2025.xsd#GuaranteesProductWarrantyLiabilityTable' xlink:type='simple' />
  <link:arcroleRef arcroleURI='http://xbrl.org/int/dim/arcrole/all' xlink:href='http://www.xbrl.org/2005/xbrldt-2005.xsd#all' xlink:type='simple' />
  <link:arcroleRef arcroleURI='http://xbrl.org/int/dim/arcrole/hypercube-dimension' xlink:href='http://www.xbrl.org/2005/xbrldt-2005.xsd#hypercube-dimension' xlink:type='simple' />
  <link:arcroleRef arcroleURI='http://xbrl.org/int/dim/arcrole/dimension-domain' xlink:href='http://www.xbrl.org/2005/xbrldt-2005.xsd#dimension-domain' xlink:type='simple' />
  <link:arcroleRef arcroleURI='http://xbrl.org/int/dim/arcrole/dimension-default' xlink:href='http://www.xbrl.org/2005/xbrldt-2005.xsd#dimension-default' xlink:type='simple' />
  <link:arcroleRef arcroleURI='http://xbrl.org/int/dim/arcrole/domain-member' xlink:href='http://www.xbrl.org/2005/xbrldt-2005.xsd#domain-member' xlink:type='simple' />
  <link:definitionLink xlink:role='http://fasb.org/us-gaap/role/disclosure/GuaranteesScheduleOfGuaranteeObligationsTable' xlink:type='extended'>
    <link:loc xlink:href='../elts/us-gaap-2025.xsd#us-gaap_ScheduleOfGuaranteeObligationsTable' xlink:label='loc_ScheduleOfGuaranteeObligationsTable' xlink:type='locator' />
    <link:loc xlink:href='../elts/us-gaap-2025.xsd#us-gaap_GuaranteeObligationsLineItems' xlink:label='loc_GuaranteeObligationsLineItems' xlink:type='locator' />
    <link:definitionArc order='1.0' xbrldt:closed='true' xbrldt:contextElement='segment' xlink:arcrole='http://xbrl.org/int/dim/arcrole/all' xlink:from='loc_GuaranteeObligationsLineItems' xlink:to='loc_ScheduleOfGuaranteeObligationsTable' xlink:type='arc' />
  </link:definitionLink>
  <link:definitionLink xlink:role='http://fasb.org/us-gaap/role/disclosure/GuaranteesScheduleOfGuaranteeObligationsTable' xlink:type='extended'>
    <link:loc xlink:href='../elts/us-gaap-2025.xsd#us-gaap_ScheduleOfGuaranteeObligationsTable' xlink:label='loc_ScheduleOfGuaranteeObligationsTable' xlink:type='locator' />
    <link:loc xlink:href='../elts/us-gaap-2025.xsd#us-gaap_BalanceSheetLocationAxis' xlink:label='loc_BalanceSheetLocationAxis' xlink:type='locator' />
    <link:loc xlink:href='https://xbrl.fasb.org/srt/2025/elts/srt-2025.xsd#srt_CreditRatingFitchAxis' xlink:label='loc_CreditRatingFitchAxis' xlink:type='locator' />
    <link:loc xlink:href='https://xbrl.fasb.org/srt/2025/elts/srt-2025.xsd#srt_CreditRatingMoodysAxis' xlink:label='loc_CreditRatingMoodysAxis' xlink:type='locator' />
    <link:loc xlink:href='https://xbrl.fasb.org/srt/2025/elts/srt-2025.xsd#srt_CreditRatingStandardPoorsAxis' xlink:label='loc_CreditRatingStandardPoorsAxis' xlink:type='locator' />
    <link:loc xlink:href='../elts/us-gaap-2025.xsd#us-gaap_GuaranteeObligationsByNatureAxis' xlink:label='loc_GuaranteeObligationsByNatureAxis' xlink:type='locator' />
    <link:loc xlink:href='../elts/us-gaap-2025.xsd#us-gaap_InternalCreditAssessmentAxis' xlink:label='loc_InternalCreditAssessmentAxis' xlink:type='locator' />
    <link:loc xlink:href='../elts/us-gaap-2025.xsd#us-gaap_ExternalCreditRatingByGroupingAxis' xlink:label='loc_ExternalCreditRatingByGroupingAxis' xlink:type='locator' />
    <link:loc xlink:href='../elts/us-gaap-2025.xsd#us-gaap_UnderlyingAssetClassAxis' xlink:label='loc_UnderlyingAssetClassAxis' xlink:type='locator' />
    <link:definitionArc order='1.0' xlink:arcrole='http://xbrl.org/int/dim/arcrole/hypercube-dimension' xlink:from='loc_ScheduleOfGuaranteeObligationsTable' xlink:to='loc_BalanceSheetLocationAxis' xlink:type='arc' />
    <link:definitionArc order='2.0' xlink:arcrole='http://xbrl.org/int/dim/arcrole/hypercube-dimension' xlink:from='loc_ScheduleOfGuaranteeObligationsTable' xlink:to='loc_CreditRatingFitchAxis' xlink:type='arc' />
    <link:definitionArc order='3.0' xlink:arcrole='http://xbrl.org/int/dim/arcrole/hypercube-dimension' xlink:from='loc_ScheduleOfGuaranteeObligationsTable' xlink:to='loc_CreditRatingMoodysAxis' xlink:type='arc' />
    <link:definitionArc order='4.0' xlink:arcrole='http://xbrl.org/int/dim/arcrole/hypercube-dimension' xlink:from='loc_ScheduleOfGuaranteeObligationsTable' xlink:to='loc_CreditRatingStandardPoorsAxis' xlink:type='arc' />
    <link:definitionArc order='5.0' xlink:arcrole='http://xbrl.org/int/dim/arcrole/hypercube-dimension' xlink:from='loc_ScheduleOfGuaranteeObligationsTable' xlink:to='loc_GuaranteeObligationsByNatureAxis' xlink:type='arc' />
    <link:definitionArc order='6.0' xlink:arcrole='http://xbrl.org/int/dim/arcrole/hypercube-dimension' xlink:from='loc_ScheduleOfGuaranteeObligationsTable' xlink:to='loc_InternalCreditAssessmentAxis' xlink:type='arc' />
    <link:definitionArc order='7.0' xlink:arcrole='http://xbrl.org/int/dim/arcrole/hypercube-dimension' xlink:from='loc_ScheduleOfGuaranteeObligationsTable' xlink:to='loc_ExternalCreditRatingByGroupingAxis' xlink:type='arc' />
    <link:definitionArc order='8.0' xlink:arcrole='http://xbrl.org/int/dim/arcrole/hypercube-dimension' xlink:from='loc_ScheduleOfGuaranteeObligationsTable' xlink:to='loc_UnderlyingAssetClassAxis' xlink:type='arc' />
  </link:definitionLink>
  <link:definitionLink xlink:role='http://fasb.org/us-gaap/role/disclosure/GuaranteesScheduleOfGuaranteeObligationsTable' xlink:type='extended'>
    <link:loc xlink:href='../elts/us-gaap-2025.xsd#us-gaap_BalanceSheetLocationAxis' xlink:label='loc_BalanceSheetLocationAxis' xlink:type='locator' />
    <link:loc xlink:href='../elts/us-gaap-2025.xsd#us-gaap_BalanceSheetLocationDomain' xlink:label='loc_BalanceSheetLocationDomain' xlink:type='locator' />
    <link:loc xlink:href='https://xbrl.fasb.org/srt/2025/elts/srt-2025.xsd#srt_CreditRatingFitchAxis' xlink:label='loc_CreditRatingFitchAxis' xlink:type='locator' />
    <link:loc xlink:href='https://xbrl.fasb.org/srt/2025/elts/srt-2025.xsd#srt_ExternalCreditRatingFitchMember' xlink:label='loc_ExternalCreditRatingFitchMember' xlink:type='locator' />
    <link:loc xlink:href='https://xbrl.fasb.org/srt/2025/elts/srt-2025.xsd#srt_CreditRatingMoodysAxis' xlink:label='loc_CreditRatingMoodysAxis' xlink:type='locator' />
    <link:loc xlink:href='https://xbrl.fasb.org/srt/2025/elts/srt-2025.xsd#srt_ExternalCreditRatingMoodysMember' xlink:label='loc_ExternalCreditRatingMoodysMember' xlink:type='locator' />
    <link:loc xlink:href='https://xbrl.fasb.org/srt/2025/elts/srt-2025.xsd#srt_CreditRatingStandardPoorsAxis' xlink:label='loc_CreditRatingStandardPoorsAxis' xlink:type='locator' />
    <link:loc xlink:href='https://xbrl.fasb.org/srt/2025/elts/srt-2025.xsd#srt_ExternalCreditRatingStandardPoorsMember' xlink:label='loc_ExternalCreditRatingStandardPoorsMember' xlink:type='locator' />
    <link:loc xlink:href='../elts/us-gaap-2025.xsd#us-gaap_GuaranteeObligationsByNatureAxis' xlink:label='loc_GuaranteeObligationsByNatureAxis' xlink:type='locator' />
    <link:loc xlink:href='../elts/us-gaap-2025.xsd#us-gaap_GuaranteeObligationsNatureDomain' xlink:label='loc_GuaranteeObligationsNatureDomain' xlink:type='locator' />
    <link:loc xlink:href='../elts/us-gaap-2025.xsd#us-gaap_InternalCreditAssessmentAxis' xlink:label='loc_InternalCreditAssessmentAxis' xlink:type='locator' />
    <link:loc xlink:href='../elts/us-gaap-2025.xsd#us-gaap_InternalCreditAssessmentDomain' xlink:label='loc_InternalCreditAssessmentDomain' xlink:type='locator' />
    <link:loc xlink:href='../elts/us-gaap-2025.xsd#us-gaap_ExternalCreditRatingByGroupingAxis' xlink:label='loc_ExternalCreditRatingByGroupingAxis' xlink:type='locator' />
    <link:loc xlink:href='../elts/us-gaap-2025.xsd#us-gaap_ExternalCreditRatingByGroupingDomain' xlink:label='loc_ExternalCreditRatingByGroupingDomain' xlink:type='locator' />
    <link:loc xlink:href='../elts/us-gaap-2025.xsd#us-gaap_UnderlyingAssetClassAxis' xlink:label='loc_UnderlyingAssetClassAxis' xlink:type='locator' />
    <link:loc xlink:href='../elts/us-gaap-2025.xsd#us-gaap_UnderlyingAssetClassDomain' xlink:label='loc_UnderlyingAssetClassDomain' xlink:type='locator' />
    <link:definitionArc order='1.0' xlink:arcrole='http://xbrl.org/int/dim/arcrole/dimension-domain' xlink:from='loc_BalanceSheetLocationAxis' xlink:to='loc_BalanceSheetLocationDomain' xlink:type='arc' />
    <link:definitionArc order='2.0' xlink:arcrole='http://xbrl.org/int/dim/arcrole/dimension-domain' xlink:from='loc_CreditRatingFitchAxis' xlink:to='loc_ExternalCreditRatingFitchMember' xlink:type='arc' />
    <link:definitionArc order='3.0' xlink:arcrole='http://xbrl.org/int/dim/arcrole/dimension-domain' xlink:from='loc_CreditRatingMoodysAxis' xlink:to='loc_ExternalCreditRatingMoodysMember' xlink:type='arc' />
    <link:definitionArc order='4.0' xlink:arcrole='http://xbrl.org/int/dim/arcrole/dimension-domain' xlink:from='loc_CreditRatingStandardPoorsAxis' xlink:to='loc_ExternalCreditRatingStandardPoorsMember' xlink:type='arc' />
    <link:definitionArc order='5.0' xlink:arcrole='http://xbrl.org/int/dim/arcrole/dimension-domain' xlink:from='loc_GuaranteeObligationsByNatureAxis' xlink:to='loc_GuaranteeObligationsNatureDomain' xlink:type='arc' />
    <link:definitionArc order='6.0' xlink:arcrole='http://xbrl.org/int/dim/arcrole/dimension-domain' xlink:from='loc_InternalCreditAssessmentAxis' xlink:to='loc_InternalCreditAssessmentDomain' xlink:type='arc' />
    <link:definitionArc order='7.0' xlink:arcrole='http://xbrl.org/int/dim/arcrole/dimension-domain' xlink:from='loc_ExternalCreditRatingByGroupingAxis' xlink:to='loc_ExternalCreditRatingByGroupingDomain' xlink:type='arc' />
    <link:definitionArc order='8.0' xlink:arcrole='http://xbrl.org/int/dim/arcrole/dimension-domain' xlink:from='loc_UnderlyingAssetClassAxis' xlink:to='loc_UnderlyingAssetClassDomain' xlink:type='arc' />
  </link:definitionLink>
  <link:definitionLink xlink:role='http://fasb.org/us-gaap/role/disclosure/GuaranteesScheduleOfGuaranteeObligationsTable' xlink:type='extended'>
    <link:loc xlink:href='../elts/us-gaap-2025.xsd#us-gaap_BalanceSheetLocationAxis' xlink:label='loc_BalanceSheetLocationAxis' xlink:type='locator' />
    <link:loc xlink:href='../elts/us-gaap-2025.xsd#us-gaap_BalanceSheetLocationDomain' xlink:label='loc_BalanceSheetLocationDomain' xlink:type='locator' />
    <link:loc xlink:href='https://xbrl.fasb.org/srt/2025/elts/srt-2025.xsd#srt_CreditRatingFitchAxis' xlink:label='loc_CreditRatingFitchAxis' xlink:type='locator' />
    <link:loc xlink:href='https://xbrl.fasb.org/srt/2025/elts/srt-2025.xsd#srt_ExternalCreditRatingFitchMember' xlink:label='loc_ExternalCreditRatingFitchMember' xlink:type='locator' />
    <link:loc xlink:href='https://xbrl.fasb.org/srt/2025/elts/srt-2025.xsd#srt_CreditRatingMoodysAxis' xlink:label='loc_CreditRatingMoodysAxis' xlink:type='locator' />
    <link:loc xlink:href='https://xbrl.fasb.org/srt/2025/elts/srt-2025.xsd#srt_ExternalCreditRatingMoodysMember' xlink:label='loc_ExternalCreditRatingMoodysMember' xlink:type='locator' />
    <link:loc xlink:href='https://xbrl.fasb.org/srt/2025/elts/srt-2025.xsd#srt_CreditRatingStandardPoorsAxis' xlink:label='loc_CreditRatingStandardPoorsAxis' xlink:type='locator' />
    <link:loc xlink:href='https://xbrl.fasb.org/srt/2025/elts/srt-2025.xsd#srt_ExternalCreditRatingStandardPoorsMember' xlink:label='loc_ExternalCreditRatingStandardPoorsMember' xlink:type='locator' />
    <link:loc xlink:href='../elts/us-gaap-2025.xsd#us-gaap_GuaranteeObligationsByNatureAxis' xlink:label='loc_GuaranteeObligationsByNatureAxis' xlink:type='locator' />
    <link:loc xlink:href='../elts/us-gaap-2025.xsd#us-gaap_GuaranteeObligationsNatureDomain' xlink:label='loc_GuaranteeObligationsNatureDomain' xlink:type='locator' />
    <link:loc xlink:href='../elts/us-gaap-2025.xsd#us-gaap_InternalCreditAssessmentAxis' xlink:label='loc_InternalCreditAssessmentAxis' xlink:type='locator' />
    <link:loc xlink:href='../elts/us-gaap-2025.xsd#us-gaap_InternalCreditAssessmentDomain' xlink:label='loc_InternalCreditAssessmentDomain' xlink:type='locator' />
    <link:loc xlink:href='../elts/us-gaap-2025.xsd#us-gaap_ExternalCreditRatingByGroupingAxis' xlink:label='loc_ExternalCreditRatingByGroupingAxis' xlink:type='locator' />
    <link:loc xlink:href='../elts/us-gaap-2025.xsd#us-gaap_ExternalCreditRatingByGroupingDomain' xlink:label='loc_ExternalCreditRatingByGroupingDomain' xlink:type='locator' />
    <link:loc xlink:href='../elts/us-gaap-2025.xsd#us-gaap_UnderlyingAssetClassAxis' xlink:label='loc_UnderlyingAssetClassAxis' xlink:type='locator' />
    <link:loc xlink:href='../elts/us-gaap-2025.xsd#us-gaap_UnderlyingAssetClassDomain' xlink:label='loc_UnderlyingAssetClassDomain' xlink:type='locator' />
    <link:definitionArc order='1.0' xlink:arcrole='http://xbrl.org/int/dim/arcrole/dimension-default' xlink:from='loc_BalanceSheetLocationAxis' xlink:to='loc_BalanceSheetLocationDomain' xlink:type='arc' />
    <link:definitionArc order='2.0' xlink:arcrole='http://xbrl.org/int/dim/arcrole/dimension-default' xlink:from='loc_CreditRatingFitchAxis' xlink:to='loc_ExternalCreditRatingFitchMember' xlink:type='arc' />
    <link:definitionArc order='3.0' xlink:arcrole='http://xbrl.org/int/dim/arcrole/dimension-default' xlink:from='loc_CreditRatingMoodysAxis' xlink:to='loc_ExternalCreditRatingMoodysMember' xlink:type='arc' />
    <link:definitionArc order='4.0' xlink:arcrole='http://xbrl.org/int/dim/arcrole/dimension-default' xlink:from='loc_CreditRatingStandardPoorsAxis' xlink:to='loc_ExternalCreditRatingStandardPoorsMember' xlink:type='arc' />
    <link:definitionArc order='5.0' xlink:arcrole='http://xbrl.org/int/dim/arcrole/dimension-default' xlink:from='loc_GuaranteeObligationsByNatureAxis' xlink:to='loc_GuaranteeObligationsNatureDomain' xlink:type='arc' />
    <link:definitionArc order='6.0' xlink:arcrole='http://xbrl.org/int/dim/arcrole/dimension-default' xlink:from='loc_InternalCreditAssessmentAxis' xlink:to='loc_InternalCreditAssessmentDomain' xlink:type='arc' />
    <link:definitionArc order='7.0' xlink:arcrole='http://xbrl.org/int/dim/arcrole/dimension-default' xlink:from='loc_ExternalCreditRatingByGroupingAxis' xlink:to='loc_ExternalCreditRatingByGroupingDomain' xlink:type='arc' />
    <link:definitionArc order='8.0' xlink:arcrole='http://xbrl.org/int/dim/arcrole/dimension-default' xlink:from='loc_UnderlyingAssetClassAxis' xlink:to='loc_UnderlyingAssetClassDomain' xlink:type='arc' />
  </link:definitionLink>
  <link:definitionLink xlink:role='http://fasb.org/us-gaap/role/disclosure/GuaranteesScheduleOfGuaranteeObligationsTable' xlink:type='extended'>
    <link:loc xlink:href='../elts/us-gaap-2025.xsd#us-gaap_GuaranteeObligationsLineItems' xlink:label='loc_GuaranteeObligationsLineItems' xlink:type='locator' />
    <link:loc xlink:href='../elts/us-gaap-2025.xsd#us-gaap_GuarantorObligationTerm1' xlink:label='loc_GuarantorObligationTerm1' xlink:type='locator' />
    <link:loc xlink:href='../elts/us-gaap-2025.xsd#us-gaap_GuaranteeObligationsOriginAndPurpose' xlink:label='loc_GuaranteeObligationsOriginAndPurpose' xlink:type='locator' />
    <link:loc xlink:href='../elts/us-gaap-2025.xsd#us-gaap_GuaranteeObligationsTriggeringEvent' xlink:label='loc_GuaranteeObligationsTriggeringEvent' xlink:type='locator' />
    <link:loc xlink:href='../elts/us-gaap-2025.xsd#us-gaap_GuaranteeObligationsMaximumExposure' xlink:label='loc_GuaranteeObligationsMaximumExposure' xlink:type='locator' />
    <link:loc xlink:href='../elts/us-gaap-2025.xsd#us-gaap_GuaranteeTermNoLimitationToMaximumPotentialFuturePayment' xlink:label='loc_GuaranteeTermNoLimitationToMaximumPotentialFuturePayment' xlink:type='locator' />
    <link:loc xlink:href='../elts/us-gaap-2025.xsd#us-gaap_GuaranteeObligationsMaximumExposureInestimable' xlink:label='loc_GuaranteeObligationsMaximumExposureInestimable' xlink:type='locator' />
    <link:loc xlink:href='../elts/us-gaap-2025.xsd#us-gaap_GuaranteeObligationsCurrentCarryingValue' xlink:label='loc_GuaranteeObligationsCurrentCarryingValue' xlink:type='locator' />
    <link:loc xlink:href='../elts/us-gaap-2025.xsd#us-gaap_GuaranteeObligationsRecourseProvisions' xlink:label='loc_GuaranteeObligationsRecourseProvisions' xlink:type='locator' />
    <link:loc xlink:href='../elts/us-gaap-2025.xsd#us-gaap_GuaranteeObligationsLiquidationProceeds' xlink:label='loc_GuaranteeObligationsLiquidationProceeds' xlink:type='locator' />
    <link:loc xlink:href='../elts/us-gaap-2025.xsd#us-gaap_GuaranteeObligationsLiquidationProceedsPercentage' xlink:label='loc_GuaranteeObligationsLiquidationProceedsPercentage' xlink:type='locator' />
    <link:loc xlink:href='../elts/us-gaap-2025.xsd#us-gaap_GuaranteeObligationsCollateralHeldDirectlyOrByThirdParties' xlink:label='loc_GuaranteeObligationsCollateralHeldDirectlyOrByThirdParties' xlink:type='locator' />
    <link:loc xlink:href='../elts/us-gaap-2025.xsd#us-gaap_GuaranteeObligationsRelatedPartyDisclosure' xlink:label='loc_GuaranteeObligationsRelatedPartyDisclosure' xlink:type='locator' />
    <link:definitionArc order='1.0' xlink:arcrole='http://xbrl.org/int/dim/arcrole/domain-member' xlink:from='loc_GuaranteeObligationsLineItems' xlink:to='loc_GuarantorObligationTerm1' xlink:type='arc' />
    <link:definitionArc order='2.0' xlink:arcrole='http://xbrl.org/int/dim/arcrole/domain-member' xlink:from='loc_GuaranteeObligationsLineItems' xlink:to='loc_GuaranteeObligationsOriginAndPurpose' xlink:type='arc' />
    <link:definitionArc order='3.0' xlink:arcrole='http://xbrl.org/int/dim/arcrole/domain-member' xlink:from='loc_GuaranteeObligationsLineItems' xlink:to='loc_GuaranteeObligationsTriggeringEvent' xlink:type='arc' />
    <link:definitionArc order='4.0' xlink:arcrole='http://xbrl.org/int/dim/arcrole/domain-member' xlink:from='loc_GuaranteeObligationsLineItems' xlink:to='loc_GuaranteeObligationsMaximumExposure' xlink:type='arc' />
    <link:definitionArc order='5.0' xlink:arcrole='http://xbrl.org/int/dim/arcrole/domain-member' xlink:from='loc_GuaranteeObligationsLineItems' xlink:to='loc_GuaranteeTermNoLimitationToMaximumPotentialFuturePayment' xlink:type='arc' />
    <link:definitionArc order='6.0' xlink:arcrole='http://xbrl.org/int/dim/arcrole/domain-member' xlink:from='loc_GuaranteeObligationsLineItems' xlink:to='loc_GuaranteeObligationsMaximumExposureInestimable' xlink:type='arc' />
    <link:definitionArc order='7.0' xlink:arcrole='http://xbrl.org/int/dim/arcrole/domain-member' xlink:from='loc_GuaranteeObligationsLineItems' xlink:to='loc_GuaranteeObligationsCurrentCarryingValue' xlink:type='arc' />
    <link:definitionArc order='8.0' xlink:arcrole='http://xbrl.org/int/dim/arcrole/domain-member' xlink:from='loc_GuaranteeObligationsLineItems' xlink:to='loc_GuaranteeObligationsRecourseProvisions' xlink:type='arc' />
    <link:definitionArc order='9.0' xlink:arcrole='http://xbrl.org/int/dim/arcrole/domain-member' xlink:from='loc_GuaranteeObligationsLineItems' xlink:to='loc_GuaranteeObligationsLiquidationProceeds' xlink:type='arc' />
    <link:definitionArc order='10.0' xlink:arcrole='http://xbrl.org/int/dim/arcrole/domain-member' xlink:from='loc_GuaranteeObligationsLineItems' xlink:to='loc_GuaranteeObligationsLiquidationProceedsPercentage' xlink:type='arc' />
    <link:definitionArc order='11.0' xlink:arcrole='http://xbrl.org/int/dim/arcrole/domain-member' xlink:from='loc_GuaranteeObligationsLineItems' xlink:to='loc_GuaranteeObligationsCollateralHeldDirectlyOrByThirdParties' xlink:type='arc' />
    <link:definitionArc order='12.0' xlink:arcrole='http://xbrl.org/int/dim/arcrole/domain-member' xlink:from='loc_GuaranteeObligationsLineItems' xlink:to='loc_GuaranteeObligationsRelatedPartyDisclosure' xlink:type='arc' />
  </link:definitionLink>
  <link:definitionLink xlink:role='http://fasb.org/us-gaap/role/disclosure/GuaranteesScheduleOfGuaranteeObligationsTable' xlink:type='extended'>
    <link:loc xlink:href='../elts/us-gaap-2025.xsd#us-gaap_BalanceSheetLocationDomain' xlink:label='loc_BalanceSheetLocationDomain' xlink:type='locator' />
    <link:loc xlink:href='../elts/us-gaap-2025.xsd#us-gaap_OtherAssetsMember' xlink:label='loc_OtherAssetsMember' xlink:type='locator' />
    <link:loc xlink:href='../elts/us-gaap-2025.xsd#us-gaap_OtherCurrentAssetsMember' xlink:label='loc_OtherCurrentAssetsMember' xlink:type='locator' />
    <link:loc xlink:href='../elts/us-gaap-2025.xsd#us-gaap_OtherNoncurrentAssetsMember' xlink:label='loc_OtherNoncurrentAssetsMember' xlink:type='locator' />
    <link:loc xlink:href='../elts/us-gaap-2025.xsd#us-gaap_OtherLiabilitiesMember' xlink:label='loc_OtherLiabilitiesMember' xlink:type='locator' />
    <link:loc xlink:href='../elts/us-gaap-2025.xsd#us-gaap_OtherCurrentLiabilitiesMember' xlink:label='loc_OtherCurrentLiabilitiesMember' xlink:type='locator' />
    <link:loc xlink:href='../elts/us-gaap-2025.xsd#us-gaap_OtherNoncurrentLiabilitiesMember' xlink:label='loc_OtherNoncurrentLiabilitiesMember' xlink:type='locator' />
    <link:loc xlink:href='../elts/us-gaap-2025.xsd#us-gaap_OtherInvestmentsMember' xlink:label='loc_OtherInvestmentsMember' xlink:type='locator' />
    <link:loc xlink:href='../elts/us-gaap-2025.xsd#us-gaap_ContractHolderFundsMember' xlink:label='loc_ContractHolderFundsMember' xlink:type='locator' />
    <link:loc xlink:href='../elts/us-gaap-2025.xsd#us-gaap_AccountsPayableAndAccruedLiabilitiesMember' xlink:label='loc_AccountsPayableAndAccruedLiabilitiesMember' xlink:type='locator' />
    <link:loc xlink:href='../elts/us-gaap-2025.xsd#us-gaap_PrepaidExpensesAndOtherCurrentAssetsMember' xlink:label='loc_PrepaidExpensesAndOtherCurrentAssetsMember' xlink:type='locator' />
    <link:loc xlink:href='https://xbrl.fasb.org/srt/2025/elts/srt-2025.xsd#srt_ExternalCreditRatingFitchMember' xlink:label='loc_ExternalCreditRatingFitchMember' xlink:type='locator' />
    <link:loc xlink:href='https://xbrl.fasb.org/srt/2025/elts/srt-2025.xsd#srt_FitchAAARatingMember' xlink:label='loc_FitchAAARatingMember' xlink:type='locator' />
    <link:loc xlink:href='https://xbrl.fasb.org/srt/2025/elts/srt-2025.xsd#srt_FitchAAPlusRatingMember' xlink:label='loc_FitchAAPlusRatingMember' xlink:type='locator' />
    <link:loc xlink:href='https://xbrl.fasb.org/srt/2025/elts/srt-2025.xsd#srt_FitchAARatingMember' xlink:label='loc_FitchAARatingMember' xlink:type='locator' />
    <link:loc xlink:href='https://xbrl.fasb.org/srt/2025/elts/srt-2025.xsd#srt_FitchAAMinusRatingMember' xlink:label='loc_FitchAAMinusRatingMember' xlink:type='locator' />
    <link:loc xlink:href='https://xbrl.fasb.org/srt/2025/elts/srt-2025.xsd#srt_FitchAPlusRatingMember' xlink:label='loc_FitchAPlusRatingMember' xlink:type='locator' />
    <link:loc xlink:href='https://xbrl.fasb.org/srt/2025/elts/srt-2025.xsd#srt_FitchARatingMember' xlink:label='loc_FitchARatingMember' xlink:type='locator' />
    <link:loc xlink:href='https://xbrl.fasb.org/srt/2025/elts/srt-2025.xsd#srt_FitchAMinusRatingMember' xlink:label='loc_FitchAMinusRatingMember' xlink:type='locator' />
    <link:loc xlink:href='https://xbrl.fasb.org/srt/2025/elts/srt-2025.xsd#srt_FitchBBBPlusRatingMember' xlink:label='loc_FitchBBBPlusRatingMember' xlink:type='locator' />
    <link:loc xlink:href='https://xbrl.fasb.org/srt/2025/elts/srt-2025.xsd#srt_FitchBBBRatingMember' xlink:label='loc_FitchBBBRatingMember' xlink:type='locator' />
    <link:loc xlink:href='https://xbrl.fasb.org/srt/2025/elts/srt-2025.xsd#srt_FitchBBBMinusRatingMember' xlink:label='loc_FitchBBBMinusRatingMember' xlink:type='locator' />
    <link:loc xlink:href='https://xbrl.fasb.org/srt/2025/elts/srt-2025.xsd#srt_FitchBBPlusRatingMember' xlink:label='loc_FitchBBPlusRatingMember' xlink:type='locator' />
    <link:loc xlink:href='https://xbrl.fasb.org/srt/2025/elts/srt-2025.xsd#srt_FitchBBRatingMember' xlink:label='loc_FitchBBRatingMember' xlink:type='locator' />
    <link:loc xlink:href='https://xbrl.fasb.org/srt/2025/elts/srt-2025.xsd#srt_FitchBBMinusRatingMember' xlink:label='loc_FitchBBMinusRatingMember' xlink:type='locator' />
    <link:loc xlink:href='https://xbrl.fasb.org/srt/2025/elts/srt-2025.xsd#srt_FitchBPlusRatingMember' xlink:label='loc_FitchBPlusRatingMember' xlink:type='locator' />
    <link:loc xlink:href='https://xbrl.fasb.org/srt/2025/elts/srt-2025.xsd#srt_FitchBRatingMember' xlink:label='loc_FitchBRatingMember' xlink:type='locator' />
    <link:loc xlink:href='https://xbrl.fasb.org/srt/2025/elts/srt-2025.xsd#srt_FitchBMinusRatingMember' xlink:label='loc_FitchBMinusRatingMember' xlink:type='locator' />
    <link:loc xlink:href='https://xbrl.fasb.org/srt/2025/elts/srt-2025.xsd#srt_FitchCCCPlusRatingMember' xlink:label='loc_FitchCCCPlusRatingMember' xlink:type='locator' />
    <link:loc xlink:href='https://xbrl.fasb.org/srt/2025/elts/srt-2025.xsd#srt_FitchCCCRatingMember' xlink:label='loc_FitchCCCRatingMember' xlink:type='locator' />
    <link:loc xlink:href='https://xbrl.fasb.org/srt/2025/elts/srt-2025.xsd#srt_FitchCCCMinusRatingMember' xlink:label='loc_FitchCCCMinusRatingMember' xlink:type='locator' />
    <link:loc xlink:href='https://xbrl.fasb.org/srt/2025/elts/srt-2025.xsd#srt_FitchCCRatingMember' xlink:label='loc_FitchCCRatingMember' xlink:type='locator' />
    <link:loc xlink:href='https://xbrl.fasb.org/srt/2025/elts/srt-2025.xsd#srt_FitchCRatingMember' xlink:label='loc_FitchCRatingMember' xlink:type='locator' />
    <link:loc xlink:href='https://xbrl.fasb.org/srt/2025/elts/srt-2025.xsd#srt_FitchDRatingMember' xlink:label='loc_FitchDRatingMember' xlink:type='locator' />
    <link:loc xlink:href='https://xbrl.fasb.org/srt/2025/elts/srt-2025.xsd#srt_ExternalCreditRatingMoodysMember' xlink:label='loc_ExternalCreditRatingMoodysMember' xlink:type='locator' />
    <link:loc xlink:href='https://xbrl.fasb.org/srt/2025/elts/srt-2025.xsd#srt_MoodysAaaRatingMember' xlink:label='loc_MoodysAaaRatingMember' xlink:type='locator' />
    <link:loc xlink:href='https://xbrl.fasb.org/srt/2025/elts/srt-2025.xsd#srt_MoodysAa1RatingMember' xlink:label='loc_MoodysAa1RatingMember' xlink:type='locator' />
    <link:loc xlink:href='https://xbrl.fasb.org/srt/2025/elts/srt-2025.xsd#srt_MoodysAa2RatingMember' xlink:label='loc_MoodysAa2RatingMember' xlink:type='locator' />
    <link:loc xlink:href='https://xbrl.fasb.org/srt/2025/elts/srt-2025.xsd#srt_MoodysAa3RatingMember' xlink:label='loc_MoodysAa3RatingMember' xlink:type='locator' />
    <link:loc xlink:href='https://xbrl.fasb.org/srt/2025/elts/srt-2025.xsd#srt_MoodysA1RatingMember' xlink:label='loc_MoodysA1RatingMember' xlink:type='locator' />
    <link:loc xlink:href='https://xbrl.fasb.org/srt/2025/elts/srt-2025.xsd#srt_MoodysA2RatingMember' xlink:label='loc_MoodysA2RatingMember' xlink:type='locator' />
    <link:loc xlink:href='https://xbrl.fasb.org/srt/2025/elts/srt-2025.xsd#srt_MoodysA3RatingMember' xlink:label='loc_MoodysA3RatingMember' xlink:type='locator' />
    <link:loc xlink:href='https://xbrl.fasb.org/srt/2025/elts/srt-2025.xsd#srt_MoodysBaa1RatingMember' xlink:label='loc_MoodysBaa1RatingMember' xlink:type='locator' />
    <link:loc xlink:href='https://xbrl.fasb.org/srt/2025/elts/srt-2025.xsd#srt_MoodysBaa2RatingMember' xlink:label='loc_MoodysBaa2RatingMember' xlink:type='locator' />
    <link:loc xlink:href='https://xbrl.fasb.org/srt/2025/elts/srt-2025.xsd#srt_MoodysBaa3RatingMember' xlink:label='loc_MoodysBaa3RatingMember' xlink:type='locator' />
    <link:loc xlink:href='https://xbrl.fasb.org/srt/2025/elts/srt-2025.xsd#srt_MoodysBa1RatingMember' xlink:label='loc_MoodysBa1RatingMember' xlink:type='locator' />
    <link:loc xlink:href='https://xbrl.fasb.org/srt/2025/elts/srt-2025.xsd#srt_MoodysBa2RatingMember' xlink:label='loc_MoodysBa2RatingMember' xlink:type='locator' />
    <link:loc xlink:href='https://xbrl.fasb.org/srt/2025/elts/srt-2025.xsd#srt_MoodysBa3RatingMember' xlink:label='loc_MoodysBa3RatingMember' xlink:type='locator' />
    <link:loc xlink:href='https://xbrl.fasb.org/srt/2025/elts/srt-2025.xsd#srt_MoodysB1RatingMember' xlink:label='loc_MoodysB1RatingMember' xlink:type='locator' />
    <link:loc xlink:href='https://xbrl.fasb.org/srt/2025/elts/srt-2025.xsd#srt_MoodysB2RatingMember' xlink:label='loc_MoodysB2RatingMember' xlink:type='locator' />
    <link:loc xlink:href='https://xbrl.fasb.org/srt/2025/elts/srt-2025.xsd#srt_MoodysB3RatingMember' xlink:label='loc_MoodysB3RatingMember' xlink:type='locator' />
    <link:loc xlink:href='https://xbrl.fasb.org/srt/2025/elts/srt-2025.xsd#srt_MoodysCaa1RatingMember' xlink:label='loc_MoodysCaa1RatingMember' xlink:type='locator' />
    <link:loc xlink:href='https://xbrl.fasb.org/srt/2025/elts/srt-2025.xsd#srt_MoodysCaa2RatingMember' xlink:label='loc_MoodysCaa2RatingMember' xlink:type='locator' />
    <link:loc xlink:href='https://xbrl.fasb.org/srt/2025/elts/srt-2025.xsd#srt_MoodysCaa3RatingMember' xlink:label='loc_MoodysCaa3RatingMember' xlink:type='locator' />
    <link:loc xlink:href='https://xbrl.fasb.org/srt/2025/elts/srt-2025.xsd#srt_MoodysCaRatingMember' xlink:label='loc_MoodysCaRatingMember' xlink:type='locator' />
    <link:loc xlink:href='https://xbrl.fasb.org/srt/2025/elts/srt-2025.xsd#srt_MoodysCRatingMember' xlink:label='loc_MoodysCRatingMember' xlink:type='locator' />
    <link:loc xlink:href='https://xbrl.fasb.org/srt/2025/elts/srt-2025.xsd#srt_ExternalCreditRatingStandardPoorsMember' xlink:label='loc_ExternalCreditRatingStandardPoorsMember' xlink:type='locator' />
    <link:loc xlink:href='https://xbrl.fasb.org/srt/2025/elts/srt-2025.xsd#srt_StandardPoorsAAARatingMember' xlink:label='loc_StandardPoorsAAARatingMember' xlink:type='locator' />
    <link:loc xlink:href='https://xbrl.fasb.org/srt/2025/elts/srt-2025.xsd#srt_StandardPoorsAAPlusRatingMember' xlink:label='loc_StandardPoorsAAPlusRatingMember' xlink:type='locator' />
    <link:loc xlink:href='https://xbrl.fasb.org/srt/2025/elts/srt-2025.xsd#srt_StandardPoorsAARatingMember' xlink:label='loc_StandardPoorsAARatingMember' xlink:type='locator' />
    <link:loc xlink:href='https://xbrl.fasb.org/srt/2025/elts/srt-2025.xsd#srt_StandardPoorsAAMinusRatingMember' xlink:label='loc_StandardPoorsAAMinusRatingMember' xlink:type='locator' />
    <link:loc xlink:href='https://xbrl.fasb.org/srt/2025/elts/srt-2025.xsd#srt_StandardPoorsAPlusRatingMember' xlink:label='loc_StandardPoorsAPlusRatingMember' xlink:type='locator' />
    <link:loc xlink:href='https://xbrl.fasb.org/srt/2025/elts/srt-2025.xsd#srt_StandardPoorsARatingMember' xlink:label='loc_StandardPoorsARatingMember' xlink:type='locator' />
    <link:loc xlink:href='https://xbrl.fasb.org/srt/2025/elts/srt-2025.xsd#srt_StandardPoorsAMinusRatingMember' xlink:label='loc_StandardPoorsAMinusRatingMember' xlink:type='locator' />
    <link:loc xlink:href='https://xbrl.fasb.org/srt/2025/elts/srt-2025.xsd#srt_StandardPoorsBBBPlusRatingMember' xlink:label='loc_StandardPoorsBBBPlusRatingMember' xlink:type='locator' />
    <link:loc xlink:href='https://xbrl.fasb.org/srt/2025/elts/srt-2025.xsd#srt_StandardPoorsBBBRatingMember' xlink:label='loc_StandardPoorsBBBRatingMember' xlink:type='locator' />
    <link:loc xlink:href='https://xbrl.fasb.org/srt/2025/elts/srt-2025.xsd#srt_StandardPoorsBBBMinusRatingMember' xlink:label='loc_StandardPoorsBBBMinusRatingMember' xlink:type='locator' />
    <link:loc xlink:href='https://xbrl.fasb.org/srt/2025/elts/srt-2025.xsd#srt_StandardPoorsBBPlusRatingMember' xlink:label='loc_StandardPoorsBBPlusRatingMember' xlink:type='locator' />
    <link:loc xlink:href='https://xbrl.fasb.org/srt/2025/elts/srt-2025.xsd#srt_StandardPoorsBBRatingMember' xlink:label='loc_StandardPoorsBBRatingMember' xlink:type='locator' />
    <link:loc xlink:href='https://xbrl.fasb.org/srt/2025/elts/srt-2025.xsd#srt_StandardPoorsBBMinusRatingMember' xlink:label='loc_StandardPoorsBBMinusRatingMember' xlink:type='locator' />
    <link:loc xlink:href='https://xbrl.fasb.org/srt/2025/elts/srt-2025.xsd#srt_StandardPoorsBPlusRatingMember' xlink:label='loc_StandardPoorsBPlusRatingMember' xlink:type='locator' />
    <link:loc xlink:href='https://xbrl.fasb.org/srt/2025/elts/srt-2025.xsd#srt_StandardPoorsBRatingMember' xlink:label='loc_StandardPoorsBRatingMember' xlink:type='locator' />
    <link:loc xlink:href='https://xbrl.fasb.org/srt/2025/elts/srt-2025.xsd#srt_StandardPoorsBMinusRatingMember' xlink:label='loc_StandardPoorsBMinusRatingMember' xlink:type='locator' />
    <link:loc xlink:href='https://xbrl.fasb.org/srt/2025/elts/srt-2025.xsd#srt_StandardPoorsCCCPlusRatingMember' xlink:label='loc_StandardPoorsCCCPlusRatingMember' xlink:type='locator' />
    <link:loc xlink:href='https://xbrl.fasb.org/srt/2025/elts/srt-2025.xsd#srt_StandardPoorsCCCRatingMember' xlink:label='loc_StandardPoorsCCCRatingMember' xlink:type='locator' />
    <link:loc xlink:href='https://xbrl.fasb.org/srt/2025/elts/srt-2025.xsd#srt_StandardPoorsCCCMinusRatingMember' xlink:label='loc_StandardPoorsCCCMinusRatingMember' xlink:type='locator' />
    <link:loc xlink:href='https://xbrl.fasb.org/srt/2025/elts/srt-2025.xsd#srt_StandardPoorsCCRatingMember' xlink:label='loc_StandardPoorsCCRatingMember' xlink:type='locator' />
    <link:loc xlink:href='https://xbrl.fasb.org/srt/2025/elts/srt-2025.xsd#srt_StandardPoorsCRatingMember' xlink:label='loc_StandardPoorsCRatingMember' xlink:type='locator' />
    <link:loc xlink:href='https://xbrl.fasb.org/srt/2025/elts/srt-2025.xsd#srt_StandardPoorsDRatingMember' xlink:label='loc_StandardPoorsDRatingMember' xlink:type='locator' />
    <link:loc xlink:href='../elts/us-gaap-2025.xsd#us-gaap_GuaranteeObligationsNatureDomain' xlink:label='loc_GuaranteeObligationsNatureDomain' xlink:type='locator' />
    <link:loc xlink:href='../elts/us-gaap-2025.xsd#us-gaap_PaymentGuaranteeMember' xlink:label='loc_PaymentGuaranteeMember' xlink:type='locator' />
    <link:loc xlink:href='../elts/us-gaap-2025.xsd#us-gaap_FinancialStandbyLetterOfCreditMember' xlink:label='loc_FinancialStandbyLetterOfCreditMember' xlink:type='locator' />
    <link:loc xlink:href='../elts/us-gaap-2025.xsd#us-gaap_MarketValueGuaranteeMember' xlink:label='loc_MarketValueGuaranteeMember' xlink:type='locator' />
    <link:loc xlink:href='../elts/us-gaap-2025.xsd#us-gaap_PropertyLeaseGuaranteeMember' xlink:label='loc_PropertyLeaseGuaranteeMember' xlink:type='locator' />
    <link:loc xlink:href='../elts/us-gaap-2025.xsd#us-gaap_StockMarketPriceGuaranteeMember' xlink:label='loc_StockMarketPriceGuaranteeMember' xlink:type='locator' />
    <link:loc xlink:href='../elts/us-gaap-2025.xsd#us-gaap_GuaranteeOfScheduledContractualCashFlowsFromAssetsOfSpecialPurposeEntitySPEMember' xlink:label='loc_GuaranteeOfScheduledContractualCashFlowsFromAssetsOfSpecialPurposeEntitySPEMember' xlink:type='locator' />
    <link:loc xlink:href='../elts/us-gaap-2025.xsd#us-gaap_GuaranteeOfBusinessRevenueMember' xlink:label='loc_GuaranteeOfBusinessRevenueMember' xlink:type='locator' />
    <link:loc xlink:href='../elts/us-gaap-2025.xsd#us-gaap_PerformanceGuaranteeMember' xlink:label='loc_PerformanceGuaranteeMember' xlink:type='locator' />
    <link:loc xlink:href='../elts/us-gaap-2025.xsd#us-gaap_IndemnificationGuaranteeMember' xlink:label='loc_IndemnificationGuaranteeMember' xlink:type='locator' />
    <link:loc xlink:href='../elts/us-gaap-2025.xsd#us-gaap_IndirectGuaranteeOfIndebtednessMember' xlink:label='loc_IndirectGuaranteeOfIndebtednessMember' xlink:type='locator' />
    <link:loc xlink:href='../elts/us-gaap-2025.xsd#us-gaap_FinancialGuaranteeMember' xlink:label='loc_FinancialGuaranteeMember' xlink:type='locator' />
    <link:loc xlink:href='../elts/us-gaap-2025.xsd#us-gaap_GuaranteeTypeOtherMember' xlink:label='loc_GuaranteeTypeOtherMember' xlink:type='locator' />
    <link:loc xlink:href='../elts/us-gaap-2025.xsd#us-gaap_SuretyBondMember' xlink:label='loc_SuretyBondMember' xlink:type='locator' />
    <link:loc xlink:href='../elts/us-gaap-2025.xsd#us-gaap_InternalCreditAssessmentDomain' xlink:label='loc_InternalCreditAssessmentDomain' xlink:type='locator' />
    <link:loc xlink:href='../elts/us-gaap-2025.xsd#us-gaap_RiskLevelHighMember' xlink:label='loc_RiskLevelHighMember' xlink:type='locator' />
    <link:loc xlink:href='../elts/us-gaap-2025.xsd#us-gaap_RiskLevelMediumMember' xlink:label='loc_RiskLevelMediumMember' xlink:type='locator' />
    <link:loc xlink:href='../elts/us-gaap-2025.xsd#us-gaap_RiskLevelLowMember' xlink:label='loc_RiskLevelLowMember' xlink:type='locator' />
    <link:loc xlink:href='../elts/us-gaap-2025.xsd#us-gaap_ExternalCreditRatingByGroupingDomain' xlink:label='loc_ExternalCreditRatingByGroupingDomain' xlink:type='locator' />
    <link:loc xlink:href='../elts/us-gaap-2025.xsd#us-gaap_ExternalCreditRatingInvestmentGradeMember' xlink:label='loc_ExternalCreditRatingInvestmentGradeMember' xlink:type='locator' />
    <link:loc xlink:href='../elts/us-gaap-2025.xsd#us-gaap_ExternalCreditRatingNonInvestmentGradeMember' xlink:label='loc_ExternalCreditRatingNonInvestmentGradeMember' xlink:type='locator' />
    <link:loc xlink:href='../elts/us-gaap-2025.xsd#us-gaap_UnderlyingAssetClassDomain' xlink:label='loc_UnderlyingAssetClassDomain' xlink:type='locator' />
    <link:loc xlink:href='../elts/us-gaap-2025.xsd#us-gaap_AgencySecuritiesMember' xlink:label='loc_AgencySecuritiesMember' xlink:type='locator' />
    <link:loc xlink:href='../elts/us-gaap-2025.xsd#us-gaap_DebtSecuritiesPayableMember' xlink:label='loc_DebtSecuritiesPayableMember' xlink:type='locator' />
    <link:loc xlink:href='../elts/us-gaap-2025.xsd#us-gaap_LoansPayableMember' xlink:label='loc_LoansPayableMember' xlink:type='locator' />
    <link:loc xlink:href='../elts/us-gaap-2025.xsd#us-gaap_CollateralizedSecuritiesMember' xlink:label='loc_CollateralizedSecuritiesMember' xlink:type='locator' />
    <link:loc xlink:href='../elts/us-gaap-2025.xsd#us-gaap_MortgageBackedSecuritiesMember' xlink:label='loc_MortgageBackedSecuritiesMember' xlink:type='locator' />
    <link:loc xlink:href='../elts/us-gaap-2025.xsd#us-gaap_ResidentialMortgageBackedSecuritiesMember' xlink:label='loc_ResidentialMortgageBackedSecuritiesMember' xlink:type='locator' />
    <link:loc xlink:href='../elts/us-gaap-2025.xsd#us-gaap_CommercialMortgageBackedSecuritiesMember' xlink:label='loc_CommercialMortgageBackedSecuritiesMember' xlink:type='locator' />
    <link:loc xlink:href='../elts/us-gaap-2025.xsd#us-gaap_MortgageBackedSecuritiesOtherMember' xlink:label='loc_MortgageBackedSecuritiesOtherMember' xlink:type='locator' />
    <link:loc xlink:href='../elts/us-gaap-2025.xsd#us-gaap_CollateralizedDebtObligationsMember' xlink:label='loc_CollateralizedDebtObligationsMember' xlink:type='locator' />
    <link:loc xlink:href='../elts/us-gaap-2025.xsd#us-gaap_CollateralizedLoanObligationsMember' xlink:label='loc_CollateralizedLoanObligationsMember' xlink:type='locator' />
    <link:loc xlink:href='../elts/us-gaap-2025.xsd#us-gaap_CollateralizedCreditCardSecuritiesMember' xlink:label='loc_CollateralizedCreditCardSecuritiesMember' xlink:type='locator' />
    <link:loc xlink:href='../elts/us-gaap-2025.xsd#us-gaap_CollateralizedAutoLoansMember' xlink:label='loc_CollateralizedAutoLoansMember' xlink:type='locator' />
    <link:loc xlink:href='../elts/us-gaap-2025.xsd#us-gaap_CollateralizedSecuritiesOtherMember' xlink:label='loc_CollateralizedSecuritiesOtherMember' xlink:type='locator' />
    <link:loc xlink:href='../elts/us-gaap-2025.xsd#us-gaap_SovereignDebtMember' xlink:label='loc_SovereignDebtMember' xlink:type='locator' />
    <link:loc xlink:href='../elts/us-gaap-2025.xsd#us-gaap_SovereignDebtStateGovernmentUnspecifiedMember' xlink:label='loc_SovereignDebtStateGovernmentUnspecifiedMember' xlink:type='locator' />
    <link:loc xlink:href='../elts/us-gaap-2025.xsd#us-gaap_SovereignDebtLocalGovernmentUnspecifiedMember' xlink:label='loc_SovereignDebtLocalGovernmentUnspecifiedMember' xlink:type='locator' />
    <link:loc xlink:href='../elts/us-gaap-2025.xsd#us-gaap_StructuredFinanceMember' xlink:label='loc_StructuredFinanceMember' xlink:type='locator' />
    <link:loc xlink:href='../elts/us-gaap-2025.xsd#us-gaap_UnderlyingOtherMember' xlink:label='loc_UnderlyingOtherMember' xlink:type='locator' />
    <link:loc xlink:href='../elts/us-gaap-2025.xsd#us-gaap_ConstructionContractsMember' xlink:label='loc_ConstructionContractsMember' xlink:type='locator' />
    <link:definitionArc order='1.0' xlink:arcrole='http://xbrl.org/int/dim/arcrole/domain-member' xlink:from='loc_BalanceSheetLocationDomain' xlink:to='loc_OtherAssetsMember' xlink:type='arc' />
    <link:definitionArc order='2.0' xlink:arcrole='http://xbrl.org/int/dim/arcrole/domain-member' xlink:from='loc_OtherAssetsMember' xlink:to='loc_OtherCurrentAssetsMember' xlink:type='arc' />
    <link:definitionArc order='3.0' xlink:arcrole='http://xbrl.org/int/dim/arcrole/domain-member' xlink:from='loc_OtherAssetsMember' xlink:to='loc_OtherNoncurrentAssetsMember' xlink:type='arc' />
    <link:definitionArc order='4.0' xlink:arcrole='http://xbrl.org/int/dim/arcrole/domain-member' xlink:from='loc_BalanceSheetLocationDomain' xlink:to='loc_OtherLiabilitiesMember' xlink:type='arc' />
    <link:definitionArc order='5.0' xlink:arcrole='http://xbrl.org/int/dim/arcrole/domain-member' xlink:from='loc_OtherLiabilitiesMember' xlink:to='loc_OtherCurrentLiabilitiesMember' xlink:type='arc' />
    <link:definitionArc order='6.0' xlink:arcrole='http://xbrl.org/int/dim/arcrole/domain-member' xlink:from='loc_OtherLiabilitiesMember' xlink:to='loc_OtherNoncurrentLiabilitiesMember' xlink:type='arc' />
    <link:definitionArc order='7.0' xlink:arcrole='http://xbrl.org/int/dim/arcrole/domain-member' xlink:from='loc_BalanceSheetLocationDomain' xlink:to='loc_OtherInvestmentsMember' xlink:type='arc' />
    <link:definitionArc order='8.0' xlink:arcrole='http://xbrl.org/int/dim/arcrole/domain-member' xlink:from='loc_BalanceSheetLocationDomain' xlink:to='loc_ContractHolderFundsMember' xlink:type='arc' />
    <link:definitionArc order='9.0' xlink:arcrole='http://xbrl.org/int/dim/arcrole/domain-member' xlink:from='loc_BalanceSheetLocationDomain' xlink:to='loc_AccountsPayableAndAccruedLiabilitiesMember' xlink:type='arc' />
    <link:definitionArc order='10.0' xlink:arcrole='http://xbrl.org/int/dim/arcrole/domain-member' xlink:from='loc_BalanceSheetLocationDomain' xlink:to='loc_PrepaidExpensesAndOtherCurrentAssetsMember' xlink:type='arc' />
    <link:definitionArc order='11.0' xlink:arcrole='http://xbrl.org/int/dim/arcrole/domain-member' xlink:from='loc_ExternalCreditRatingFitchMember' xlink:to='loc_FitchAAARatingMember' xlink:type='arc' />
    <link:definitionArc order='12.0' xlink:arcrole='http://xbrl.org/int/dim/arcrole/domain-member' xlink:from='loc_ExternalCreditRatingFitchMember' xlink:to='loc_FitchAAPlusRatingMember' xlink:type='arc' />
    <link:definitionArc order='13.0' xlink:arcrole='http://xbrl.org/int/dim/arcrole/domain-member' xlink:from='loc_ExternalCreditRatingFitchMember' xlink:to='loc_FitchAARatingMember' xlink:type='arc' />
    <link:definitionArc order='14.0' xlink:arcrole='http://xbrl.org/int/dim/arcrole/domain-member' xlink:from='loc_ExternalCreditRatingFitchMember' xlink:to='loc_FitchAAMinusRatingMember' xlink:type='arc' />
    <link:definitionArc order='15.0' xlink:arcrole='http://xbrl.org/int/dim/arcrole/domain-member' xlink:from='loc_ExternalCreditRatingFitchMember' xlink:to='loc_FitchAPlusRatingMember' xlink:type='arc' />
    <link:definitionArc order='16.0' xlink:arcrole='http://xbrl.org/int/dim/arcrole/domain-member' xlink:from='loc_ExternalCreditRatingFitchMember' xlink:to='loc_FitchARatingMember' xlink:type='arc' />
    <link:definitionArc order='17.0' xlink:arcrole='http://xbrl.org/int/dim/arcrole/domain-member' xlink:from='loc_ExternalCreditRatingFitchMember' xlink:to='loc_FitchAMinusRatingMember' xlink:type='arc' />
    <link:definitionArc order='18.0' xlink:arcrole='http://xbrl.org/int/dim/arcrole/domain-member' xlink:from='loc_ExternalCreditRatingFitchMember' xlink:to='loc_FitchBBBPlusRatingMember' xlink:type='arc' />
    <link:definitionArc order='19.0' xlink:arcrole='http://xbrl.org/int/dim/arcrole/domain-member' xlink:from='loc_ExternalCreditRatingFitchMember' xlink:to='loc_FitchBBBRatingMember' xlink:type='arc' />
    <link:definitionArc order='20.0' xlink:arcrole='http://xbrl.org/int/dim/arcrole/domain-member' xlink:from='loc_ExternalCreditRatingFitchMember' xlink:to='loc_FitchBBBMinusRatingMember' xlink:type='arc' />
    <link:definitionArc order='21.0' xlink:arcrole='http://xbrl.org/int/dim/arcrole/domain-member' xlink:from='loc_ExternalCreditRatingFitchMember' xlink:to='loc_FitchBBPlusRatingMember' xlink:type='arc' />
    <link:definitionArc order='22.0' xlink:arcrole='http://xbrl.org/int/dim/arcrole/domain-member' xlink:from='loc_ExternalCreditRatingFitchMember' xlink:to='loc_FitchBBRatingMember' xlink:type='arc' />
    <link:definitionArc order='23.0' xlink:arcrole='http://xbrl.org/int/dim/arcrole/domain-member' xlink:from='loc_ExternalCreditRatingFitchMember' xlink:to='loc_FitchBBMinusRatingMember' xlink:type='arc' />
    <link:definitionArc order='24.0' xlink:arcrole='http://xbrl.org/int/dim/arcrole/domain-member' xlink:from='loc_ExternalCreditRatingFitchMember' xlink:to='loc_FitchBPlusRatingMember' xlink:type='arc' />
    <link:definitionArc order='25.0' xlink:arcrole='http://xbrl.org/int/dim/arcrole/domain-member' xlink:from='loc_ExternalCreditRatingFitchMember' xlink:to='loc_FitchBRatingMember' xlink:type='arc' />
    <link:definitionArc order='26.0' xlink:arcrole='http://xbrl.org/int/dim/arcrole/domain-member' xlink:from='loc_ExternalCreditRatingFitchMember' xlink:to='loc_FitchBMinusRatingMember' xlink:type='arc' />
    <link:definitionArc order='27.0' xlink:arcrole='http://xbrl.org/int/dim/arcrole/domain-member' xlink:from='loc_ExternalCreditRatingFitchMember' xlink:to='loc_FitchCCCPlusRatingMember' xlink:type='arc' />
    <link:definitionArc order='28.0' xlink:arcrole='http://xbrl.org/int/dim/arcrole/domain-member' xlink:from='loc_ExternalCreditRatingFitchMember' xlink:to='loc_FitchCCCRatingMember' xlink:type='arc' />
    <link:definitionArc order='29.0' xlink:arcrole='http://xbrl.org/int/dim/arcrole/domain-member' xlink:from='loc_ExternalCreditRatingFitchMember' xlink:to='loc_FitchCCCMinusRatingMember' xlink:type='arc' />
    <link:definitionArc order='30.0' xlink:arcrole='http://xbrl.org/int/dim/arcrole/domain-member' xlink:from='loc_ExternalCreditRatingFitchMember' xlink:to='loc_FitchCCRatingMember' xlink:type='arc' />
    <link:definitionArc order='31.0' xlink:arcrole='http://xbrl.org/int/dim/arcrole/domain-member' xlink:from='loc_ExternalCreditRatingFitchMember' xlink:to='loc_FitchCRatingMember' xlink:type='arc' />
    <link:definitionArc order='32.0' xlink:arcrole='http://xbrl.org/int/dim/arcrole/domain-member' xlink:from='loc_ExternalCreditRatingFitchMember' xlink:to='loc_FitchDRatingMember' xlink:type='arc' />
    <link:definitionArc order='33.0' xlink:arcrole='http://xbrl.org/int/dim/arcrole/domain-member' xlink:from='loc_ExternalCreditRatingMoodysMember' xlink:to='loc_MoodysAaaRatingMember' xlink:type='arc' />
    <link:definitionArc order='34.0' xlink:arcrole='http://xbrl.org/int/dim/arcrole/domain-member' xlink:from='loc_ExternalCreditRatingMoodysMember' xlink:to='loc_MoodysAa1RatingMember' xlink:type='arc' />
    <link:definitionArc order='35.0' xlink:arcrole='http://xbrl.org/int/dim/arcrole/domain-member' xlink:from='loc_ExternalCreditRatingMoodysMember' xlink:to='loc_MoodysAa2RatingMember' xlink:type='arc' />
    <link:definitionArc order='36.0' xlink:arcrole='http://xbrl.org/int/dim/arcrole/domain-member' xlink:from='loc_ExternalCreditRatingMoodysMember' xlink:to='loc_MoodysAa3RatingMember' xlink:type='arc' />
    <link:definitionArc order='37.0' xlink:arcrole='http://xbrl.org/int/dim/arcrole/domain-member' xlink:from='loc_ExternalCreditRatingMoodysMember' xlink:to='loc_MoodysA1RatingMember' xlink:type='arc' />
    <link:definitionArc order='38.0' xlink:arcrole='http://xbrl.org/int/dim/arcrole/domain-member' xlink:from='loc_ExternalCreditRatingMoodysMember' xlink:to='loc_MoodysA2RatingMember' xlink:type='arc' />
    <link:definitionArc order='39.0' xlink:arcrole='http://xbrl.org/int/dim/arcrole/domain-member' xlink:from='loc_ExternalCreditRatingMoodysMember' xlink:to='loc_MoodysA3RatingMember' xlink:type='arc' />
    <link:definitionArc order='40.0' xlink:arcrole='http://xbrl.org/int/dim/arcrole/domain-member' xlink:from='loc_ExternalCreditRatingMoodysMember' xlink:to='loc_MoodysBaa1RatingMember' xlink:type='arc' />
    <link:definitionArc order='41.0' xlink:arcrole='http://xbrl.org/int/dim/arcrole/domain-member' xlink:from='loc_ExternalCreditRatingMoodysMember' xlink:to='loc_MoodysBaa2RatingMember' xlink:type='arc' />
    <link:definitionArc order='42.0' xlink:arcrole='http://xbrl.org/int/dim/arcrole/domain-member' xlink:from='loc_ExternalCreditRatingMoodysMember' xlink:to='loc_MoodysBaa3RatingMember' xlink:type='arc' />
    <link:definitionArc order='43.0' xlink:arcrole='http://xbrl.org/int/dim/arcrole/domain-member' xlink:from='loc_ExternalCreditRatingMoodysMember' xlink:to='loc_MoodysBa1RatingMember' xlink:type='arc' />
    <link:definitionArc order='44.0' xlink:arcrole='http://xbrl.org/int/dim/arcrole/domain-member' xlink:from='loc_ExternalCreditRatingMoodysMember' xlink:to='loc_MoodysBa2RatingMember' xlink:type='arc' />
    <link:definitionArc order='45.0' xlink:arcrole='http://xbrl.org/int/dim/arcrole/domain-member' xlink:from='loc_ExternalCreditRatingMoodysMember' xlink:to='loc_MoodysBa3RatingMember' xlink:type='arc' />
    <link:definitionArc order='46.0' xlink:arcrole='http://xbrl.org/int/dim/arcrole/domain-member' xlink:from='loc_ExternalCreditRatingMoodysMember' xlink:to='loc_MoodysB1RatingMember' xlink:type='arc' />
    <link:definitionArc order='47.0' xlink:arcrole='http://xbrl.org/int/dim/arcrole/domain-member' xlink:from='loc_ExternalCreditRatingMoodysMember' xlink:to='loc_MoodysB2RatingMember' xlink:type='arc' />
    <link:definitionArc order='48.0' xlink:arcrole='http://xbrl.org/int/dim/arcrole/domain-member' xlink:from='loc_ExternalCreditRatingMoodysMember' xlink:to='loc_MoodysB3RatingMember' xlink:type='arc' />
    <link:definitionArc order='49.0' xlink:arcrole='http://xbrl.org/int/dim/arcrole/domain-member' xlink:from='loc_ExternalCreditRatingMoodysMember' xlink:to='loc_MoodysCaa1RatingMember' xlink:type='arc' />
    <link:definitionArc order='50.0' xlink:arcrole='http://xbrl.org/int/dim/arcrole/domain-member' xlink:from='loc_ExternalCreditRatingMoodysMember' xlink:to='loc_MoodysCaa2RatingMember' xlink:type='arc' />
    <link:definitionArc order='51.0' xlink:arcrole='http://xbrl.org/int/dim/arcrole/domain-member' xlink:from='loc_ExternalCreditRatingMoodysMember' xlink:to='loc_MoodysCaa3RatingMember' xlink:type='arc' />
    <link:definitionArc order='52.0' xlink:arcrole='http://xbrl.org/int/dim/arcrole/domain-member' xlink:from='loc_ExternalCreditRatingMoodysMember' xlink:to='loc_MoodysCaRatingMember' xlink:type='arc' />
    <link:definitionArc order='53.0' xlink:arcrole='http://xbrl.org/int/dim/arcrole/domain-member' xlink:from='loc_ExternalCreditRatingMoodysMember' xlink:to='loc_MoodysCRatingMember' xlink:type='arc' />
    <link:definitionArc order='54.0' xlink:arcrole='http://xbrl.org/int/dim/arcrole/domain-member' xlink:from='loc_ExternalCreditRatingStandardPoorsMember' xlink:to='loc_StandardPoorsAAARatingMember' xlink:type='arc' />
    <link:definitionArc order='55.0' xlink:arcrole='http://xbrl.org/int/dim/arcrole/domain-member' xlink:from='loc_ExternalCreditRatingStandardPoorsMember' xlink:to='loc_StandardPoorsAAPlusRatingMember' xlink:type='arc' />
    <link:definitionArc order='56.0' xlink:arcrole='http://xbrl.org/int/dim/arcrole/domain-member' xlink:from='loc_ExternalCreditRatingStandardPoorsMember' xlink:to='loc_StandardPoorsAARatingMember' xlink:type='arc' />
    <link:definitionArc order='57.0' xlink:arcrole='http://xbrl.org/int/dim/arcrole/domain-member' xlink:from='loc_ExternalCreditRatingStandardPoorsMember' xlink:to='loc_StandardPoorsAAMinusRatingMember' xlink:type='arc' />
    <link:definitionArc order='58.0' xlink:arcrole='http://xbrl.org/int/dim/arcrole/domain-member' xlink:from='loc_ExternalCreditRatingStandardPoorsMember' xlink:to='loc_StandardPoorsAPlusRatingMember' xlink:type='arc' />
    <link:definitionArc order='59.0' xlink:arcrole='http://xbrl.org/int/dim/arcrole/domain-member' xlink:from='loc_ExternalCreditRatingStandardPoorsMember' xlink:to='loc_StandardPoorsARatingMember' xlink:type='arc' />
    <link:definitionArc order='60.0' xlink:arcrole='http://xbrl.org/int/dim/arcrole/domain-member' xlink:from='loc_ExternalCreditRatingStandardPoorsMember' xlink:to='loc_StandardPoorsAMinusRatingMember' xlink:type='arc' />
    <link:definitionArc order='61.0' xlink:arcrole='http://xbrl.org/int/dim/arcrole/domain-member' xlink:from='loc_ExternalCreditRatingStandardPoorsMember' xlink:to='loc_StandardPoorsBBBPlusRatingMember' xlink:type='arc' />
    <link:definitionArc order='62.0' xlink:arcrole='http://xbrl.org/int/dim/arcrole/domain-member' xlink:from='loc_ExternalCreditRatingStandardPoorsMember' xlink:to='loc_StandardPoorsBBBRatingMember' xlink:type='arc' />
    <link:definitionArc order='63.0' xlink:arcrole='http://xbrl.org/int/dim/arcrole/domain-member' xlink:from='loc_ExternalCreditRatingStandardPoorsMember' xlink:to='loc_StandardPoorsBBBMinusRatingMember' xlink:type='arc' />
    <link:definitionArc order='64.0' xlink:arcrole='http://xbrl.org/int/dim/arcrole/domain-member' xlink:from='loc_ExternalCreditRatingStandardPoorsMember' xlink:to='loc_StandardPoorsBBPlusRatingMember' xlink:type='arc' />
    <link:definitionArc order='65.0' xlink:arcrole='http://xbrl.org/int/dim/arcrole/domain-member' xlink:from='loc_ExternalCreditRatingStandardPoorsMember' xlink:to='loc_StandardPoorsBBRatingMember' xlink:type='arc' />
    <link:definitionArc order='66.0' xlink:arcrole='http://xbrl.org/int/dim/arcrole/domain-member' xlink:from='loc_ExternalCreditRatingStandardPoorsMember' xlink:to='loc_StandardPoorsBBMinusRatingMember' xlink:type='arc' />
    <link:definitionArc order='67.0' xlink:arcrole='http://xbrl.org/int/dim/arcrole/domain-member' xlink:from='loc_ExternalCreditRatingStandardPoorsMember' xlink:to='loc_StandardPoorsBPlusRatingMember' xlink:type='arc' />
    <link:definitionArc order='68.0' xlink:arcrole='http://xbrl.org/int/dim/arcrole/domain-member' xlink:from='loc_ExternalCreditRatingStandardPoorsMember' xlink:to='loc_StandardPoorsBRatingMember' xlink:type='arc' />
    <link:definitionArc order='69.0' xlink:arcrole='http://xbrl.org/int/dim/arcrole/domain-member' xlink:from='loc_ExternalCreditRatingStandardPoorsMember' xlink:to='loc_StandardPoorsBMinusRatingMember' xlink:type='arc' />
    <link:definitionArc order='70.0' xlink:arcrole='http://xbrl.org/int/dim/arcrole/domain-member' xlink:from='loc_ExternalCreditRatingStandardPoorsMember' xlink:to='loc_StandardPoorsCCCPlusRatingMember' xlink:type='arc' />
    <link:definitionArc order='71.0' xlink:arcrole='http://xbrl.org/int/dim/arcrole/domain-member' xlink:from='loc_ExternalCreditRatingStandardPoorsMember' xlink:to='loc_StandardPoorsCCCRatingMember' xlink:type='arc' />
    <link:definitionArc order='72.0' xlink:arcrole='http://xbrl.org/int/dim/arcrole/domain-member' xlink:from='loc_ExternalCreditRatingStandardPoorsMember' xlink:to='loc_StandardPoorsCCCMinusRatingMember' xlink:type='arc' />
    <link:definitionArc order='73.0' xlink:arcrole='http://xbrl.org/int/dim/arcrole/domain-member' xlink:from='loc_ExternalCreditRatingStandardPoorsMember' xlink:to='loc_StandardPoorsCCRatingMember' xlink:type='arc' />
    <link:definitionArc order='74.0' xlink:arcrole='http://xbrl.org/int/dim/arcrole/domain-member' xlink:from='loc_ExternalCreditRatingStandardPoorsMember' xlink:to='loc_StandardPoorsCRatingMember' xlink:type='arc' />
    <link:definitionArc order='75.0' xlink:arcrole='http://xbrl.org/int/dim/arcrole/domain-member' xlink:from='loc_ExternalCreditRatingStandardPoorsMember' xlink:to='loc_StandardPoorsDRatingMember' xlink:type='arc' />
    <link:definitionArc order='76.0' xlink:arcrole='http://xbrl.org/int/dim/arcrole/domain-member' xlink:from='loc_GuaranteeObligationsNatureDomain' xlink:to='loc_PaymentGuaranteeMember' xlink:type='arc' />
    <link:definitionArc order='77.0' xlink:arcrole='http://xbrl.org/int/dim/arcrole/domain-member' xlink:from='loc_PaymentGuaranteeMember' xlink:to='loc_FinancialStandbyLetterOfCreditMember' xlink:type='arc' />
    <link:definitionArc order='78.0' xlink:arcrole='http://xbrl.org/int/dim/arcrole/domain-member' xlink:from='loc_PaymentGuaranteeMember' xlink:to='loc_MarketValueGuaranteeMember' xlink:type='arc' />
    <link:definitionArc order='79.0' xlink:arcrole='http://xbrl.org/int/dim/arcrole/domain-member' xlink:from='loc_PaymentGuaranteeMember' xlink:to='loc_PropertyLeaseGuaranteeMember' xlink:type='arc' />
    <link:definitionArc order='80.0' xlink:arcrole='http://xbrl.org/int/dim/arcrole/domain-member' xlink:from='loc_PaymentGuaranteeMember' xlink:to='loc_StockMarketPriceGuaranteeMember' xlink:type='arc' />
    <link:definitionArc order='81.0' xlink:arcrole='http://xbrl.org/int/dim/arcrole/domain-member' xlink:from='loc_PaymentGuaranteeMember' xlink:to='loc_GuaranteeOfScheduledContractualCashFlowsFromAssetsOfSpecialPurposeEntitySPEMember' xlink:type='arc' />
    <link:definitionArc order='82.0' xlink:arcrole='http://xbrl.org/int/dim/arcrole/domain-member' xlink:from='loc_PaymentGuaranteeMember' xlink:to='loc_GuaranteeOfBusinessRevenueMember' xlink:type='arc' />
    <link:definitionArc order='83.0' xlink:arcrole='http://xbrl.org/int/dim/arcrole/domain-member' xlink:from='loc_GuaranteeObligationsNatureDomain' xlink:to='loc_PerformanceGuaranteeMember' xlink:type='arc' />
    <link:definitionArc order='84.0' xlink:arcrole='http://xbrl.org/int/dim/arcrole/domain-member' xlink:from='loc_GuaranteeObligationsNatureDomain' xlink:to='loc_IndemnificationGuaranteeMember' xlink:type='arc' />
    <link:definitionArc order='85.0' xlink:arcrole='http://xbrl.org/int/dim/arcrole/domain-member' xlink:from='loc_GuaranteeObligationsNatureDomain' xlink:to='loc_IndirectGuaranteeOfIndebtednessMember' xlink:type='arc' />
    <link:definitionArc order='86.0' xlink:arcrole='http://xbrl.org/int/dim/arcrole/domain-member' xlink:from='loc_GuaranteeObligationsNatureDomain' xlink:to='loc_FinancialGuaranteeMember' xlink:type='arc' />
    <link:definitionArc order='87.0' xlink:arcrole='http://xbrl.org/int/dim/arcrole/domain-member' xlink:from='loc_GuaranteeObligationsNatureDomain' xlink:to='loc_GuaranteeTypeOtherMember' xlink:type='arc' />
    <link:definitionArc order='88.0' xlink:arcrole='http://xbrl.org/int/dim/arcrole/domain-member' xlink:from='loc_GuaranteeObligationsNatureDomain' xlink:to='loc_SuretyBondMember' xlink:type='arc' />
    <link:definitionArc order='89.0' xlink:arcrole='http://xbrl.org/int/dim/arcrole/domain-member' xlink:from='loc_InternalCreditAssessmentDomain' xlink:to='loc_RiskLevelHighMember' xlink:type='arc' />
    <link:definitionArc order='90.0' xlink:arcrole='http://xbrl.org/int/dim/arcrole/domain-member' xlink:from='loc_InternalCreditAssessmentDomain' xlink:to='loc_RiskLevelMediumMember' xlink:type='arc' />
    <link:definitionArc order='91.0' xlink:arcrole='http://xbrl.org/int/dim/arcrole/domain-member' xlink:from='loc_InternalCreditAssessmentDomain' xlink:to='loc_RiskLevelLowMember' xlink:type='arc' />
    <link:definitionArc order='92.0' xlink:arcrole='http://xbrl.org/int/dim/arcrole/domain-member' xlink:from='loc_ExternalCreditRatingByGroupingDomain' xlink:to='loc_ExternalCreditRatingInvestmentGradeMember' xlink:type='arc' />
    <link:definitionArc order='93.0' xlink:arcrole='http://xbrl.org/int/dim/arcrole/domain-member' xlink:from='loc_ExternalCreditRatingByGroupingDomain' xlink:to='loc_ExternalCreditRatingNonInvestmentGradeMember' xlink:type='arc' />
    <link:definitionArc order='94.0' xlink:arcrole='http://xbrl.org/int/dim/arcrole/domain-member' xlink:from='loc_UnderlyingAssetClassDomain' xlink:to='loc_AgencySecuritiesMember' xlink:type='arc' />
    <link:definitionArc order='95.0' xlink:arcrole='http://xbrl.org/int/dim/arcrole/domain-member' xlink:from='loc_UnderlyingAssetClassDomain' xlink:to='loc_DebtSecuritiesPayableMember' xlink:type='arc' />
    <link:definitionArc order='96.0' xlink:arcrole='http://xbrl.org/int/dim/arcrole/domain-member' xlink:from='loc_UnderlyingAssetClassDomain' xlink:to='loc_LoansPayableMember' xlink:type='arc' />
    <link:definitionArc order='97.0' xlink:arcrole='http://xbrl.org/int/dim/arcrole/domain-member' xlink:from='loc_UnderlyingAssetClassDomain' xlink:to='loc_CollateralizedSecuritiesMember' xlink:type='arc' />
    <link:definitionArc order='98.0' xlink:arcrole='http://xbrl.org/int/dim/arcrole/domain-member' xlink:from='loc_CollateralizedSecuritiesMember' xlink:to='loc_MortgageBackedSecuritiesMember' xlink:type='arc' />
    <link:definitionArc order='99.0' xlink:arcrole='http://xbrl.org/int/dim/arcrole/domain-member' xlink:from='loc_CollateralizedSecuritiesMember' xlink:to='loc_ResidentialMortgageBackedSecuritiesMember' xlink:type='arc' />
    <link:definitionArc order='100.0' xlink:arcrole='http://xbrl.org/int/dim/arcrole/domain-member' xlink:from='loc_CollateralizedSecuritiesMember' xlink:to='loc_CommercialMortgageBackedSecuritiesMember' xlink:type='arc' />
    <link:definitionArc order='101.0' xlink:arcrole='http://xbrl.org/int/dim/arcrole/domain-member' xlink:from='loc_CollateralizedSecuritiesMember' xlink:to='loc_MortgageBackedSecuritiesOtherMember' xlink:type='arc' />
    <link:definitionArc order='102.0' xlink:arcrole='http://xbrl.org/int/dim/arcrole/domain-member' xlink:from='loc_CollateralizedSecuritiesMember' xlink:to='loc_CollateralizedDebtObligationsMember' xlink:type='arc' />
    <link:definitionArc order='103.0' xlink:arcrole='http://xbrl.org/int/dim/arcrole/domain-member' xlink:from='loc_CollateralizedSecuritiesMember' xlink:to='loc_CollateralizedLoanObligationsMember' xlink:type='arc' />
    <link:definitionArc order='104.0' xlink:arcrole='http://xbrl.org/int/dim/arcrole/domain-member' xlink:from='loc_CollateralizedSecuritiesMember' xlink:to='loc_CollateralizedCreditCardSecuritiesMember' xlink:type='arc' />
    <link:definitionArc order='105.0' xlink:arcrole='http://xbrl.org/int/dim/arcrole/domain-member' xlink:from='loc_CollateralizedSecuritiesMember' xlink:to='loc_CollateralizedAutoLoansMember' xlink:type='arc' />
    <link:definitionArc order='106.0' xlink:arcrole='http://xbrl.org/int/dim/arcrole/domain-member' xlink:from='loc_CollateralizedSecuritiesMember' xlink:to='loc_CollateralizedSecuritiesOtherMember' xlink:type='arc' />
    <link:definitionArc order='107.0' xlink:arcrole='http://xbrl.org/int/dim/arcrole/domain-member' xlink:from='loc_UnderlyingAssetClassDomain' xlink:to='loc_SovereignDebtMember' xlink:type='arc' />
    <link:definitionArc order='108.0' xlink:arcrole='http://xbrl.org/int/dim/arcrole/domain-member' xlink:from='loc_UnderlyingAssetClassDomain' xlink:to='loc_SovereignDebtStateGovernmentUnspecifiedMember' xlink:type='arc' />
    <link:definitionArc order='109.0' xlink:arcrole='http://xbrl.org/int/dim/arcrole/domain-member' xlink:from='loc_UnderlyingAssetClassDomain' xlink:to='loc_SovereignDebtLocalGovernmentUnspecifiedMember' xlink:type='arc' />
    <link:definitionArc order='110.0' xlink:arcrole='http://xbrl.org/int/dim/arcrole/domain-member' xlink:from='loc_UnderlyingAssetClassDomain' xlink:to='loc_StructuredFinanceMember' xlink:type='arc' />
    <link:definitionArc order='111.0' xlink:arcrole='http://xbrl.org/int/dim/arcrole/domain-member' xlink:from='loc_UnderlyingAssetClassDomain' xlink:to='loc_UnderlyingOtherMember' xlink:type='arc' />
    <link:definitionArc order='112.0' xlink:arcrole='http://xbrl.org/int/dim/arcrole/domain-member' xlink:from='loc_UnderlyingAssetClassDomain' xlink:to='loc_ConstructionContractsMember' xlink:type='arc' />
  </link:definitionLink>
  <link:definitionLink xlink:role='http://fasb.org/us-gaap/role/disclosure/GuaranteesProductWarrantyLiabilityTable' xlink:type='extended'>
    <link:loc xlink:href='../elts/us-gaap-2025.xsd#us-gaap_ProductWarrantyLiabilityTable' xlink:label='loc_ProductWarrantyLiabilityTable' xlink:type='locator' />
    <link:loc xlink:href='../elts/us-gaap-2025.xsd#us-gaap_ProductWarrantyLiabilityLineItems' xlink:label='loc_ProductWarrantyLiabilityLineItems' xlink:type='locator' />
    <link:definitionArc order='1.0' xbrldt:closed='true' xbrldt:contextElement='segment' xlink:arcrole='http://xbrl.org/int/dim/arcrole/all' xlink:from='loc_ProductWarrantyLiabilityLineItems' xlink:to='loc_ProductWarrantyLiabilityTable' xlink:type='arc' />
  </link:definitionLink>
  <link:definitionLink xlink:role='http://fasb.org/us-gaap/role/disclosure/GuaranteesProductWarrantyLiabilityTable' xlink:type='extended'>
    <link:loc xlink:href='../elts/us-gaap-2025.xsd#us-gaap_ProductWarrantyLiabilityTable' xlink:label='loc_ProductWarrantyLiabilityTable' xlink:type='locator' />
    <link:loc xlink:href='../elts/us-gaap-2025.xsd#us-gaap_BalanceSheetLocationAxis' xlink:label='loc_BalanceSheetLocationAxis' xlink:type='locator' />
    <link:definitionArc order='1.0' xlink:arcrole='http://xbrl.org/int/dim/arcrole/hypercube-dimension' xlink:from='loc_ProductWarrantyLiabilityTable' xlink:to='loc_BalanceSheetLocationAxis' xlink:type='arc' />
  </link:definitionLink>
  <link:definitionLink xlink:role='http://fasb.org/us-gaap/role/disclosure/GuaranteesProductWarrantyLiabilityTable' xlink:type='extended'>
    <link:loc xlink:href='../elts/us-gaap-2025.xsd#us-gaap_BalanceSheetLocationAxis' xlink:label='loc_BalanceSheetLocationAxis' xlink:type='locator' />
    <link:loc xlink:href='../elts/us-gaap-2025.xsd#us-gaap_BalanceSheetLocationDomain' xlink:label='loc_BalanceSheetLocationDomain' xlink:type='locator' />
    <link:definitionArc order='1.0' xlink:arcrole='http://xbrl.org/int/dim/arcrole/dimension-domain' xlink:from='loc_BalanceSheetLocationAxis' xlink:to='loc_BalanceSheetLocationDomain' xlink:type='arc' />
  </link:definitionLink>
  <link:definitionLink xlink:role='http://fasb.org/us-gaap/role/disclosure/GuaranteesProductWarrantyLiabilityTable' xlink:type='extended'>
    <link:loc xlink:href='../elts/us-gaap-2025.xsd#us-gaap_BalanceSheetLocationAxis' xlink:label='loc_BalanceSheetLocationAxis' xlink:type='locator' />
    <link:loc xlink:href='../elts/us-gaap-2025.xsd#us-gaap_BalanceSheetLocationDomain' xlink:label='loc_BalanceSheetLocationDomain' xlink:type='locator' />
    <link:definitionArc order='1.0' xlink:arcrole='http://xbrl.org/int/dim/arcrole/dimension-default' xlink:from='loc_BalanceSheetLocationAxis' xlink:to='loc_BalanceSheetLocationDomain' xlink:type='arc' />
  </link:definitionLink>
  <link:definitionLink xlink:role='http://fasb.org/us-gaap/role/disclosure/GuaranteesProductWarrantyLiabilityTable' xlink:type='extended'>
    <link:loc xlink:href='../elts/us-gaap-2025.xsd#us-gaap_ProductWarrantyLiabilityLineItems' xlink:label='loc_ProductWarrantyLiabilityLineItems' xlink:type='locator' />
    <link:loc xlink:href='../elts/us-gaap-2025.xsd#us-gaap_StandardProductWarrantyDisclosureAbstract' xlink:label='loc_StandardProductWarrantyDisclosureAbstract' xlink:type='locator' />
    <link:loc xlink:href='../elts/us-gaap-2025.xsd#us-gaap_StandardProductWarrantyDescription' xlink:label='loc_StandardProductWarrantyDescription' xlink:type='locator' />
    <link:loc xlink:href='../elts/us-gaap-2025.xsd#us-gaap_ProductWarrantyObligationTerm' xlink:label='loc_ProductWarrantyObligationTerm' xlink:type='locator' />
    <link:loc xlink:href='../elts/us-gaap-2025.xsd#us-gaap_ProductWarrantyLiquidationProceedsAmount' xlink:label='loc_ProductWarrantyLiquidationProceedsAmount' xlink:type='locator' />
    <link:loc xlink:href='../elts/us-gaap-2025.xsd#us-gaap_ProductWarrantyLiquidationProceedsPercentage' xlink:label='loc_ProductWarrantyLiquidationProceedsPercentage' xlink:type='locator' />
    <link:loc xlink:href='../elts/us-gaap-2025.xsd#us-gaap_MovementInStandardProductWarrantyAccrualRollForward' xlink:label='loc_MovementInStandardProductWarrantyAccrualRollForward' xlink:type='locator' />
    <link:loc xlink:href='../elts/us-gaap-2025.xsd#us-gaap_StandardProductWarrantyAccrual' xlink:label='loc_StandardProductWarrantyAccrual' xlink:type='locator' />
    <link:loc xlink:href='../elts/us-gaap-2025.xsd#us-gaap_StandardProductWarrantyAccrualWarrantiesIssued' xlink:label='loc_StandardProductWarrantyAccrualWarrantiesIssued' xlink:type='locator' />
    <link:loc xlink:href='../elts/us-gaap-2025.xsd#us-gaap_StandardProductWarrantyAccrualPreexistingIncreaseDecrease' xlink:label='loc_StandardProductWarrantyAccrualPreexistingIncreaseDecrease' xlink:type='locator' />
    <link:loc xlink:href='../elts/us-gaap-2025.xsd#us-gaap_StandardProductWarrantyAccrualPayments' xlink:label='loc_StandardProductWarrantyAccrualPayments' xlink:type='locator' />
    <link:loc xlink:href='../elts/us-gaap-2025.xsd#us-gaap_StandardProductWarrantyAccrualAdditionsFromBusinessAcquisition' xlink:label='loc_StandardProductWarrantyAccrualAdditionsFromBusinessAcquisition' xlink:type='locator' />
    <link:loc xlink:href='../elts/us-gaap-2025.xsd#us-gaap_StandardProductWarrantyAccrualForeignCurrencyTranslationGainLoss' xlink:label='loc_StandardProductWarrantyAccrualForeignCurrencyTranslationGainLoss' xlink:type='locator' />
    <link:loc xlink:href='../elts/us-gaap-2025.xsd#us-gaap_StandardProductWarrantyAccrualPeriodIncreaseDecrease' xlink:label='loc_StandardProductWarrantyAccrualPeriodIncreaseDecrease' xlink:type='locator' />
    <link:loc xlink:href='../elts/us-gaap-2025.xsd#us-gaap_StandardProductWarrantyAccrualBalanceSheetClassificationAbstract' xlink:label='loc_StandardProductWarrantyAccrualBalanceSheetClassificationAbstract' xlink:type='locator' />
    <link:loc xlink:href='../elts/us-gaap-2025.xsd#us-gaap_StandardProductWarrantyAccrualCurrent' xlink:label='loc_StandardProductWarrantyAccrualCurrent' xlink:type='locator' />
    <link:loc xlink:href='../elts/us-gaap-2025.xsd#us-gaap_StandardProductWarrantyAccrualNoncurrent' xlink:label='loc_StandardProductWarrantyAccrualNoncurrent' xlink:type='locator' />
    <link:loc xlink:href='../elts/us-gaap-2025.xsd#us-gaap_ExtendedProductWarrantyDisclosureAbstract' xlink:label='loc_ExtendedProductWarrantyDisclosureAbstract' xlink:type='locator' />
    <link:loc xlink:href='../elts/us-gaap-2025.xsd#us-gaap_ExtendedProductWarrantyDescription' xlink:label='loc_ExtendedProductWarrantyDescription' xlink:type='locator' />
    <link:loc xlink:href='../elts/us-gaap-2025.xsd#us-gaap_MovementInExtendedProductWarrantyAccrualRollForward' xlink:label='loc_MovementInExtendedProductWarrantyAccrualRollForward' xlink:type='locator' />
    <link:loc xlink:href='../elts/us-gaap-2025.xsd#us-gaap_ExtendedProductWarrantyAccrual' xlink:label='loc_ExtendedProductWarrantyAccrual' xlink:type='locator' />
    <link:loc xlink:href='../elts/us-gaap-2025.xsd#us-gaap_ExtendedProductWarrantyAccrualWarrantiesIssued' xlink:label='loc_ExtendedProductWarrantyAccrualWarrantiesIssued' xlink:type='locator' />
    <link:loc xlink:href='../elts/us-gaap-2025.xsd#us-gaap_ExtendedProductWarrantyAccrualPreexistingIncreaseDecrease' xlink:label='loc_ExtendedProductWarrantyAccrualPreexistingIncreaseDecrease' xlink:type='locator' />
    <link:loc xlink:href='../elts/us-gaap-2025.xsd#us-gaap_ExtendedProductWarrantyAccrualPayments' xlink:label='loc_ExtendedProductWarrantyAccrualPayments' xlink:type='locator' />
    <link:loc xlink:href='../elts/us-gaap-2025.xsd#us-gaap_ExtendedProductWarrantyAccrualAdditionsFromBusinessAcquisition' xlink:label='loc_ExtendedProductWarrantyAccrualAdditionsFromBusinessAcquisition' xlink:type='locator' />
    <link:loc xlink:href='../elts/us-gaap-2025.xsd#us-gaap_ExtendedProductWarrantyAccrualForeignCurrencyTranslationGainLoss' xlink:label='loc_ExtendedProductWarrantyAccrualForeignCurrencyTranslationGainLoss' xlink:type='locator' />
    <link:loc xlink:href='../elts/us-gaap-2025.xsd#us-gaap_ExtendedProductWarrantyAccrualPeriodIncreaseDecrease' xlink:label='loc_ExtendedProductWarrantyAccrualPeriodIncreaseDecrease' xlink:type='locator' />
    <link:loc xlink:href='../elts/us-gaap-2025.xsd#us-gaap_ExtendedProductWarrantyAccrualBalanceSheetClassificationAbstract' xlink:label='loc_ExtendedProductWarrantyAccrualBalanceSheetClassificationAbstract' xlink:type='locator' />
    <link:loc xlink:href='../elts/us-gaap-2025.xsd#us-gaap_ExtendedProductWarrantyAccrualCurrent' xlink:label='loc_ExtendedProductWarrantyAccrualCurrent' xlink:type='locator' />
    <link:loc xlink:href='../elts/us-gaap-2025.xsd#us-gaap_ExtendedProductWarrantyAccrualNoncurrent' xlink:label='loc_ExtendedProductWarrantyAccrualNoncurrent' xlink:type='locator' />
    <link:loc xlink:href='../elts/us-gaap-2025.xsd#us-gaap_MovementInStandardAndExtendedProductWarrantyIncreaseDecreaseRollForward' xlink:label='loc_MovementInStandardAndExtendedProductWarrantyIncreaseDecreaseRollForward' xlink:type='locator' />
    <link:loc xlink:href='../elts/us-gaap-2025.xsd#us-gaap_ProductWarrantyAccrual' xlink:label='loc_ProductWarrantyAccrual' xlink:type='locator' />
    <link:loc xlink:href='../elts/us-gaap-2025.xsd#us-gaap_ProductWarrantyAccrualWarrantiesIssued' xlink:label='loc_ProductWarrantyAccrualWarrantiesIssued' xlink:type='locator' />
    <link:loc xlink:href='../elts/us-gaap-2025.xsd#us-gaap_ProductWarrantyAccrualPreexistingIncreaseDecrease' xlink:label='loc_ProductWarrantyAccrualPreexistingIncreaseDecrease' xlink:type='locator' />
    <link:loc xlink:href='../elts/us-gaap-2025.xsd#us-gaap_ProductWarrantyAccrualPayments' xlink:label='loc_ProductWarrantyAccrualPayments' xlink:type='locator' />
    <link:loc xlink:href='../elts/us-gaap-2025.xsd#us-gaap_ProductWarrantyAccrualAdditionsFromBusinessAcquisition' xlink:label='loc_ProductWarrantyAccrualAdditionsFromBusinessAcquisition' xlink:type='locator' />
    <link:loc xlink:href='../elts/us-gaap-2025.xsd#us-gaap_StandardAndExtendedProductWarrantyAccrualForeignCurrencyTranslationGainLoss' xlink:label='loc_StandardAndExtendedProductWarrantyAccrualForeignCurrencyTranslationGainLoss' xlink:type='locator' />
    <link:loc xlink:href='../elts/us-gaap-2025.xsd#us-gaap_ProductWarrantyAccrualPeriodIncreaseDecrease' xlink:label='loc_ProductWarrantyAccrualPeriodIncreaseDecrease' xlink:type='locator' />
    <link:loc xlink:href='../elts/us-gaap-2025.xsd#us-gaap_ProductWarrantyAccrualBalanceSheetClassificationAbstract' xlink:label='loc_ProductWarrantyAccrualBalanceSheetClassificationAbstract' xlink:type='locator' />
    <link:loc xlink:href='../elts/us-gaap-2025.xsd#us-gaap_ProductWarrantyAccrualClassifiedCurrent' xlink:label='loc_ProductWarrantyAccrualClassifiedCurrent' xlink:type='locator' />
    <link:loc xlink:href='../elts/us-gaap-2025.xsd#us-gaap_ProductWarrantyAccrualNoncurrent' xlink:label='loc_ProductWarrantyAccrualNoncurrent' xlink:type='locator' />
    <link:loc xlink:href='../elts/us-gaap-2025.xsd#us-gaap_ProductWarrantyExpense' xlink:label='loc_ProductWarrantyExpense' xlink:type='locator' />
    <link:definitionArc order='1.0' xlink:arcrole='http://xbrl.org/int/dim/arcrole/domain-member' xlink:from='loc_ProductWarrantyLiabilityLineItems' xlink:to='loc_StandardProductWarrantyDisclosureAbstract' xlink:type='arc' />
    <link:definitionArc order='2.0' xlink:arcrole='http://xbrl.org/int/dim/arcrole/domain-member' xlink:from='loc_StandardProductWarrantyDisclosureAbstract' xlink:to='loc_StandardProductWarrantyDescription' xlink:type='arc' />
    <link:definitionArc order='3.0' xlink:arcrole='http://xbrl.org/int/dim/arcrole/domain-member' xlink:from='loc_StandardProductWarrantyDisclosureAbstract' xlink:to='loc_ProductWarrantyObligationTerm' xlink:type='arc' />
    <link:definitionArc order='4.0' xlink:arcrole='http://xbrl.org/int/dim/arcrole/domain-member' xlink:from='loc_StandardProductWarrantyDisclosureAbstract' xlink:to='loc_ProductWarrantyLiquidationProceedsAmount' xlink:type='arc' />
    <link:definitionArc order='5.0' xlink:arcrole='http://xbrl.org/int/dim/arcrole/domain-member' xlink:from='loc_StandardProductWarrantyDisclosureAbstract' xlink:to='loc_ProductWarrantyLiquidationProceedsPercentage' xlink:type='arc' />
    <link:definitionArc order='6.0' xlink:arcrole='http://xbrl.org/int/dim/arcrole/domain-member' xlink:from='loc_StandardProductWarrantyDisclosureAbstract' xlink:to='loc_MovementInStandardProductWarrantyAccrualRollForward' xlink:type='arc' />
    <link:definitionArc order='7.0' xlink:arcrole='http://xbrl.org/int/dim/arcrole/domain-member' xlink:from='loc_MovementInStandardProductWarrantyAccrualRollForward' xlink:to='loc_StandardProductWarrantyAccrual' xlink:type='arc' />
    <link:definitionArc order='8.0' xlink:arcrole='http://xbrl.org/int/dim/arcrole/domain-member' xlink:from='loc_MovementInStandardProductWarrantyAccrualRollForward' xlink:to='loc_StandardProductWarrantyAccrualWarrantiesIssued' xlink:type='arc' />
    <link:definitionArc order='9.0' xlink:arcrole='http://xbrl.org/int/dim/arcrole/domain-member' xlink:from='loc_MovementInStandardProductWarrantyAccrualRollForward' xlink:to='loc_StandardProductWarrantyAccrualPreexistingIncreaseDecrease' xlink:type='arc' />
    <link:definitionArc order='10.0' xlink:arcrole='http://xbrl.org/int/dim/arcrole/domain-member' xlink:from='loc_MovementInStandardProductWarrantyAccrualRollForward' xlink:to='loc_StandardProductWarrantyAccrualPayments' xlink:type='arc' />
    <link:definitionArc order='11.0' xlink:arcrole='http://xbrl.org/int/dim/arcrole/domain-member' xlink:from='loc_MovementInStandardProductWarrantyAccrualRollForward' xlink:to='loc_StandardProductWarrantyAccrualAdditionsFromBusinessAcquisition' xlink:type='arc' />
    <link:definitionArc order='12.0' xlink:arcrole='http://xbrl.org/int/dim/arcrole/domain-member' xlink:from='loc_MovementInStandardProductWarrantyAccrualRollForward' xlink:to='loc_StandardProductWarrantyAccrualForeignCurrencyTranslationGainLoss' xlink:type='arc' />
    <link:definitionArc order='13.0' xlink:arcrole='http://xbrl.org/int/dim/arcrole/domain-member' xlink:from='loc_MovementInStandardProductWarrantyAccrualRollForward' xlink:to='loc_StandardProductWarrantyAccrualPeriodIncreaseDecrease' xlink:type='arc' />
    <link:definitionArc order='14.0' xlink:arcrole='http://xbrl.org/int/dim/arcrole/domain-member' xlink:from='loc_StandardProductWarrantyDisclosureAbstract' xlink:to='loc_StandardProductWarrantyAccrualBalanceSheetClassificationAbstract' xlink:type='arc' />
    <link:definitionArc order='15.0' xlink:arcrole='http://xbrl.org/int/dim/arcrole/domain-member' xlink:from='loc_StandardProductWarrantyAccrualBalanceSheetClassificationAbstract' xlink:to='loc_StandardProductWarrantyAccrualCurrent' xlink:type='arc' />
    <link:definitionArc order='16.0' xlink:arcrole='http://xbrl.org/int/dim/arcrole/domain-member' xlink:from='loc_StandardProductWarrantyAccrualBalanceSheetClassificationAbstract' xlink:to='loc_StandardProductWarrantyAccrualNoncurrent' xlink:type='arc' />
    <link:definitionArc order='17.0' xlink:arcrole='http://xbrl.org/int/dim/arcrole/domain-member' xlink:from='loc_ProductWarrantyLiabilityLineItems' xlink:to='loc_ExtendedProductWarrantyDisclosureAbstract' xlink:type='arc' />
    <link:definitionArc order='18.0' xlink:arcrole='http://xbrl.org/int/dim/arcrole/domain-member' xlink:from='loc_ExtendedProductWarrantyDisclosureAbstract' xlink:to='loc_ExtendedProductWarrantyDescription' xlink:type='arc' />
    <link:definitionArc order='19.0' xlink:arcrole='http://xbrl.org/int/dim/arcrole/domain-member' xlink:from='loc_ExtendedProductWarrantyDisclosureAbstract' xlink:to='loc_MovementInExtendedProductWarrantyAccrualRollForward' xlink:type='arc' />
    <link:definitionArc order='20.0' xlink:arcrole='http://xbrl.org/int/dim/arcrole/domain-member' xlink:from='loc_MovementInExtendedProductWarrantyAccrualRollForward' xlink:to='loc_ExtendedProductWarrantyAccrual' xlink:type='arc' />
    <link:definitionArc order='21.0' xlink:arcrole='http://xbrl.org/int/dim/arcrole/domain-member' xlink:from='loc_MovementInExtendedProductWarrantyAccrualRollForward' xlink:to='loc_ExtendedProductWarrantyAccrualWarrantiesIssued' xlink:type='arc' />
    <link:definitionArc order='22.0' xlink:arcrole='http://xbrl.org/int/dim/arcrole/domain-member' xlink:from='loc_MovementInExtendedProductWarrantyAccrualRollForward' xlink:to='loc_ExtendedProductWarrantyAccrualPreexistingIncreaseDecrease' xlink:type='arc' />
    <link:definitionArc order='23.0' xlink:arcrole='http://xbrl.org/int/dim/arcrole/domain-member' xlink:from='loc_MovementInExtendedProductWarrantyAccrualRollForward' xlink:to='loc_ExtendedProductWarrantyAccrualPayments' xlink:type='arc' />
    <link:definitionArc order='24.0' xlink:arcrole='http://xbrl.org/int/dim/arcrole/domain-member' xlink:from='loc_MovementInExtendedProductWarrantyAccrualRollForward' xlink:to='loc_ExtendedProductWarrantyAccrualAdditionsFromBusinessAcquisition' xlink:type='arc' />
    <link:definitionArc order='25.0' xlink:arcrole='http://xbrl.org/int/dim/arcrole/domain-member' xlink:from='loc_MovementInExtendedProductWarrantyAccrualRollForward' xlink:to='loc_ExtendedProductWarrantyAccrualForeignCurrencyTranslationGainLoss' xlink:type='arc' />
    <link:definitionArc order='26.0' xlink:arcrole='http://xbrl.org/int/dim/arcrole/domain-member' xlink:from='loc_MovementInExtendedProductWarrantyAccrualRollForward' xlink:to='loc_ExtendedProductWarrantyAccrualPeriodIncreaseDecrease' xlink:type='arc' />
    <link:definitionArc order='27.0' xlink:arcrole='http://xbrl.org/int/dim/arcrole/domain-member' xlink:from='loc_ExtendedProductWarrantyDisclosureAbstract' xlink:to='loc_ExtendedProductWarrantyAccrualBalanceSheetClassificationAbstract' xlink:type='arc' />
    <link:definitionArc order='28.0' xlink:arcrole='http://xbrl.org/int/dim/arcrole/domain-member' xlink:from='loc_ExtendedProductWarrantyAccrualBalanceSheetClassificationAbstract' xlink:to='loc_ExtendedProductWarrantyAccrualCurrent' xlink:type='arc' />
    <link:definitionArc order='29.0' xlink:arcrole='http://xbrl.org/int/dim/arcrole/domain-member' xlink:from='loc_ExtendedProductWarrantyAccrualBalanceSheetClassificationAbstract' xlink:to='loc_ExtendedProductWarrantyAccrualNoncurrent' xlink:type='arc' />
    <link:definitionArc order='30.0' xlink:arcrole='http://xbrl.org/int/dim/arcrole/domain-member' xlink:from='loc_ProductWarrantyLiabilityLineItems' xlink:to='loc_MovementInStandardAndExtendedProductWarrantyIncreaseDecreaseRollForward' xlink:type='arc' />
    <link:definitionArc order='31.0' xlink:arcrole='http://xbrl.org/int/dim/arcrole/domain-member' xlink:from='loc_MovementInStandardAndExtendedProductWarrantyIncreaseDecreaseRollForward' xlink:to='loc_ProductWarrantyAccrual' xlink:type='arc' />
    <link:definitionArc order='32.0' xlink:arcrole='http://xbrl.org/int/dim/arcrole/domain-member' xlink:from='loc_MovementInStandardAndExtendedProductWarrantyIncreaseDecreaseRollForward' xlink:to='loc_ProductWarrantyAccrualWarrantiesIssued' xlink:type='arc' />
    <link:definitionArc order='33.0' xlink:arcrole='http://xbrl.org/int/dim/arcrole/domain-member' xlink:from='loc_MovementInStandardAndExtendedProductWarrantyIncreaseDecreaseRollForward' xlink:to='loc_ProductWarrantyAccrualPreexistingIncreaseDecrease' xlink:type='arc' />
    <link:definitionArc order='34.0' xlink:arcrole='http://xbrl.org/int/dim/arcrole/domain-member' xlink:from='loc_MovementInStandardAndExtendedProductWarrantyIncreaseDecreaseRollForward' xlink:to='loc_ProductWarrantyAccrualPayments' xlink:type='arc' />
    <link:definitionArc order='35.0' xlink:arcrole='http://xbrl.org/int/dim/arcrole/domain-member' xlink:from='loc_MovementInStandardAndExtendedProductWarrantyIncreaseDecreaseRollForward' xlink:to='loc_ProductWarrantyAccrualAdditionsFromBusinessAcquisition' xlink:type='arc' />
    <link:definitionArc order='36.0' xlink:arcrole='http://xbrl.org/int/dim/arcrole/domain-member' xlink:from='loc_MovementInStandardAndExtendedProductWarrantyIncreaseDecreaseRollForward' xlink:to='loc_StandardAndExtendedProductWarrantyAccrualForeignCurrencyTranslationGainLoss' xlink:type='arc' />
    <link:definitionArc order='37.0' xlink:arcrole='http://xbrl.org/int/dim/arcrole/domain-member' xlink:from='loc_MovementInStandardAndExtendedProductWarrantyIncreaseDecreaseRollForward' xlink:to='loc_ProductWarrantyAccrualPeriodIncreaseDecrease' xlink:type='arc' />
    <link:definitionArc order='38.0' xlink:arcrole='http://xbrl.org/int/dim/arcrole/domain-member' xlink:from='loc_ProductWarrantyLiabilityLineItems' xlink:to='loc_ProductWarrantyAccrualBalanceSheetClassificationAbstract' xlink:type='arc' />
    <link:definitionArc order='39.0' xlink:arcrole='http://xbrl.org/int/dim/arcrole/domain-member' xlink:from='loc_ProductWarrantyAccrualBalanceSheetClassificationAbstract' xlink:to='loc_ProductWarrantyAccrualClassifiedCurrent' xlink:type='arc' />
    <link:definitionArc order='40.0' xlink:arcrole='http://xbrl.org/int/dim/arcrole/domain-member' xlink:from='loc_ProductWarrantyAccrualBalanceSheetClassificationAbstract' xlink:to='loc_ProductWarrantyAccrualNoncurrent' xlink:type='arc' />
    <link:definitionArc order='41.0' xlink:arcrole='http://xbrl.org/int/dim/arcrole/domain-member' xlink:from='loc_ProductWarrantyLiabilityLineItems' xlink:to='loc_ProductWarrantyExpense' xlink:type='arc' />
  </link:definitionLink>
  <link:definitionLink xlink:role='http://fasb.org/us-gaap/role/disclosure/GuaranteesProductWarrantyLiabilityTable' xlink:type='extended'>
    <link:loc xlink:href='../elts/us-gaap-2025.xsd#us-gaap_BalanceSheetLocationDomain' xlink:label='loc_BalanceSheetLocationDomain' xlink:type='locator' />
    <link:loc xlink:href='../elts/us-gaap-2025.xsd#us-gaap_OtherAssetsMember' xlink:label='loc_OtherAssetsMember' xlink:type='locator' />
    <link:loc xlink:href='../elts/us-gaap-2025.xsd#us-gaap_OtherCurrentAssetsMember' xlink:label='loc_OtherCurrentAssetsMember' xlink:type='locator' />
    <link:loc xlink:href='../elts/us-gaap-2025.xsd#us-gaap_OtherNoncurrentAssetsMember' xlink:label='loc_OtherNoncurrentAssetsMember' xlink:type='locator' />
    <link:loc xlink:href='../elts/us-gaap-2025.xsd#us-gaap_OtherLiabilitiesMember' xlink:label='loc_OtherLiabilitiesMember' xlink:type='locator' />
    <link:loc xlink:href='../elts/us-gaap-2025.xsd#us-gaap_OtherCurrentLiabilitiesMember' xlink:label='loc_OtherCurrentLiabilitiesMember' xlink:type='locator' />
    <link:loc xlink:href='../elts/us-gaap-2025.xsd#us-gaap_OtherNoncurrentLiabilitiesMember' xlink:label='loc_OtherNoncurrentLiabilitiesMember' xlink:type='locator' />
    <link:loc xlink:href='../elts/us-gaap-2025.xsd#us-gaap_OtherInvestmentsMember' xlink:label='loc_OtherInvestmentsMember' xlink:type='locator' />
    <link:loc xlink:href='../elts/us-gaap-2025.xsd#us-gaap_ContractHolderFundsMember' xlink:label='loc_ContractHolderFundsMember' xlink:type='locator' />
    <link:loc xlink:href='../elts/us-gaap-2025.xsd#us-gaap_AccountsPayableAndAccruedLiabilitiesMember' xlink:label='loc_AccountsPayableAndAccruedLiabilitiesMember' xlink:type='locator' />
    <link:loc xlink:href='../elts/us-gaap-2025.xsd#us-gaap_PrepaidExpensesAndOtherCurrentAssetsMember' xlink:label='loc_PrepaidExpensesAndOtherCurrentAssetsMember' xlink:type='locator' />
    <link:definitionArc order='1.0' xlink:arcrole='http://xbrl.org/int/dim/arcrole/domain-member' xlink:from='loc_BalanceSheetLocationDomain' xlink:to='loc_OtherAssetsMember' xlink:type='arc' />
    <link:definitionArc order='2.0' xlink:arcrole='http://xbrl.org/int/dim/arcrole/domain-member' xlink:from='loc_OtherAssetsMember' xlink:to='loc_OtherCurrentAssetsMember' xlink:type='arc' />
    <link:definitionArc order='3.0' xlink:arcrole='http://xbrl.org/int/dim/arcrole/domain-member' xlink:from='loc_OtherAssetsMember' xlink:to='loc_OtherNoncurrentAssetsMember' xlink:type='arc' />
    <link:definitionArc order='4.0' xlink:arcrole='http://xbrl.org/int/dim/arcrole/domain-member' xlink:from='loc_BalanceSheetLocationDomain' xlink:to='loc_OtherLiabilitiesMember' xlink:type='arc' />
    <link:definitionArc order='5.0' xlink:arcrole='http://xbrl.org/int/dim/arcrole/domain-member' xlink:from='loc_OtherLiabilitiesMember' xlink:to='loc_OtherCurrentLiabilitiesMember' xlink:type='arc' />
    <link:definitionArc order='6.0' xlink:arcrole='http://xbrl.org/int/dim/arcrole/domain-member' xlink:from='loc_OtherLiabilitiesMember' xlink:to='loc_OtherNoncurrentLiabilitiesMember' xlink:type='arc' />
    <link:definitionArc order='7.0' xlink:arcrole='http://xbrl.org/int/dim/arcrole/domain-member' xlink:from='loc_BalanceSheetLocationDomain' xlink:to='loc_OtherInvestmentsMember' xlink:type='arc' />
    <link:definitionArc order='8.0' xlink:arcrole='http://xbrl.org/int/dim/arcrole/domain-member' xlink:from='loc_BalanceSheetLocationDomain' xlink:to='loc_ContractHolderFundsMember' xlink:type='arc' />
    <link:definitionArc order='9.0' xlink:arcrole='http://xbrl.org/int/dim/arcrole/domain-member' xlink:from='loc_BalanceSheetLocationDomain' xlink:to='loc_AccountsPayableAndAccruedLiabilitiesMember' xlink:type='arc' />
    <link:definitionArc order='10.0' xlink:arcrole='http://xbrl.org/int/dim/arcrole/domain-member' xlink:from='loc_BalanceSheetLocationDomain' xlink:to='loc_PrepaidExpensesAndOtherCurrentAssetsMember' xlink:type='arc' />
  </link:definitionLink>
</link:linkbase>
