<tp:taxonomyPackage xmlns:tp='http://xbrl.org/2016/taxonomy-package' xml:lang='en-US'><tp:identifier>http://xbrl.fasb.org/us-gaap/2025</tp:identifier><tp:name>The annual 2025 GAAP Taxonomy</tp:name><tp:description xml:lang='en-US'>The 2025 GAAP Financial Reporting Taxonomy (Taxonomy) contains updates for accounting standards and other improvements since the 2024 Taxonomy as used by issuers filing with the U.S. Securities and Exchange Commission (SEC).</tp:description><tp:version>2025</tp:version><tp:license href='https://xbrl.fasb.org/terms/TaxonomiesTermsConditions.html' name='Taxonomies Terms and Conditions'/><tp:publisher>Financial Accounting Standard Board</tp:publisher><tp:publisherURL>https://www.fasb.org/</tp:publisherURL><tp:publisherCountry>US</tp:publisherCountry><tp:publicationDate>2025-01-31</tp:publicationDate><tp:entryPoints><tp:entryPoint><tp:name>GAAP Financial Reporting Taxonomy Core taxonomy components (dis/, elts/ and stm/ directories) and five related SEC Taxonomies - DEI, COUNTRY, STPR, CURRENCY, EXCH</tp:name><tp:description>This entry point includes all of the core components included in the dis/, elts/ and stm/ directories for the GAAP Financial Reporting Taxonomy. Five related SEC Taxonomies are also imported - DEI, COUNTRY, STPR, CURRENCY, and EXCH. This entry point excludes the ebp/, meta/ and dqcrules/ directories.</tp:description><tp:version>2025</tp:version><tp:entryPointDocument href='https://xbrl.fasb.org/us-gaap/2025/entire/us-gaap-entryPoint-all-2025.xsd'/></tp:entryPoint><tp:entryPoint><tp:name>GAAP Financial Reporting Taxonomy Core taxonomy components (dis/, elts/ and stm/ directories) except for doc, chg, and ref linkbases. Includes three related SEC Taxonomies - DEI, COUNTRY, CURRENCY</tp:name><tp:description>This entry point includes all core taxonomy components (dis/, elts/ and stm/ directories) for the GAAP Financial Reporting Taxonomy except for document, change, and reference linkbases. Four related SEC Taxonomies are also imported - DEI, COUNTRY, and CURRENCY. This entry point excludes the ebp/, meta/ and dqcrules/ directories.</tp:description><tp:version>2025</tp:version><tp:entryPointDocument href='https://xbrl.fasb.org/us-gaap/2025/entire/us-gaap-entryPoint-std-2025.xsd'/></tp:entryPoint><tp:entryPoint><tp:name>GAAP Financial Reporting Taxonomy Elements, Labels, Documentation, References, Deprecated presentations, Deprecated mapping, Change notes, Implementation notes, Implementation note relationships</tp:name><tp:description>This entry point includes the elements for the GAAP Financial Reporting Taxonomy with their standard, period start, period end, total, axis default, and documentation labels. It also include references. It does not include presentation, calculation, or definition linkbases. Five related SEC Taxonomies are imported - DEI, COUNTRY, STPR, CURRENCY, and EXCH. This entry point also includes the following non industry/statement and non disclosure presentation and definition linkbases: 999000 - Deprecated - Deprecated Concepts (presentation) 999000 - Deprecated - Deprecated Concepts (definition). This entry point also includes Change notes, Implementation notes, and Implementation note relationships. This entry point excludes the ebp/, meta/ and dqcrules/ directories.</tp:description><tp:version>2025</tp:version><tp:entryPointDocument href='https://xbrl.fasb.org/us-gaap/2025/elts/us-gaap-ent-all-chg-2025.xsd'/></tp:entryPoint><tp:entryPoint><tp:name>GAAP Financial Reporting Taxonomy Elements, Labels, Documentation, References, Deprecated presentations, Deprecated mapping, SEC DEI, COUNTRY, STPR, CURRENCY, EXCH Imports</tp:name><tp:description>This entry point includes the elements for the GAAP Financial Reporting Taxonomy with their standard, period start, period end, total, axis default, and documentation labels. It also include references. It does not include presentation, calculation, or definition linkbases. Five related SEC Taxonomies are imported - DEI, COUNTRY, STPR, CURRENCY, and EXCH. This entry point also includes the following non industry/statement and non disclosure presentation and definition linkbases: 999000 - Deprecated - Deprecated Concepts (presentation) 999000 - Deprecated - Deprecated Concepts (definition). This entry point excludes the ebp/, meta/ and dqcrules/ directories.</tp:description><tp:version>2025</tp:version><tp:entryPointDocument href='https://xbrl.fasb.org/us-gaap/2025/elts/us-gaap-ent-all-2025.xsd'/></tp:entryPoint><tp:entryPoint><tp:name>GAAP Financial Reporting Taxonomy Elements only</tp:name><tp:description>This entry point is the schema file (elements) for the GAAP Financial Reporting Taxonomy.</tp:description><tp:version>2025</tp:version><tp:entryPointDocument href='https://xbrl.fasb.org/us-gaap/2025/elts/us-gaap-2025.xsd'/></tp:entryPoint><tp:entryPoint><tp:name>All GAAP Employee Benefit Plan (EBP) Taxonomy components and five related SEC Taxonomies - DEI, COUNTRY, STPR, CURRENCY, EXCH</tp:name><tp:description>This entry point includes ALL components for the GAAP Employee Benefit Plan (EBP) Taxonomy. Five related SEC Taxonomies are also imported - DEI, COUNTRY, STPR, CURRENCY, and EXCH. This entry point excludes the meta/ and dqcrules/ directories.</tp:description><tp:version>2025</tp:version><tp:entryPointDocument href='https://xbrl.fasb.org/us-gaap/2025/ebp/entire/us-gaap-ebp-entryPoint-all-2025.xsd'/></tp:entryPoint><tp:entryPoint><tp:name>GAAP Employee Benefit Plan (EBP) Elements only</tp:name><tp:description>This entry point is the schema file (elements) for the US GAAP Employee Benefit Plan (EBP) Financial Reporting Taxonomy.</tp:description><tp:version>2025</tp:version><tp:entryPointDocument href='https://xbrl.fasb.org/us-gaap/2025/ebp/elts/us-gaap-ebp-2025.xsd'/></tp:entryPoint><tp:entryPoint><tp:name>DQC Rules Taxonomy</tp:name><tp:description>This entry point includes All of the DQC Rules Taxonomy (DQCRT).</tp:description><tp:version>2025</tp:version><tp:entryPointDocument href='https://xbrl.fasb.org/us-gaap/2025/dqcrules/dqcrules-entire-2025.xsd'/></tp:entryPoint><tp:entryPoint><tp:name>GAAP Meta Model Relationships Taxonomy</tp:name><tp:description>This entry point includes All of the GAAP Meta Model Relationships Taxonomy.</tp:description><tp:version>2025</tp:version><tp:entryPointDocument href='https://xbrl.fasb.org/us-gaap/2025/meta/us-gaap-metaModel-entire-2025.xsd'/></tp:entryPoint><tp:entryPoint><tp:name>GAAP Meta Model Relationships Taxonomy and GAAP Financial Reporting Taxonomy Core taxonomy components (dis/, elts/ and stm/ directories)</tp:name><tp:description>This entry point includes All of the Meta Model Taxonomy along with the core components included in the dis/, elts/ and stm/ directories of the GAAP Financial Reporting Taxonomy. Five related SEC Taxonomies are also imported - DEI, COUNTRY, STPR, CURRENCY, and EXCH. This entry point excludes the ebp/ and dqcrules/ directories.</tp:description><tp:version>2025</tp:version><tp:entryPointDocument href='https://xbrl.fasb.org/us-gaap/2025/entire/us-gaap-entryPoint-all-wmm-2025.xsd'/></tp:entryPoint><tp:entryPoint><tp:name>DQC Rules Taxonomy and GAAP Financial Reporting Taxonomy Core taxonomy components (dis/, elts/ and stm/ directories)</tp:name><tp:description>This entry point includes the All of the DQC Rules Taxonomy along with the core taxonomy components in the dis/, elts/ and stm/ directories of the GAAP Financial Reporting Taxonomy. Five related SEC Taxonomies are also imported - DEI, COUNTRY, STPR, CURRENCY, and EXCH. This entry point excludes the ebp/ and meta/ directories.</tp:description><tp:version>2025</tp:version><tp:entryPointDocument href='https://xbrl.fasb.org/us-gaap/2025/entire/us-gaap-entryPoint-all-wdqc-2025.xsd'/></tp:entryPoint></tp:entryPoints></tp:taxonomyPackage>