<?xml version='1.0' encoding='UTF-8'?>

<!--
(c) 2010-2025 Financial Accounting Foundation; (c) 2007-2010 XBRL US, Inc.  All Rights Reserved.
Notice: Authorized Uses are Set Forth at https://xbrl.fasb.org/terms/TaxonomiesTermsConditions.html
  -->
<link:linkbase xmlns:link='http://www.xbrl.org/2003/linkbase' xmlns:xlink='http://www.w3.org/1999/xlink' xmlns:xsi='http://www.w3.org/2001/XMLSchema-instance' xsi:schemaLocation='http://www.xbrl.org/2003/linkbase http://www.xbrl.org/2003/xbrl-linkbase-2003-12-31.xsd'>
  <link:roleRef roleURI='http://fasb.org/us-gaap/role/tin/taxonomyImplementationNote' xlink:href='../../elts/us-roles-2025.xsd#tin' xlink:type='simple' />
  <link:arcroleRef arcroleURI='http://fasb.org/us-gaap/arcrole/concept-extensibleEnumerationLineItemLocation' xlink:href='../../elts/us-arcroles-2025.xsd#concept-extensibleEnumerationLineItemLocation' xlink:type='simple' />
  <link:arcroleRef arcroleURI='http://fasb.org/us-gaap/arcrole/identification' xlink:href='../../elts/us-arcroles-2025.xsd#identification' xlink:type='simple' />
  <link:definitionLink xlink:role='http://fasb.org/us-gaap/role/tin/taxonomyImplementationNote' xlink:type='extended'>
    <link:loc xlink:href='us-gaap-ebp-2025.xsd#us-gaap-ebp_EmployeeBenefitPlanChangeInNetAssetAvailableForBenefitIncreaseDecreaseForGainLossOnInvestment' xlink:label='loc_EmployeeBenefitPlanChangeInNetAssetAvailableForBenefitIncreaseDecreaseForGainLossOnInvestment' xlink:type='locator' />
    <link:loc xlink:href='us-gaap-ebp-2025.xsd#us-gaap-ebp_EbpChangeInNetAssetAvailableForBenefitIncreaseDecreaseFromGainLossOnInvestmentStatementOfChangeInNetAssetAvailableForBenefitExtensibleEnumeration' xlink:label='loc_EbpChangeInNetAssetAvailableForBenefitIncreaseDecreaseFromGainLossOnInvestmentStatementOfChangeInNetAssetAvailableForBenefitExtensibleEnumeration' xlink:type='locator' />
    <link:loc xlink:href='us-gaap-ebp-2025.xsd#us-gaap-ebp_EbpInvestmentLevel3ReconciliationIncreaseDecreaseFromGainLoss' xlink:label='loc_EbpInvestmentLevel3ReconciliationIncreaseDecreaseFromGainLoss' xlink:type='locator' />
    <link:loc xlink:href='us-gaap-ebp-2025.xsd#us-gaap-ebp_EbpInvestmentLevel3ReconciliationIncreaseDecreaseFromGainLossStatementOfChangeInNetAssetAvailableForBenefitExtensibleEnumeration' xlink:label='loc_EbpInvestmentLevel3ReconciliationIncreaseDecreaseFromGainLossStatementOfChangeInNetAssetAvailableForBenefitExtensibleEnumeration' xlink:type='locator' />
    <link:definitionArc order='10' xlink:arcrole='http://fasb.org/us-gaap/arcrole/concept-extensibleEnumerationLineItemLocation' xlink:from='loc_EmployeeBenefitPlanChangeInNetAssetAvailableForBenefitIncreaseDecreaseForGainLossOnInvestment' xlink:to='loc_EbpChangeInNetAssetAvailableForBenefitIncreaseDecreaseFromGainLossOnInvestmentStatementOfChangeInNetAssetAvailableForBenefitExtensibleEnumeration' xlink:type='arc' />
    <link:definitionArc order='10' xlink:arcrole='http://fasb.org/us-gaap/arcrole/concept-extensibleEnumerationLineItemLocation' xlink:from='loc_EbpInvestmentLevel3ReconciliationIncreaseDecreaseFromGainLoss' xlink:to='loc_EbpInvestmentLevel3ReconciliationIncreaseDecreaseFromGainLossStatementOfChangeInNetAssetAvailableForBenefitExtensibleEnumeration' xlink:type='arc' />
  </link:definitionLink>
  <link:definitionLink xlink:role='http://fasb.org/us-gaap/role/tin/taxonomyImplementationNote' xlink:type='extended'>
    <link:loc xlink:href='../../elts/us-gaap-2025.xsd#us-gaap_AdjustmentsForChangeInAccountingPrincipleAxis' xlink:label='loc_AdjustmentsForChangeInAccountingPrincipleAxis' xlink:type='locator' />
    <link:loc xlink:href='us-gaap-ebp-2025.xsd#us-gaap-ebp_EbpChangeInAccountingPrincipleTypeExtensibleEnumeration' xlink:label='loc_EbpChangeInAccountingPrincipleTypeExtensibleEnumeration' xlink:type='locator' />
    <link:loc xlink:href='../../elts/us-gaap-2025.xsd#us-gaap_MeasurementInputTypeAxis' xlink:label='loc_MeasurementInputTypeAxis' xlink:type='locator' />
    <link:loc xlink:href='us-gaap-ebp-2025.xsd#us-gaap-ebp_EmployeeBenefitPlanInvestmentMeasurementInputExtensibleEnumeration' xlink:label='loc_EmployeeBenefitPlanInvestmentMeasurementInputExtensibleEnumeration' xlink:type='locator' />
    <link:loc xlink:href='../../elts/us-gaap-2025.xsd#us-gaap_RetirementPlanTaxStatusAxis' xlink:label='loc_RetirementPlanTaxStatusAxis' xlink:type='locator' />
    <link:loc xlink:href='us-gaap-ebp-2025.xsd#us-gaap-ebp_EmployeeBenefitPlanTaxQualificationStatusExtensibleEnumeration' xlink:label='loc_EmployeeBenefitPlanTaxQualificationStatusExtensibleEnumeration' xlink:type='locator' />
    <link:loc xlink:href='../../elts/us-gaap-2025.xsd#us-gaap_AdjustmentsForNewAccountingPronouncementsAxis' xlink:label='loc_AdjustmentsForNewAccountingPronouncementsAxis' xlink:type='locator' />
    <link:loc xlink:href='us-gaap-ebp-2025.xsd#us-gaap-ebp_EbpAccountingStandardUpdateExtensibleEnumeration' xlink:label='loc_EbpAccountingStandardUpdateExtensibleEnumeration' xlink:type='locator' />
    <link:loc xlink:href='../../elts/us-gaap-2025.xsd#us-gaap_ValuationTechniqueAxis' xlink:label='loc_ValuationTechniqueAxis' xlink:type='locator' />
    <link:loc xlink:href='us-gaap-ebp-2025.xsd#us-gaap-ebp_EmployeeBenefitPlanInvestmentValuationTechniqueExtensibleEnumeration' xlink:label='loc_EmployeeBenefitPlanInvestmentValuationTechniqueExtensibleEnumeration' xlink:type='locator' />
    <link:loc xlink:href='../../elts/us-gaap-2025.xsd#us-gaap_InvestmentIssuerNameAxis' xlink:label='loc_InvestmentIssuerNameAxis' xlink:type='locator' />
    <link:loc xlink:href='us-gaap-ebp-2025.xsd#us-gaap-ebp_EmployeeBenefitPlanInvestmentIssuerNameExtensibleEnumeration' xlink:label='loc_EmployeeBenefitPlanInvestmentIssuerNameExtensibleEnumeration' xlink:type='locator' />
    <link:loc xlink:href='../../elts/us-gaap-2025.xsd#us-gaap_InvestmentTypeAxis' xlink:label='loc_InvestmentTypeAxis' xlink:type='locator' />
    <link:loc xlink:href='us-gaap-ebp-2025.xsd#us-gaap-ebp_EmployeeBenefitPlanInvestmentTypeExtensibleEnumeration' xlink:label='loc_EmployeeBenefitPlanInvestmentTypeExtensibleEnumeration' xlink:type='locator' />
    <link:loc xlink:href='us-gaap-ebp-2025.xsd#us-gaap-ebp_EbpInvestmentExcludingPlanInterestInMasterTrustContractValueTypeExtensibleEnumeration' xlink:label='loc_EbpInvestmentExcludingPlanInterestInMasterTrustContractValueTypeExtensibleEnumeration' xlink:type='locator' />
    <link:loc xlink:href='us-gaap-ebp-2025.xsd#us-gaap-ebp_EbpInvestmentExcludingPlanInterestInMasterTrustFairValueTypeExtensibleEnumeration' xlink:label='loc_EbpInvestmentExcludingPlanInterestInMasterTrustFairValueTypeExtensibleEnumeration' xlink:type='locator' />
    <link:loc xlink:href='us-gaap-ebp-2025.xsd#us-gaap-ebp_EmployeeBenefitPlanAllocationStatusAxis' xlink:label='loc_EmployeeBenefitPlanAllocationStatusAxis' xlink:type='locator' />
    <link:loc xlink:href='us-gaap-ebp-2025.xsd#us-gaap-ebp_EmployeeBenefitPlanAssetHeldForInvestmentInvestmentExcludingPlanInterestInMasterTrustAllocationStatusExtensibleEnumeration' xlink:label='loc_EmployeeBenefitPlanAssetHeldForInvestmentInvestmentExcludingPlanInterestInMasterTrustAllocationStatusExtensibleEnumeration' xlink:type='locator' />
    <link:loc xlink:href='us-gaap-ebp-2025.xsd#us-gaap-ebp_EmployeeBenefitPlanAssetHeldForInvestmentPlanInterestInMasterTrustAllocationStatusExtensibleEnumeration' xlink:label='loc_EmployeeBenefitPlanAssetHeldForInvestmentPlanInterestInMasterTrustAllocationStatusExtensibleEnumeration' xlink:type='locator' />
    <link:loc xlink:href='us-gaap-ebp-2025.xsd#us-gaap-ebp_EmployeeBenefitPlanParticipantDirectedStatusAxis' xlink:label='loc_EmployeeBenefitPlanParticipantDirectedStatusAxis' xlink:type='locator' />
    <link:loc xlink:href='us-gaap-ebp-2025.xsd#us-gaap-ebp_EmployeeBenefitPlanAssetHeldForInvestmentInvestmentExcludingPlanInterestInMasterTrustParticipationStatusExtensibleEnumeration' xlink:label='loc_EmployeeBenefitPlanAssetHeldForInvestmentInvestmentExcludingPlanInterestInMasterTrustParticipationStatusExtensibleEnumeration' xlink:type='locator' />
    <link:loc xlink:href='us-gaap-ebp-2025.xsd#us-gaap-ebp_EmployeeBenefitPlanAssetHeldForInvestmentPlanInterestInMasterTrustParticipationStatusExtensibleEnumeration' xlink:label='loc_EmployeeBenefitPlanAssetHeldForInvestmentPlanInterestInMasterTrustParticipationStatusExtensibleEnumeration' xlink:type='locator' />
    <link:loc xlink:href='us-gaap-ebp-2025.xsd#us-gaap-ebp_EmployeeBenefitPlanRelatedPartyAndPartyInInterestAxis' xlink:label='loc_EmployeeBenefitPlanRelatedPartyAndPartyInInterestAxis' xlink:type='locator' />
    <link:loc xlink:href='us-gaap-ebp-2025.xsd#us-gaap-ebp_EmployeeBenefitPlanPartyInInterestRelationshipToPlanExtensibleEnumeration' xlink:label='loc_EmployeeBenefitPlanPartyInInterestRelationshipToPlanExtensibleEnumeration' xlink:type='locator' />
    <link:definitionArc order='10' xlink:arcrole='http://fasb.org/us-gaap/arcrole/identification' xlink:from='loc_AdjustmentsForChangeInAccountingPrincipleAxis' xlink:to='loc_EbpChangeInAccountingPrincipleTypeExtensibleEnumeration' xlink:type='arc' />
    <link:definitionArc order='10' xlink:arcrole='http://fasb.org/us-gaap/arcrole/identification' xlink:from='loc_MeasurementInputTypeAxis' xlink:to='loc_EmployeeBenefitPlanInvestmentMeasurementInputExtensibleEnumeration' xlink:type='arc' />
    <link:definitionArc order='10' xlink:arcrole='http://fasb.org/us-gaap/arcrole/identification' xlink:from='loc_RetirementPlanTaxStatusAxis' xlink:to='loc_EmployeeBenefitPlanTaxQualificationStatusExtensibleEnumeration' xlink:type='arc' />
    <link:definitionArc order='10' xlink:arcrole='http://fasb.org/us-gaap/arcrole/identification' xlink:from='loc_AdjustmentsForNewAccountingPronouncementsAxis' xlink:to='loc_EbpAccountingStandardUpdateExtensibleEnumeration' xlink:type='arc' />
    <link:definitionArc order='10' xlink:arcrole='http://fasb.org/us-gaap/arcrole/identification' xlink:from='loc_ValuationTechniqueAxis' xlink:to='loc_EmployeeBenefitPlanInvestmentValuationTechniqueExtensibleEnumeration' xlink:type='arc' />
    <link:definitionArc order='10' xlink:arcrole='http://fasb.org/us-gaap/arcrole/identification' xlink:from='loc_InvestmentIssuerNameAxis' xlink:to='loc_EmployeeBenefitPlanInvestmentIssuerNameExtensibleEnumeration' xlink:type='arc' />
    <link:definitionArc order='10' xlink:arcrole='http://fasb.org/us-gaap/arcrole/identification' xlink:from='loc_InvestmentTypeAxis' xlink:to='loc_EmployeeBenefitPlanInvestmentTypeExtensibleEnumeration' xlink:type='arc' />
    <link:definitionArc order='20' xlink:arcrole='http://fasb.org/us-gaap/arcrole/identification' xlink:from='loc_InvestmentTypeAxis' xlink:to='loc_EbpInvestmentExcludingPlanInterestInMasterTrustContractValueTypeExtensibleEnumeration' xlink:type='arc' />
    <link:definitionArc order='30' xlink:arcrole='http://fasb.org/us-gaap/arcrole/identification' xlink:from='loc_InvestmentTypeAxis' xlink:to='loc_EbpInvestmentExcludingPlanInterestInMasterTrustFairValueTypeExtensibleEnumeration' xlink:type='arc' />
    <link:definitionArc order='10' xlink:arcrole='http://fasb.org/us-gaap/arcrole/identification' xlink:from='loc_EmployeeBenefitPlanAllocationStatusAxis' xlink:to='loc_EmployeeBenefitPlanAssetHeldForInvestmentInvestmentExcludingPlanInterestInMasterTrustAllocationStatusExtensibleEnumeration' xlink:type='arc' />
    <link:definitionArc order='20' xlink:arcrole='http://fasb.org/us-gaap/arcrole/identification' xlink:from='loc_EmployeeBenefitPlanAllocationStatusAxis' xlink:to='loc_EmployeeBenefitPlanAssetHeldForInvestmentPlanInterestInMasterTrustAllocationStatusExtensibleEnumeration' xlink:type='arc' />
    <link:definitionArc order='10' xlink:arcrole='http://fasb.org/us-gaap/arcrole/identification' xlink:from='loc_EmployeeBenefitPlanParticipantDirectedStatusAxis' xlink:to='loc_EmployeeBenefitPlanAssetHeldForInvestmentInvestmentExcludingPlanInterestInMasterTrustParticipationStatusExtensibleEnumeration' xlink:type='arc' />
    <link:definitionArc order='20' xlink:arcrole='http://fasb.org/us-gaap/arcrole/identification' xlink:from='loc_EmployeeBenefitPlanParticipantDirectedStatusAxis' xlink:to='loc_EmployeeBenefitPlanAssetHeldForInvestmentPlanInterestInMasterTrustParticipationStatusExtensibleEnumeration' xlink:type='arc' />
    <link:definitionArc order='10' xlink:arcrole='http://fasb.org/us-gaap/arcrole/identification' xlink:from='loc_EmployeeBenefitPlanRelatedPartyAndPartyInInterestAxis' xlink:to='loc_EmployeeBenefitPlanPartyInInterestRelationshipToPlanExtensibleEnumeration' xlink:type='arc' />
  </link:definitionLink>
</link:linkbase>
