<?xml version='1.0' encoding='UTF-8'?>

<!--
(c) 2010-2025 Financial Accounting Foundation; (c) 2007-2010 XBRL US, Inc.  All Rights Reserved.
Notice: Authorized Uses are Set Forth at https://xbrl.fasb.org/terms/TaxonomiesTermsConditions.html
  -->
<link:linkbase xmlns:link='http://www.xbrl.org/2003/linkbase' xmlns:xlink='http://www.w3.org/1999/xlink' xmlns:xsi='http://www.w3.org/2001/XMLSchema-instance' xsi:schemaLocation='http://www.xbrl.org/2003/linkbase http://www.xbrl.org/2003/xbrl-linkbase-2003-12-31.xsd'>
  <link:roleRef roleURI='http://fasb.org/us-gaap/role/deprecated/deprecated' xlink:href='../../elts/us-roles-2025.xsd#depcon' xlink:type='simple' />
  <link:arcroleRef arcroleURI='http://www.xbrl.org/2009/arcrole/dep-concept-deprecatedConcept' xlink:href='http://www.xbrl.org/lrr/arcrole/deprecated-2009-12-16.xsd#dep-concept-deprecatedConcept' xlink:type='simple' />
  <link:definitionLink xlink:role='http://fasb.org/us-gaap/role/deprecated/deprecated' xlink:type='extended'>
    <link:loc xlink:href='us-gaap-ebp-2025.xsd#us-gaap-ebp_EmployeeBenefitPlanChangeInNetAssetAvailableForBenefitDecreaseForAdministrativeExpense' xlink:label='loc_EmployeeBenefitPlanChangeInNetAssetAvailableForBenefitDecreaseForAdministrativeExpense' xlink:type='locator' />
    <link:loc xlink:href='us-gaap-ebp-2025.xsd#us-gaap-ebp_EmployeeBenefitPlanChangeInNetAssetAvailableForBenefitDecreaseForManagementFeeExpense' xlink:label='loc_EmployeeBenefitPlanChangeInNetAssetAvailableForBenefitDecreaseForManagementFeeExpense' xlink:type='locator' />
    <link:loc xlink:href='us-gaap-ebp-2025.xsd#us-gaap-ebp_UseLegalEntityAxisOnEveryXbrlFactTaggedInEachEmployeeBenefitPlanFilingGuidance' xlink:label='loc_UseLegalEntityAxisOnEveryXbrlFactTaggedInEachEmployeeBenefitPlanFilingGuidance' xlink:type='locator' />
    <link:loc xlink:href='us-gaap-ebp-2025.xsd#us-gaap-ebp_UseLegalEntityAxisOnEveryXbrlFactTaggedWhenPlanSponsorHasMultipleEmployeeBenefitPlanFilingsInSamePlanYearGuidance' xlink:label='loc_UseLegalEntityAxisOnEveryXbrlFactTaggedWhenPlanSponsorHasMultipleEmployeeBenefitPlanFilingsInSamePlanYearGuidance' xlink:type='locator' />
    <link:definitionArc order='10' xlink:arcrole='http://www.xbrl.org/2009/arcrole/dep-concept-deprecatedConcept' xlink:from='loc_EmployeeBenefitPlanChangeInNetAssetAvailableForBenefitDecreaseForAdministrativeExpense' xlink:to='loc_EmployeeBenefitPlanChangeInNetAssetAvailableForBenefitDecreaseForManagementFeeExpense' xlink:type='arc' />
    <link:definitionArc order='10' xlink:arcrole='http://www.xbrl.org/2009/arcrole/dep-concept-deprecatedConcept' xlink:from='loc_UseLegalEntityAxisOnEveryXbrlFactTaggedInEachEmployeeBenefitPlanFilingGuidance' xlink:to='loc_UseLegalEntityAxisOnEveryXbrlFactTaggedWhenPlanSponsorHasMultipleEmployeeBenefitPlanFilingsInSamePlanYearGuidance' xlink:type='arc' />
  </link:definitionLink>
</link:linkbase>
