<?xml version='1.0' encoding='UTF-8'?>

<!--
(c) 2010-2025 Financial Accounting Foundation; (c) 2007-2010 XBRL US, Inc.  All Rights Reserved.
Notice: Authorized Uses are Set Forth at https://xbrl.fasb.org/terms/TaxonomiesTermsConditions.html
  -->
<link:linkbase xmlns:link='http://www.xbrl.org/2003/linkbase' xmlns:xlink='http://www.w3.org/1999/xlink' xmlns:xsi='http://www.w3.org/2001/XMLSchema-instance' xsi:schemaLocation='http://www.xbrl.org/2003/linkbase http://www.xbrl.org/2003/xbrl-linkbase-2003-12-31.xsd'>
  <link:arcroleRef arcroleURI='https://xbrl.org/2023/arcrole/summation-item' xlink:href='https://www.xbrl.org/2023/calculation-1.1.xsd#summation-item' xlink:type='simple'/>
  <link:roleRef roleURI='http://fasb.org/us-gaap/role/statement/StatementOfFinancialPositionUnclassified-InvestmentBasedOperations' xlink:href='../elts/us-roles-2025.xsd#sfp-ibo' xlink:type='simple' />
  <link:calculationLink xlink:role='http://fasb.org/us-gaap/role/statement/StatementOfFinancialPositionUnclassified-InvestmentBasedOperations' xlink:type='extended'>
    <link:loc xlink:href='../elts/us-gaap-2025.xsd#us-gaap_AssetsOfDisposalGroupIncludingDiscontinuedOperation' xlink:label='loc_AssetsOfDisposalGroupIncludingDiscontinuedOperation' xlink:type='locator' />
    <link:loc xlink:href='../elts/us-gaap-2025.xsd#us-gaap_DisposalGroupIncludingDiscontinuedOperationPropertyPlantAndEquipment' xlink:label='loc_DisposalGroupIncludingDiscontinuedOperationPropertyPlantAndEquipment' xlink:type='locator' />
    <link:loc xlink:href='../elts/us-gaap-2025.xsd#us-gaap_DisposalGroupIncludingDiscontinuedOperationIntangibleAssets' xlink:label='loc_DisposalGroupIncludingDiscontinuedOperationIntangibleAssets' xlink:type='locator' />
    <link:loc xlink:href='../elts/us-gaap-2025.xsd#us-gaap_DisposalGroupIncludingDiscontinuedOperationGoodwill1' xlink:label='loc_DisposalGroupIncludingDiscontinuedOperationGoodwill1' xlink:type='locator' />
    <link:loc xlink:href='../elts/us-gaap-2025.xsd#us-gaap_DisposalGroupIncludingDiscontinuedOperationCashAndCashEquivalents' xlink:label='loc_DisposalGroupIncludingDiscontinuedOperationCashAndCashEquivalents' xlink:type='locator' />
    <link:loc xlink:href='../elts/us-gaap-2025.xsd#us-gaap_DisposalGroupIncludingDiscontinuedOperationAccountsNotesAndLoansReceivableNet' xlink:label='loc_DisposalGroupIncludingDiscontinuedOperationAccountsNotesAndLoansReceivableNet' xlink:type='locator' />
    <link:loc xlink:href='../elts/us-gaap-2025.xsd#us-gaap_DisposalGroupIncludingDiscontinuedOperationInventory1' xlink:label='loc_DisposalGroupIncludingDiscontinuedOperationInventory1' xlink:type='locator' />
    <link:loc xlink:href='../elts/us-gaap-2025.xsd#us-gaap_DisposalGroupIncludingDiscontinuedOperationDeferredTaxAssets' xlink:label='loc_DisposalGroupIncludingDiscontinuedOperationDeferredTaxAssets' xlink:type='locator' />
    <link:loc xlink:href='../elts/us-gaap-2025.xsd#us-gaap_DisposalGroupIncludingDiscontinuedOperationOtherAssets' xlink:label='loc_DisposalGroupIncludingDiscontinuedOperationOtherAssets' xlink:type='locator' />
    <link:loc xlink:href='../elts/us-gaap-2025.xsd#us-gaap_DisposalGroupIncludingDiscontinuedOperationPrepaidAndOtherAssets' xlink:label='loc_DisposalGroupIncludingDiscontinuedOperationPrepaidAndOtherAssets' xlink:type='locator' />
    <link:loc xlink:href='../elts/us-gaap-2025.xsd#us-gaap_DisposalGroupIncludingDiscontinuedOperationInvestment' xlink:label='loc_DisposalGroupIncludingDiscontinuedOperationInvestment' xlink:type='locator' />
    <link:loc xlink:href='../elts/us-gaap-2025.xsd#us-gaap_DisposalGroupIncludingDiscontinuedOperationDeferredPolicyAcquisitionCost' xlink:label='loc_DisposalGroupIncludingDiscontinuedOperationDeferredPolicyAcquisitionCost' xlink:type='locator' />
    <link:loc xlink:href='../elts/us-gaap-2025.xsd#us-gaap_DisposalGroupIncludingDiscontinuedOperationPremiumReceivableAfterAllowanceForCreditLoss' xlink:label='loc_DisposalGroupIncludingDiscontinuedOperationPremiumReceivableAfterAllowanceForCreditLoss' xlink:type='locator' />
    <link:loc xlink:href='../elts/us-gaap-2025.xsd#us-gaap_DisposalGroupIncludingDiscontinuedOperationReinsuranceRecoverableIncludingReinsurancePremiumPaid' xlink:label='loc_DisposalGroupIncludingDiscontinuedOperationReinsuranceRecoverableIncludingReinsurancePremiumPaid' xlink:type='locator' />
    <link:loc xlink:href='../elts/us-gaap-2025.xsd#us-gaap_DisposalGroupIncludingDiscontinuedOperationSeparateAccountAsset' xlink:label='loc_DisposalGroupIncludingDiscontinuedOperationSeparateAccountAsset' xlink:type='locator' />
    <link:loc xlink:href='../elts/us-gaap-2025.xsd#us-gaap_LiabilitiesOfDisposalGroupIncludingDiscontinuedOperation' xlink:label='loc_LiabilitiesOfDisposalGroupIncludingDiscontinuedOperation' xlink:type='locator' />
    <link:loc xlink:href='../elts/us-gaap-2025.xsd#us-gaap_DisposalGroupIncludingDiscontinuedOperationAccountsPayableAndAccruedLiabilities' xlink:label='loc_DisposalGroupIncludingDiscontinuedOperationAccountsPayableAndAccruedLiabilities' xlink:type='locator' />
    <link:loc xlink:href='../elts/us-gaap-2025.xsd#us-gaap_DisposalGroupIncludingDiscontinuedOperationAccountsPayable' xlink:label='loc_DisposalGroupIncludingDiscontinuedOperationAccountsPayable' xlink:type='locator' />
    <link:loc xlink:href='../elts/us-gaap-2025.xsd#us-gaap_DisposalGroupIncludingDiscontinuedOperationAccruedLiabilities' xlink:label='loc_DisposalGroupIncludingDiscontinuedOperationAccruedLiabilities' xlink:type='locator' />
    <link:loc xlink:href='../elts/us-gaap-2025.xsd#us-gaap_DisposalGroupIncludingDiscontinuedOperationDeferredTaxLiabilities' xlink:label='loc_DisposalGroupIncludingDiscontinuedOperationDeferredTaxLiabilities' xlink:type='locator' />
    <link:loc xlink:href='../elts/us-gaap-2025.xsd#us-gaap_DisposalGroupIncludingDiscontinuedOperationDeferredRevenue' xlink:label='loc_DisposalGroupIncludingDiscontinuedOperationDeferredRevenue' xlink:type='locator' />
    <link:loc xlink:href='../elts/us-gaap-2025.xsd#us-gaap_DisposalGroupIncludingDiscontinuedOperationPensionPlanBenefitObligation' xlink:label='loc_DisposalGroupIncludingDiscontinuedOperationPensionPlanBenefitObligation' xlink:type='locator' />
    <link:loc xlink:href='../elts/us-gaap-2025.xsd#us-gaap_DisposalGroupIncludingDiscontinuedOperationPostretirementPlanBenefitObligation' xlink:label='loc_DisposalGroupIncludingDiscontinuedOperationPostretirementPlanBenefitObligation' xlink:type='locator' />
    <link:loc xlink:href='../elts/us-gaap-2025.xsd#us-gaap_DisposalGroupIncludingDiscontinuedOperationOtherLiabilities' xlink:label='loc_DisposalGroupIncludingDiscontinuedOperationOtherLiabilities' xlink:type='locator' />
    <link:loc xlink:href='../elts/us-gaap-2025.xsd#us-gaap_DisposalGroupIncludingDiscontinuedOperationAccruedIncomeTaxPayable' xlink:label='loc_DisposalGroupIncludingDiscontinuedOperationAccruedIncomeTaxPayable' xlink:type='locator' />
    <link:loc xlink:href='../elts/us-gaap-2025.xsd#us-gaap_DisposalGroupIncludingDiscontinuedOperationSeparateAccountLiability' xlink:label='loc_DisposalGroupIncludingDiscontinuedOperationSeparateAccountLiability' xlink:type='locator' />
    <link:loc xlink:href='../elts/us-gaap-2025.xsd#us-gaap_DisposalGroupIncludingDiscontinuedOperationLiabilityForFuturePolicyBenefitBeforeReinsurance' xlink:label='loc_DisposalGroupIncludingDiscontinuedOperationLiabilityForFuturePolicyBenefitBeforeReinsurance' xlink:type='locator' />
    <link:loc xlink:href='../elts/us-gaap-2025.xsd#us-gaap_DisposalGroupIncludingDiscontinuedOperationLiabilityForClaimsAndClaimsAdjustmentExpense' xlink:label='loc_DisposalGroupIncludingDiscontinuedOperationLiabilityForClaimsAndClaimsAdjustmentExpense' xlink:type='locator' />
    <link:loc xlink:href='../elts/us-gaap-2025.xsd#us-gaap_DisposalGroupIncludingDiscontinuedOperationLiabilityForUnpaidClaimsAndClaimsAdjustmentExpense' xlink:label='loc_DisposalGroupIncludingDiscontinuedOperationLiabilityForUnpaidClaimsAndClaimsAdjustmentExpense' xlink:type='locator' />
    <link:calculationArc order='10' weight='1.0' xlink:arcrole='https://xbrl.org/2023/arcrole/summation-item' xlink:from='loc_AssetsOfDisposalGroupIncludingDiscontinuedOperation' xlink:to='loc_DisposalGroupIncludingDiscontinuedOperationPropertyPlantAndEquipment' xlink:type='arc' />
    <link:calculationArc order='20' weight='1.0' xlink:arcrole='https://xbrl.org/2023/arcrole/summation-item' xlink:from='loc_AssetsOfDisposalGroupIncludingDiscontinuedOperation' xlink:to='loc_DisposalGroupIncludingDiscontinuedOperationIntangibleAssets' xlink:type='arc' />
    <link:calculationArc order='30' weight='1.0' xlink:arcrole='https://xbrl.org/2023/arcrole/summation-item' xlink:from='loc_AssetsOfDisposalGroupIncludingDiscontinuedOperation' xlink:to='loc_DisposalGroupIncludingDiscontinuedOperationGoodwill1' xlink:type='arc' />
    <link:calculationArc order='40' weight='1.0' xlink:arcrole='https://xbrl.org/2023/arcrole/summation-item' xlink:from='loc_AssetsOfDisposalGroupIncludingDiscontinuedOperation' xlink:to='loc_DisposalGroupIncludingDiscontinuedOperationCashAndCashEquivalents' xlink:type='arc' />
    <link:calculationArc order='50' weight='1.0' xlink:arcrole='https://xbrl.org/2023/arcrole/summation-item' xlink:from='loc_AssetsOfDisposalGroupIncludingDiscontinuedOperation' xlink:to='loc_DisposalGroupIncludingDiscontinuedOperationAccountsNotesAndLoansReceivableNet' xlink:type='arc' />
    <link:calculationArc order='60' weight='1.0' xlink:arcrole='https://xbrl.org/2023/arcrole/summation-item' xlink:from='loc_AssetsOfDisposalGroupIncludingDiscontinuedOperation' xlink:to='loc_DisposalGroupIncludingDiscontinuedOperationInventory1' xlink:type='arc' />
    <link:calculationArc order='70' weight='1.0' xlink:arcrole='https://xbrl.org/2023/arcrole/summation-item' xlink:from='loc_AssetsOfDisposalGroupIncludingDiscontinuedOperation' xlink:to='loc_DisposalGroupIncludingDiscontinuedOperationDeferredTaxAssets' xlink:type='arc' />
    <link:calculationArc order='80' weight='1.0' xlink:arcrole='https://xbrl.org/2023/arcrole/summation-item' xlink:from='loc_AssetsOfDisposalGroupIncludingDiscontinuedOperation' xlink:to='loc_DisposalGroupIncludingDiscontinuedOperationOtherAssets' xlink:type='arc' />
    <link:calculationArc order='90' weight='1.0' xlink:arcrole='https://xbrl.org/2023/arcrole/summation-item' xlink:from='loc_AssetsOfDisposalGroupIncludingDiscontinuedOperation' xlink:to='loc_DisposalGroupIncludingDiscontinuedOperationPrepaidAndOtherAssets' xlink:type='arc' />
    <link:calculationArc order='100' weight='1.0' xlink:arcrole='https://xbrl.org/2023/arcrole/summation-item' xlink:from='loc_AssetsOfDisposalGroupIncludingDiscontinuedOperation' xlink:to='loc_DisposalGroupIncludingDiscontinuedOperationInvestment' xlink:type='arc' />
    <link:calculationArc order='110' weight='1.0' xlink:arcrole='https://xbrl.org/2023/arcrole/summation-item' xlink:from='loc_AssetsOfDisposalGroupIncludingDiscontinuedOperation' xlink:to='loc_DisposalGroupIncludingDiscontinuedOperationDeferredPolicyAcquisitionCost' xlink:type='arc' />
    <link:calculationArc order='120' weight='1.0' xlink:arcrole='https://xbrl.org/2023/arcrole/summation-item' xlink:from='loc_AssetsOfDisposalGroupIncludingDiscontinuedOperation' xlink:to='loc_DisposalGroupIncludingDiscontinuedOperationPremiumReceivableAfterAllowanceForCreditLoss' xlink:type='arc' />
    <link:calculationArc order='130' weight='1.0' xlink:arcrole='https://xbrl.org/2023/arcrole/summation-item' xlink:from='loc_AssetsOfDisposalGroupIncludingDiscontinuedOperation' xlink:to='loc_DisposalGroupIncludingDiscontinuedOperationReinsuranceRecoverableIncludingReinsurancePremiumPaid' xlink:type='arc' />
    <link:calculationArc order='140' weight='1.0' xlink:arcrole='https://xbrl.org/2023/arcrole/summation-item' xlink:from='loc_AssetsOfDisposalGroupIncludingDiscontinuedOperation' xlink:to='loc_DisposalGroupIncludingDiscontinuedOperationSeparateAccountAsset' xlink:type='arc' />
    <link:calculationArc order='10' weight='1.0' xlink:arcrole='https://xbrl.org/2023/arcrole/summation-item' xlink:from='loc_LiabilitiesOfDisposalGroupIncludingDiscontinuedOperation' xlink:to='loc_DisposalGroupIncludingDiscontinuedOperationAccountsPayableAndAccruedLiabilities' xlink:type='arc' />
    <link:calculationArc order='20' weight='1.0' xlink:arcrole='https://xbrl.org/2023/arcrole/summation-item' xlink:from='loc_LiabilitiesOfDisposalGroupIncludingDiscontinuedOperation' xlink:to='loc_DisposalGroupIncludingDiscontinuedOperationAccountsPayable' xlink:type='arc' />
    <link:calculationArc order='30' weight='1.0' xlink:arcrole='https://xbrl.org/2023/arcrole/summation-item' xlink:from='loc_LiabilitiesOfDisposalGroupIncludingDiscontinuedOperation' xlink:to='loc_DisposalGroupIncludingDiscontinuedOperationAccruedLiabilities' xlink:type='arc' />
    <link:calculationArc order='40' weight='1.0' xlink:arcrole='https://xbrl.org/2023/arcrole/summation-item' xlink:from='loc_LiabilitiesOfDisposalGroupIncludingDiscontinuedOperation' xlink:to='loc_DisposalGroupIncludingDiscontinuedOperationDeferredTaxLiabilities' xlink:type='arc' />
    <link:calculationArc order='50' weight='1.0' xlink:arcrole='https://xbrl.org/2023/arcrole/summation-item' xlink:from='loc_LiabilitiesOfDisposalGroupIncludingDiscontinuedOperation' xlink:to='loc_DisposalGroupIncludingDiscontinuedOperationDeferredRevenue' xlink:type='arc' />
    <link:calculationArc order='60' weight='1.0' xlink:arcrole='https://xbrl.org/2023/arcrole/summation-item' xlink:from='loc_LiabilitiesOfDisposalGroupIncludingDiscontinuedOperation' xlink:to='loc_DisposalGroupIncludingDiscontinuedOperationPensionPlanBenefitObligation' xlink:type='arc' />
    <link:calculationArc order='70' weight='1.0' xlink:arcrole='https://xbrl.org/2023/arcrole/summation-item' xlink:from='loc_LiabilitiesOfDisposalGroupIncludingDiscontinuedOperation' xlink:to='loc_DisposalGroupIncludingDiscontinuedOperationPostretirementPlanBenefitObligation' xlink:type='arc' />
    <link:calculationArc order='80' weight='1.0' xlink:arcrole='https://xbrl.org/2023/arcrole/summation-item' xlink:from='loc_LiabilitiesOfDisposalGroupIncludingDiscontinuedOperation' xlink:to='loc_DisposalGroupIncludingDiscontinuedOperationOtherLiabilities' xlink:type='arc' />
    <link:calculationArc order='90' weight='1.0' xlink:arcrole='https://xbrl.org/2023/arcrole/summation-item' xlink:from='loc_LiabilitiesOfDisposalGroupIncludingDiscontinuedOperation' xlink:to='loc_DisposalGroupIncludingDiscontinuedOperationAccruedIncomeTaxPayable' xlink:type='arc' />
    <link:calculationArc order='100' weight='1.0' xlink:arcrole='https://xbrl.org/2023/arcrole/summation-item' xlink:from='loc_LiabilitiesOfDisposalGroupIncludingDiscontinuedOperation' xlink:to='loc_DisposalGroupIncludingDiscontinuedOperationSeparateAccountLiability' xlink:type='arc' />
    <link:calculationArc order='110' weight='1.0' xlink:arcrole='https://xbrl.org/2023/arcrole/summation-item' xlink:from='loc_LiabilitiesOfDisposalGroupIncludingDiscontinuedOperation' xlink:to='loc_DisposalGroupIncludingDiscontinuedOperationLiabilityForFuturePolicyBenefitBeforeReinsurance' xlink:type='arc' />
    <link:calculationArc order='120' weight='1.0' xlink:arcrole='https://xbrl.org/2023/arcrole/summation-item' xlink:from='loc_LiabilitiesOfDisposalGroupIncludingDiscontinuedOperation' xlink:to='loc_DisposalGroupIncludingDiscontinuedOperationLiabilityForClaimsAndClaimsAdjustmentExpense' xlink:type='arc' />
    <link:calculationArc order='130' weight='1.0' xlink:arcrole='https://xbrl.org/2023/arcrole/summation-item' xlink:from='loc_LiabilitiesOfDisposalGroupIncludingDiscontinuedOperation' xlink:to='loc_DisposalGroupIncludingDiscontinuedOperationLiabilityForUnpaidClaimsAndClaimsAdjustmentExpense' xlink:type='arc' />
  </link:calculationLink>
</link:linkbase>
