<?xml version='1.0' encoding='UTF-8'?>

<!--
(c) 2010-2025 Financial Accounting Foundation; (c) 2007-2010 XBRL US, Inc.  All Rights Reserved.
Notice: Authorized Uses are Set Forth at https://xbrl.fasb.org/terms/TaxonomiesTermsConditions.html
  -->
<link:linkbase xmlns:link='http://www.xbrl.org/2003/linkbase' xmlns:xlink='http://www.w3.org/1999/xlink' xmlns:xsi='http://www.w3.org/2001/XMLSchema-instance' xsi:schemaLocation='http://www.xbrl.org/2003/linkbase http://www.xbrl.org/2003/xbrl-linkbase-2003-12-31.xsd'>
  <link:arcroleRef arcroleURI='https://xbrl.org/2023/arcrole/summation-item' xlink:href='https://www.xbrl.org/2023/calculation-1.1.xsd#summation-item' xlink:type='simple'/>
  <link:roleRef roleURI='http://fasb.org/us-gaap/role/statement/StatementOfPartnersCapital' xlink:href='../elts/us-roles-2025.xsd#spc' xlink:type='simple' />
  <link:calculationLink xlink:role='http://fasb.org/us-gaap/role/statement/StatementOfPartnersCapital' xlink:type='extended'>
    <link:loc xlink:href='../elts/us-gaap-2025.xsd#us-gaap_PartnersCapitalAccountPeriodIncreaseDecrease' xlink:label='loc_PartnersCapitalAccountPeriodIncreaseDecrease' xlink:type='locator' />
    <link:loc xlink:href='../elts/us-gaap-2025.xsd#us-gaap_ComprehensiveIncomeNetOfTaxIncludingPortionAttributableToNoncontrollingInterest' xlink:label='loc_ComprehensiveIncomeNetOfTaxIncludingPortionAttributableToNoncontrollingInterest' xlink:type='locator' />
    <link:loc xlink:href='../elts/us-gaap-2025.xsd#us-gaap_PartnersCapitalAccountContributions' xlink:label='loc_PartnersCapitalAccountContributions' xlink:type='locator' />
    <link:loc xlink:href='../elts/us-gaap-2025.xsd#us-gaap_PartnersCapitalAccountDistributions' xlink:label='loc_PartnersCapitalAccountDistributions' xlink:type='locator' />
    <link:loc xlink:href='../elts/us-gaap-2025.xsd#us-gaap_GeneralPartnersCapitalAccountDistributionAmount' xlink:label='loc_GeneralPartnersCapitalAccountDistributionAmount' xlink:type='locator' />
    <link:loc xlink:href='../elts/us-gaap-2025.xsd#us-gaap_LimitedPartnersCapitalAccountDistributionAmount' xlink:label='loc_LimitedPartnersCapitalAccountDistributionAmount' xlink:type='locator' />
    <link:loc xlink:href='../elts/us-gaap-2025.xsd#us-gaap_IncentiveDistributionDistributionPerYear' xlink:label='loc_IncentiveDistributionDistributionPerYear' xlink:type='locator' />
    <link:loc xlink:href='../elts/us-gaap-2025.xsd#us-gaap_PartnersCapitalAccountAcquisitions' xlink:label='loc_PartnersCapitalAccountAcquisitions' xlink:type='locator' />
    <link:loc xlink:href='../elts/us-gaap-2025.xsd#us-gaap_PartnersCapitalAccountOptionExercise' xlink:label='loc_PartnersCapitalAccountOptionExercise' xlink:type='locator' />
    <link:loc xlink:href='../elts/us-gaap-2025.xsd#us-gaap_PartnersCapitalAccountReturnOfCapital' xlink:label='loc_PartnersCapitalAccountReturnOfCapital' xlink:type='locator' />
    <link:loc xlink:href='../elts/us-gaap-2025.xsd#us-gaap_PartnersCapitalAccountDeferredCompensation' xlink:label='loc_PartnersCapitalAccountDeferredCompensation' xlink:type='locator' />
    <link:loc xlink:href='../elts/us-gaap-2025.xsd#us-gaap_PartnersCapitalAccountUnitBasedCompensation' xlink:label='loc_PartnersCapitalAccountUnitBasedCompensation' xlink:type='locator' />
    <link:loc xlink:href='../elts/us-gaap-2025.xsd#us-gaap_PartnersCapitalAccountRedemptions' xlink:label='loc_PartnersCapitalAccountRedemptions' xlink:type='locator' />
    <link:loc xlink:href='../elts/us-gaap-2025.xsd#us-gaap_PartnersCapitalAccountSaleOfUnits' xlink:label='loc_PartnersCapitalAccountSaleOfUnits' xlink:type='locator' />
    <link:loc xlink:href='../elts/us-gaap-2025.xsd#us-gaap_PartnersCapitalAccountPrivatePlacementOfUnits' xlink:label='loc_PartnersCapitalAccountPrivatePlacementOfUnits' xlink:type='locator' />
    <link:loc xlink:href='../elts/us-gaap-2025.xsd#us-gaap_PartnersCapitalAccountPublicSaleOfUnits' xlink:label='loc_PartnersCapitalAccountPublicSaleOfUnits' xlink:type='locator' />
    <link:loc xlink:href='../elts/us-gaap-2025.xsd#us-gaap_PartnersCapitalAccountExchangesAndConversions' xlink:label='loc_PartnersCapitalAccountExchangesAndConversions' xlink:type='locator' />
    <link:loc xlink:href='../elts/us-gaap-2025.xsd#us-gaap_PartnersCapitalAccountTreasuryUnitsPurchases' xlink:label='loc_PartnersCapitalAccountTreasuryUnitsPurchases' xlink:type='locator' />
    <link:loc xlink:href='../elts/us-gaap-2025.xsd#us-gaap_PartnersCapitalAccountTreasuryUnitsReissued' xlink:label='loc_PartnersCapitalAccountTreasuryUnitsReissued' xlink:type='locator' />
    <link:loc xlink:href='../elts/us-gaap-2025.xsd#us-gaap_PartnersCapitalOther' xlink:label='loc_PartnersCapitalOther' xlink:type='locator' />
    <link:loc xlink:href='../elts/us-gaap-2025.xsd#us-gaap_PartnersCapitalAccountUnitsPeriodIncreaseDecrease' xlink:label='loc_PartnersCapitalAccountUnitsPeriodIncreaseDecrease' xlink:type='locator' />
    <link:loc xlink:href='../elts/us-gaap-2025.xsd#us-gaap_PartnersCapitalAccountUnitsAcquisitions' xlink:label='loc_PartnersCapitalAccountUnitsAcquisitions' xlink:type='locator' />
    <link:loc xlink:href='../elts/us-gaap-2025.xsd#us-gaap_PartnersCapitalAccountUnitsContributed' xlink:label='loc_PartnersCapitalAccountUnitsContributed' xlink:type='locator' />
    <link:loc xlink:href='../elts/us-gaap-2025.xsd#us-gaap_PartnersCapitalAccountUnitsConverted' xlink:label='loc_PartnersCapitalAccountUnitsConverted' xlink:type='locator' />
    <link:loc xlink:href='../elts/us-gaap-2025.xsd#us-gaap_PartnersCapitalAccountUnitsSaleOfUnits' xlink:label='loc_PartnersCapitalAccountUnitsSaleOfUnits' xlink:type='locator' />
    <link:loc xlink:href='../elts/us-gaap-2025.xsd#us-gaap_PartnersCapitalAccountUnitsSoldInPublicOffering' xlink:label='loc_PartnersCapitalAccountUnitsSoldInPublicOffering' xlink:type='locator' />
    <link:loc xlink:href='../elts/us-gaap-2025.xsd#us-gaap_PartnersCapitalAccountUnitsSoldInPrivatePlacement' xlink:label='loc_PartnersCapitalAccountUnitsSoldInPrivatePlacement' xlink:type='locator' />
    <link:loc xlink:href='../elts/us-gaap-2025.xsd#us-gaap_PartnersCapitalAccountUnitsRedeemed' xlink:label='loc_PartnersCapitalAccountUnitsRedeemed' xlink:type='locator' />
    <link:loc xlink:href='../elts/us-gaap-2025.xsd#us-gaap_PartnersCapitalAccountUnitsTreasury' xlink:label='loc_PartnersCapitalAccountUnitsTreasury' xlink:type='locator' />
    <link:loc xlink:href='../elts/us-gaap-2025.xsd#us-gaap_PartnersCapitalAccountUnitsTreasuryUnitsReissued' xlink:label='loc_PartnersCapitalAccountUnitsTreasuryUnitsReissued' xlink:type='locator' />
    <link:loc xlink:href='../elts/us-gaap-2025.xsd#us-gaap_PartnersCapitalAccountUnitsUnitbasedCompensation' xlink:label='loc_PartnersCapitalAccountUnitsUnitbasedCompensation' xlink:type='locator' />
    <link:calculationArc order='10' weight='1.0' xlink:arcrole='https://xbrl.org/2023/arcrole/summation-item' xlink:from='loc_PartnersCapitalAccountPeriodIncreaseDecrease' xlink:to='loc_ComprehensiveIncomeNetOfTaxIncludingPortionAttributableToNoncontrollingInterest' xlink:type='arc' />
    <link:calculationArc order='20' weight='1.0' xlink:arcrole='https://xbrl.org/2023/arcrole/summation-item' xlink:from='loc_PartnersCapitalAccountPeriodIncreaseDecrease' xlink:to='loc_PartnersCapitalAccountContributions' xlink:type='arc' />
    <link:calculationArc order='30' weight='-1.0' xlink:arcrole='https://xbrl.org/2023/arcrole/summation-item' xlink:from='loc_PartnersCapitalAccountPeriodIncreaseDecrease' xlink:to='loc_PartnersCapitalAccountDistributions' xlink:type='arc' />
    <link:calculationArc order='10' weight='1.0' xlink:arcrole='https://xbrl.org/2023/arcrole/summation-item' xlink:from='loc_PartnersCapitalAccountDistributions' xlink:to='loc_GeneralPartnersCapitalAccountDistributionAmount' xlink:type='arc' />
    <link:calculationArc order='20' weight='1.0' xlink:arcrole='https://xbrl.org/2023/arcrole/summation-item' xlink:from='loc_PartnersCapitalAccountDistributions' xlink:to='loc_LimitedPartnersCapitalAccountDistributionAmount' xlink:type='arc' />
    <link:calculationArc order='30' weight='1.0' xlink:arcrole='https://xbrl.org/2023/arcrole/summation-item' xlink:from='loc_PartnersCapitalAccountDistributions' xlink:to='loc_IncentiveDistributionDistributionPerYear' xlink:type='arc' />
    <link:calculationArc order='40' weight='1.0' xlink:arcrole='https://xbrl.org/2023/arcrole/summation-item' xlink:from='loc_PartnersCapitalAccountPeriodIncreaseDecrease' xlink:to='loc_PartnersCapitalAccountAcquisitions' xlink:type='arc' />
    <link:calculationArc order='50' weight='1.0' xlink:arcrole='https://xbrl.org/2023/arcrole/summation-item' xlink:from='loc_PartnersCapitalAccountPeriodIncreaseDecrease' xlink:to='loc_PartnersCapitalAccountOptionExercise' xlink:type='arc' />
    <link:calculationArc order='60' weight='-1.0' xlink:arcrole='https://xbrl.org/2023/arcrole/summation-item' xlink:from='loc_PartnersCapitalAccountPeriodIncreaseDecrease' xlink:to='loc_PartnersCapitalAccountReturnOfCapital' xlink:type='arc' />
    <link:calculationArc order='70' weight='-1.0' xlink:arcrole='https://xbrl.org/2023/arcrole/summation-item' xlink:from='loc_PartnersCapitalAccountPeriodIncreaseDecrease' xlink:to='loc_PartnersCapitalAccountDeferredCompensation' xlink:type='arc' />
    <link:calculationArc order='80' weight='1.0' xlink:arcrole='https://xbrl.org/2023/arcrole/summation-item' xlink:from='loc_PartnersCapitalAccountPeriodIncreaseDecrease' xlink:to='loc_PartnersCapitalAccountUnitBasedCompensation' xlink:type='arc' />
    <link:calculationArc order='90' weight='-1.0' xlink:arcrole='https://xbrl.org/2023/arcrole/summation-item' xlink:from='loc_PartnersCapitalAccountPeriodIncreaseDecrease' xlink:to='loc_PartnersCapitalAccountRedemptions' xlink:type='arc' />
    <link:calculationArc order='100' weight='1.0' xlink:arcrole='https://xbrl.org/2023/arcrole/summation-item' xlink:from='loc_PartnersCapitalAccountPeriodIncreaseDecrease' xlink:to='loc_PartnersCapitalAccountSaleOfUnits' xlink:type='arc' />
    <link:calculationArc order='10' weight='1.0' xlink:arcrole='https://xbrl.org/2023/arcrole/summation-item' xlink:from='loc_PartnersCapitalAccountSaleOfUnits' xlink:to='loc_PartnersCapitalAccountPrivatePlacementOfUnits' xlink:type='arc' />
    <link:calculationArc order='20' weight='1.0' xlink:arcrole='https://xbrl.org/2023/arcrole/summation-item' xlink:from='loc_PartnersCapitalAccountSaleOfUnits' xlink:to='loc_PartnersCapitalAccountPublicSaleOfUnits' xlink:type='arc' />
    <link:calculationArc order='110' weight='1.0' xlink:arcrole='https://xbrl.org/2023/arcrole/summation-item' xlink:from='loc_PartnersCapitalAccountPeriodIncreaseDecrease' xlink:to='loc_PartnersCapitalAccountExchangesAndConversions' xlink:type='arc' />
    <link:calculationArc order='120' weight='-1.0' xlink:arcrole='https://xbrl.org/2023/arcrole/summation-item' xlink:from='loc_PartnersCapitalAccountPeriodIncreaseDecrease' xlink:to='loc_PartnersCapitalAccountTreasuryUnitsPurchases' xlink:type='arc' />
    <link:calculationArc order='130' weight='1.0' xlink:arcrole='https://xbrl.org/2023/arcrole/summation-item' xlink:from='loc_PartnersCapitalAccountPeriodIncreaseDecrease' xlink:to='loc_PartnersCapitalAccountTreasuryUnitsReissued' xlink:type='arc' />
    <link:calculationArc order='140' weight='1.0' xlink:arcrole='https://xbrl.org/2023/arcrole/summation-item' xlink:from='loc_PartnersCapitalAccountPeriodIncreaseDecrease' xlink:to='loc_PartnersCapitalOther' xlink:type='arc' />
    <link:calculationArc order='10' weight='1.0' xlink:arcrole='https://xbrl.org/2023/arcrole/summation-item' xlink:from='loc_PartnersCapitalAccountUnitsPeriodIncreaseDecrease' xlink:to='loc_PartnersCapitalAccountUnitsAcquisitions' xlink:type='arc' />
    <link:calculationArc order='20' weight='1.0' xlink:arcrole='https://xbrl.org/2023/arcrole/summation-item' xlink:from='loc_PartnersCapitalAccountUnitsPeriodIncreaseDecrease' xlink:to='loc_PartnersCapitalAccountUnitsContributed' xlink:type='arc' />
    <link:calculationArc order='30' weight='-1.0' xlink:arcrole='https://xbrl.org/2023/arcrole/summation-item' xlink:from='loc_PartnersCapitalAccountUnitsPeriodIncreaseDecrease' xlink:to='loc_PartnersCapitalAccountUnitsConverted' xlink:type='arc' />
    <link:calculationArc order='40' weight='1.0' xlink:arcrole='https://xbrl.org/2023/arcrole/summation-item' xlink:from='loc_PartnersCapitalAccountUnitsPeriodIncreaseDecrease' xlink:to='loc_PartnersCapitalAccountUnitsSaleOfUnits' xlink:type='arc' />
    <link:calculationArc order='10' weight='1.0' xlink:arcrole='https://xbrl.org/2023/arcrole/summation-item' xlink:from='loc_PartnersCapitalAccountUnitsSaleOfUnits' xlink:to='loc_PartnersCapitalAccountUnitsSoldInPublicOffering' xlink:type='arc' />
    <link:calculationArc order='20' weight='1.0' xlink:arcrole='https://xbrl.org/2023/arcrole/summation-item' xlink:from='loc_PartnersCapitalAccountUnitsSaleOfUnits' xlink:to='loc_PartnersCapitalAccountUnitsSoldInPrivatePlacement' xlink:type='arc' />
    <link:calculationArc order='50' weight='-1.0' xlink:arcrole='https://xbrl.org/2023/arcrole/summation-item' xlink:from='loc_PartnersCapitalAccountUnitsPeriodIncreaseDecrease' xlink:to='loc_PartnersCapitalAccountUnitsRedeemed' xlink:type='arc' />
    <link:calculationArc order='60' weight='-1.0' xlink:arcrole='https://xbrl.org/2023/arcrole/summation-item' xlink:from='loc_PartnersCapitalAccountUnitsPeriodIncreaseDecrease' xlink:to='loc_PartnersCapitalAccountUnitsTreasury' xlink:type='arc' />
    <link:calculationArc order='70' weight='1.0' xlink:arcrole='https://xbrl.org/2023/arcrole/summation-item' xlink:from='loc_PartnersCapitalAccountUnitsPeriodIncreaseDecrease' xlink:to='loc_PartnersCapitalAccountUnitsTreasuryUnitsReissued' xlink:type='arc' />
    <link:calculationArc order='80' weight='1.0' xlink:arcrole='https://xbrl.org/2023/arcrole/summation-item' xlink:from='loc_PartnersCapitalAccountUnitsPeriodIncreaseDecrease' xlink:to='loc_PartnersCapitalAccountUnitsUnitbasedCompensation' xlink:type='arc' />
  </link:calculationLink>
</link:linkbase>
