<?xml version='1.0' encoding='UTF-8'?>

<!--
(c) 2010-2025 Financial Accounting Foundation; (c) 2007-2010 XBRL US, Inc.  All Rights Reserved.
Notice: Authorized Uses are Set Forth at https://xbrl.fasb.org/terms/TaxonomiesTermsConditions.html
  -->
<link:linkbase xmlns:link='http://www.xbrl.org/2003/linkbase' xmlns:xlink='http://www.w3.org/1999/xlink' xmlns:xsi='http://www.w3.org/2001/XMLSchema-instance' xsi:schemaLocation='http://www.xbrl.org/2003/linkbase http://www.xbrl.org/2003/xbrl-linkbase-2003-12-31.xsd'>
  <link:arcroleRef arcroleURI='https://xbrl.org/2023/arcrole/summation-item' xlink:href='https://www.xbrl.org/2023/calculation-1.1.xsd#summation-item' xlink:type='simple'/>
  <link:roleRef roleURI='http://fasb.org/us-gaap/role/statement/StatementOfCashFlowsIndirectDepositBasedOperations' xlink:href='../elts/us-roles-2025.xsd#scf-dbo' xlink:type='simple' />
  <link:calculationLink xlink:role='http://fasb.org/us-gaap/role/statement/StatementOfCashFlowsIndirectDepositBasedOperations' xlink:type='extended'>
    <link:loc xlink:href='../elts/us-gaap-2025.xsd#us-gaap_CashAndCashEquivalentsAtCarryingValueIncludingDiscontinuedOperations' xlink:label='loc_CashAndCashEquivalentsAtCarryingValueIncludingDiscontinuedOperations' xlink:type='locator' />
    <link:loc xlink:href='../elts/us-gaap-2025.xsd#us-gaap_CashAndCashEquivalentsAtCarryingValue' xlink:label='loc_CashAndCashEquivalentsAtCarryingValue' xlink:type='locator' />
    <link:loc xlink:href='../elts/us-gaap-2025.xsd#us-gaap_DisposalGroupIncludingDiscontinuedOperationCashAndCashEquivalents' xlink:label='loc_DisposalGroupIncludingDiscontinuedOperationCashAndCashEquivalents' xlink:type='locator' />
    <link:loc xlink:href='../elts/us-gaap-2025.xsd#us-gaap_DisposalGroupIncludingDiscontinuedOperationCash' xlink:label='loc_DisposalGroupIncludingDiscontinuedOperationCash' xlink:type='locator' />
    <link:loc xlink:href='../elts/us-gaap-2025.xsd#us-gaap_IncomeTaxesPaidNet' xlink:label='loc_IncomeTaxesPaidNet' xlink:type='locator' />
    <link:loc xlink:href='../elts/us-gaap-2025.xsd#us-gaap_IncomeTaxesPaid' xlink:label='loc_IncomeTaxesPaid' xlink:type='locator' />
    <link:loc xlink:href='../elts/us-gaap-2025.xsd#us-gaap_IncomeTaxPaidFederalBeforeRefundReceived' xlink:label='loc_IncomeTaxPaidFederalBeforeRefundReceived' xlink:type='locator' />
    <link:loc xlink:href='../elts/us-gaap-2025.xsd#us-gaap_IncomeTaxPaidStateAndLocalBeforeRefundReceived' xlink:label='loc_IncomeTaxPaidStateAndLocalBeforeRefundReceived' xlink:type='locator' />
    <link:loc xlink:href='../elts/us-gaap-2025.xsd#us-gaap_IncomeTaxPaidForeignBeforeRefundReceived' xlink:label='loc_IncomeTaxPaidForeignBeforeRefundReceived' xlink:type='locator' />
    <link:loc xlink:href='../elts/us-gaap-2025.xsd#us-gaap_ProceedsFromIncomeTaxRefunds' xlink:label='loc_ProceedsFromIncomeTaxRefunds' xlink:type='locator' />
    <link:loc xlink:href='../elts/us-gaap-2025.xsd#us-gaap_ProceedsFromIncomeTaxRefundFederal' xlink:label='loc_ProceedsFromIncomeTaxRefundFederal' xlink:type='locator' />
    <link:loc xlink:href='../elts/us-gaap-2025.xsd#us-gaap_ProceedsFromIncomeTaxRefundStateAndLocal' xlink:label='loc_ProceedsFromIncomeTaxRefundStateAndLocal' xlink:type='locator' />
    <link:loc xlink:href='../elts/us-gaap-2025.xsd#us-gaap_ProceedsFromIncomeTaxRefundForeign' xlink:label='loc_ProceedsFromIncomeTaxRefundForeign' xlink:type='locator' />
    <link:loc xlink:href='../elts/us-gaap-2025.xsd#us-gaap_PaymentsForProceedsFromLongtermInvestments' xlink:label='loc_PaymentsForProceedsFromLongtermInvestments' xlink:type='locator' />
    <link:loc xlink:href='../elts/us-gaap-2025.xsd#us-gaap_PaymentsToAcquireLongtermInvestments' xlink:label='loc_PaymentsToAcquireLongtermInvestments' xlink:type='locator' />
    <link:loc xlink:href='../elts/us-gaap-2025.xsd#us-gaap_ProceedsFromSaleMaturityAndCollectionOfLongtermInvestments' xlink:label='loc_ProceedsFromSaleMaturityAndCollectionOfLongtermInvestments' xlink:type='locator' />
    <link:loc xlink:href='../elts/us-gaap-2025.xsd#us-gaap_ProceedsFromSaleOfLongtermInvestments' xlink:label='loc_ProceedsFromSaleOfLongtermInvestments' xlink:type='locator' />
    <link:loc xlink:href='../elts/us-gaap-2025.xsd#us-gaap_ProceedsFromMaturitiesPrepaymentsAndCallsOfLongtermInvestments' xlink:label='loc_ProceedsFromMaturitiesPrepaymentsAndCallsOfLongtermInvestments' xlink:type='locator' />
    <link:loc xlink:href='../elts/us-gaap-2025.xsd#us-gaap_PaymentsForProceedsFromShortTermInvestments' xlink:label='loc_PaymentsForProceedsFromShortTermInvestments' xlink:type='locator' />
    <link:loc xlink:href='../elts/us-gaap-2025.xsd#us-gaap_PaymentsToAcquireShortTermInvestments' xlink:label='loc_PaymentsToAcquireShortTermInvestments' xlink:type='locator' />
    <link:loc xlink:href='../elts/us-gaap-2025.xsd#us-gaap_ProceedsFromSaleMaturityAndCollectionOfShorttermInvestments' xlink:label='loc_ProceedsFromSaleMaturityAndCollectionOfShorttermInvestments' xlink:type='locator' />
    <link:loc xlink:href='../elts/us-gaap-2025.xsd#us-gaap_ProceedsFromSaleOfShortTermInvestments' xlink:label='loc_ProceedsFromSaleOfShortTermInvestments' xlink:type='locator' />
    <link:loc xlink:href='../elts/us-gaap-2025.xsd#us-gaap_ProceedsFromMaturitiesPrepaymentsAndCallsOfShorttermInvestments' xlink:label='loc_ProceedsFromMaturitiesPrepaymentsAndCallsOfShorttermInvestments' xlink:type='locator' />
    <link:loc xlink:href='../elts/us-gaap-2025.xsd#us-gaap_ProceedsFromRepaymentsOfAccountsReceivableSecuritization' xlink:label='loc_ProceedsFromRepaymentsOfAccountsReceivableSecuritization' xlink:type='locator' />
    <link:loc xlink:href='../elts/us-gaap-2025.xsd#us-gaap_ProceedsFromAccountsReceivableSecuritization' xlink:label='loc_ProceedsFromAccountsReceivableSecuritization' xlink:type='locator' />
    <link:loc xlink:href='../elts/us-gaap-2025.xsd#us-gaap_RepaymentsOfAccountsReceivableSecuritization' xlink:label='loc_RepaymentsOfAccountsReceivableSecuritization' xlink:type='locator' />
    <link:loc xlink:href='../elts/us-gaap-2025.xsd#us-gaap_ProceedsFromRepaymentsOfDebtMaturingInMoreThanThreeMonths' xlink:label='loc_ProceedsFromRepaymentsOfDebtMaturingInMoreThanThreeMonths' xlink:type='locator' />
    <link:loc xlink:href='../elts/us-gaap-2025.xsd#us-gaap_ProceedsFromDebtMaturingInMoreThanThreeMonths' xlink:label='loc_ProceedsFromDebtMaturingInMoreThanThreeMonths' xlink:type='locator' />
    <link:loc xlink:href='../elts/us-gaap-2025.xsd#us-gaap_RepaymentsOfDebtMaturingInMoreThanThreeMonths' xlink:label='loc_RepaymentsOfDebtMaturingInMoreThanThreeMonths' xlink:type='locator' />
    <link:loc xlink:href='../elts/us-gaap-2025.xsd#us-gaap_ProceedsFromSaleAndMaturityOfTradingSecuritiesHeldforinvestment' xlink:label='loc_ProceedsFromSaleAndMaturityOfTradingSecuritiesHeldforinvestment' xlink:type='locator' />
    <link:loc xlink:href='../elts/us-gaap-2025.xsd#us-gaap_ProceedsFromSaleOfTradingSecuritiesHeldforinvestment' xlink:label='loc_ProceedsFromSaleOfTradingSecuritiesHeldforinvestment' xlink:type='locator' />
    <link:loc xlink:href='../elts/us-gaap-2025.xsd#us-gaap_ProceedsFromMaturitiesRepaymentsAndCallsOfTradingSecuritiesHeldforinvestment' xlink:label='loc_ProceedsFromMaturitiesRepaymentsAndCallsOfTradingSecuritiesHeldforinvestment' xlink:type='locator' />
    <link:loc xlink:href='../elts/us-gaap-2025.xsd#us-gaap_NoncashOrPartNoncashAcquisitionNetNonmonetaryAssetsAcquiredLiabilitiesAssumed1' xlink:label='loc_NoncashOrPartNoncashAcquisitionNetNonmonetaryAssetsAcquiredLiabilitiesAssumed1' xlink:type='locator' />
    <link:loc xlink:href='../elts/us-gaap-2025.xsd#us-gaap_NoncashOrPartNoncashAcquisitionValueOfAssetsAcquired1' xlink:label='loc_NoncashOrPartNoncashAcquisitionValueOfAssetsAcquired1' xlink:type='locator' />
    <link:loc xlink:href='../elts/us-gaap-2025.xsd#us-gaap_NoncashOrPartNoncashAcquisitionAccountsReceivableAcquired1' xlink:label='loc_NoncashOrPartNoncashAcquisitionAccountsReceivableAcquired1' xlink:type='locator' />
    <link:loc xlink:href='../elts/us-gaap-2025.xsd#us-gaap_NoncashOrPartNoncashAcquisitionFixedAssetsAcquired1' xlink:label='loc_NoncashOrPartNoncashAcquisitionFixedAssetsAcquired1' xlink:type='locator' />
    <link:loc xlink:href='../elts/us-gaap-2025.xsd#us-gaap_NoncashOrPartNoncashAcquisitionIntangibleAssetsAcquired1' xlink:label='loc_NoncashOrPartNoncashAcquisitionIntangibleAssetsAcquired1' xlink:type='locator' />
    <link:loc xlink:href='../elts/us-gaap-2025.xsd#us-gaap_NoncashOrPartNoncashAcquisitionInventoryAcquired1' xlink:label='loc_NoncashOrPartNoncashAcquisitionInventoryAcquired1' xlink:type='locator' />
    <link:loc xlink:href='../elts/us-gaap-2025.xsd#us-gaap_NoncashOrPartNoncashAcquisitionInvestmentsAcquired1' xlink:label='loc_NoncashOrPartNoncashAcquisitionInvestmentsAcquired1' xlink:type='locator' />
    <link:loc xlink:href='../elts/us-gaap-2025.xsd#us-gaap_NoncashOrPartNoncashAcquisitionOtherAssetsAcquired1' xlink:label='loc_NoncashOrPartNoncashAcquisitionOtherAssetsAcquired1' xlink:type='locator' />
    <link:loc xlink:href='../elts/us-gaap-2025.xsd#us-gaap_NoncashOrPartNoncashAcquisitionValueOfLiabilitiesAssumed1' xlink:label='loc_NoncashOrPartNoncashAcquisitionValueOfLiabilitiesAssumed1' xlink:type='locator' />
    <link:loc xlink:href='../elts/us-gaap-2025.xsd#us-gaap_NoncashOrPartNoncashAcquisitionDebtAssumed1' xlink:label='loc_NoncashOrPartNoncashAcquisitionDebtAssumed1' xlink:type='locator' />
    <link:loc xlink:href='../elts/us-gaap-2025.xsd#us-gaap_NoncashOrPartNoncashAcquisitionEmployeeBenefitLiabilitiesAssumed1' xlink:label='loc_NoncashOrPartNoncashAcquisitionEmployeeBenefitLiabilitiesAssumed1' xlink:type='locator' />
    <link:loc xlink:href='../elts/us-gaap-2025.xsd#us-gaap_NoncashOrPartNoncashAcquisitionOtherLiabilitiesAssumed1' xlink:label='loc_NoncashOrPartNoncashAcquisitionOtherLiabilitiesAssumed1' xlink:type='locator' />
    <link:loc xlink:href='../elts/us-gaap-2025.xsd#us-gaap_NoncashOrPartNoncashAcquisitionPayablesAssumed1' xlink:label='loc_NoncashOrPartNoncashAcquisitionPayablesAssumed1' xlink:type='locator' />
    <link:loc xlink:href='../elts/us-gaap-2025.xsd#us-gaap_PaymentsForProceedsFromLoansReceivable' xlink:label='loc_PaymentsForProceedsFromLoansReceivable' xlink:type='locator' />
    <link:loc xlink:href='../elts/us-gaap-2025.xsd#us-gaap_PaymentsToAcquireLoansReceivable' xlink:label='loc_PaymentsToAcquireLoansReceivable' xlink:type='locator' />
    <link:loc xlink:href='../elts/us-gaap-2025.xsd#us-gaap_ProceedsFromSaleOfLoansReceivable' xlink:label='loc_ProceedsFromSaleOfLoansReceivable' xlink:type='locator' />
    <link:loc xlink:href='../elts/us-gaap-2025.xsd#us-gaap_ProceedsFromCollectionOfLoansReceivable' xlink:label='loc_ProceedsFromCollectionOfLoansReceivable' xlink:type='locator' />
    <link:loc xlink:href='../elts/us-gaap-2025.xsd#us-gaap_PaymentsForProceedsFromPolicyLoans' xlink:label='loc_PaymentsForProceedsFromPolicyLoans' xlink:type='locator' />
    <link:loc xlink:href='../elts/us-gaap-2025.xsd#us-gaap_PaymentsToFundPolicyLoans' xlink:label='loc_PaymentsToFundPolicyLoans' xlink:type='locator' />
    <link:loc xlink:href='../elts/us-gaap-2025.xsd#us-gaap_ProceedsFromCollectionOfPolicyLoans' xlink:label='loc_ProceedsFromCollectionOfPolicyLoans' xlink:type='locator' />
    <link:loc xlink:href='../elts/us-gaap-2025.xsd#us-gaap_ProceedsFromRepaymentsOfShortTermDebt' xlink:label='loc_ProceedsFromRepaymentsOfShortTermDebt' xlink:type='locator' />
    <link:loc xlink:href='../elts/us-gaap-2025.xsd#us-gaap_ProceedsFromRepaymentsOfShortTermDebtMaturingInMoreThanThreeMonths' xlink:label='loc_ProceedsFromRepaymentsOfShortTermDebtMaturingInMoreThanThreeMonths' xlink:type='locator' />
    <link:loc xlink:href='../elts/us-gaap-2025.xsd#us-gaap_ProceedsFromShortTermDebtMaturingInMoreThanThreeMonths' xlink:label='loc_ProceedsFromShortTermDebtMaturingInMoreThanThreeMonths' xlink:type='locator' />
    <link:loc xlink:href='../elts/us-gaap-2025.xsd#us-gaap_RepaymentsOfShortTermDebtMaturingInMoreThanThreeMonths' xlink:label='loc_RepaymentsOfShortTermDebtMaturingInMoreThanThreeMonths' xlink:type='locator' />
    <link:loc xlink:href='../elts/us-gaap-2025.xsd#us-gaap_ProceedsFromRepaymentsOfShortTermDebtMaturingInThreeMonthsOrLess' xlink:label='loc_ProceedsFromRepaymentsOfShortTermDebtMaturingInThreeMonthsOrLess' xlink:type='locator' />
    <link:loc xlink:href='../elts/us-gaap-2025.xsd#us-gaap_ProceedsFromShortTermDebtMaturingInThreeMonthsOrLess' xlink:label='loc_ProceedsFromShortTermDebtMaturingInThreeMonthsOrLess' xlink:type='locator' />
    <link:loc xlink:href='../elts/us-gaap-2025.xsd#us-gaap_RepaymentsOfShortTermDebtMaturingInThreeMonthsOrLess' xlink:label='loc_RepaymentsOfShortTermDebtMaturingInThreeMonthsOrLess' xlink:type='locator' />
    <link:loc xlink:href='../elts/us-gaap-2025.xsd#us-gaap_ProceedsFromRepaymentsOfLongTermDebtAndCapitalSecurities' xlink:label='loc_ProceedsFromRepaymentsOfLongTermDebtAndCapitalSecurities' xlink:type='locator' />
    <link:loc xlink:href='../elts/us-gaap-2025.xsd#us-gaap_ProceedsFromRepaymentsOfFirstMortgageBond' xlink:label='loc_ProceedsFromRepaymentsOfFirstMortgageBond' xlink:type='locator' />
    <link:loc xlink:href='../elts/us-gaap-2025.xsd#us-gaap_ProceedsFromRepaymentsOfSecuredDebt' xlink:label='loc_ProceedsFromRepaymentsOfSecuredDebt' xlink:type='locator' />
    <link:loc xlink:href='../elts/us-gaap-2025.xsd#us-gaap_ProceedsFromRepaymentsOfNotesPayable' xlink:label='loc_ProceedsFromRepaymentsOfNotesPayable' xlink:type='locator' />
    <link:loc xlink:href='../elts/us-gaap-2025.xsd#us-gaap_ProceedsFromRepaymentsOfPollutionControlBond' xlink:label='loc_ProceedsFromRepaymentsOfPollutionControlBond' xlink:type='locator' />
    <link:loc xlink:href='../elts/us-gaap-2025.xsd#us-gaap_ProceedsFromRepaymentsOfRelatedPartyDebt' xlink:label='loc_ProceedsFromRepaymentsOfRelatedPartyDebt' xlink:type='locator' />
    <link:loc xlink:href='../elts/us-gaap-2025.xsd#us-gaap_ProceedsFromRepaymentsOfOtherLongTermDebt' xlink:label='loc_ProceedsFromRepaymentsOfOtherLongTermDebt' xlink:type='locator' />
    <link:loc xlink:href='../elts/us-gaap-2025.xsd#us-gaap_IncreaseDecreaseInDeposits' xlink:label='loc_IncreaseDecreaseInDeposits' xlink:type='locator' />
    <link:loc xlink:href='../elts/us-gaap-2025.xsd#us-gaap_NetChangeInterestAndNoninterestBearingDepositsDomestic' xlink:label='loc_NetChangeInterestAndNoninterestBearingDepositsDomestic' xlink:type='locator' />
    <link:loc xlink:href='../elts/us-gaap-2025.xsd#us-gaap_NetChangeInterestBearingDepositsDomestic' xlink:label='loc_NetChangeInterestBearingDepositsDomestic' xlink:type='locator' />
    <link:loc xlink:href='../elts/us-gaap-2025.xsd#us-gaap_NetChangeNoninterestBearingDepositsDomestic' xlink:label='loc_NetChangeNoninterestBearingDepositsDomestic' xlink:type='locator' />
    <link:loc xlink:href='../elts/us-gaap-2025.xsd#us-gaap_NetChangeInterestAndNoninterestBearingDepositsForeign' xlink:label='loc_NetChangeInterestAndNoninterestBearingDepositsForeign' xlink:type='locator' />
    <link:loc xlink:href='../elts/us-gaap-2025.xsd#us-gaap_NetChangeInterestBearingDepositsForeign' xlink:label='loc_NetChangeInterestBearingDepositsForeign' xlink:type='locator' />
    <link:loc xlink:href='../elts/us-gaap-2025.xsd#us-gaap_NetChangeNoninterestBearingDepositsForeign' xlink:label='loc_NetChangeNoninterestBearingDepositsForeign' xlink:type='locator' />
    <link:loc xlink:href='../elts/us-gaap-2025.xsd#us-gaap_PaymentsForProceedsFromDelayedTaxExemptExchange' xlink:label='loc_PaymentsForProceedsFromDelayedTaxExemptExchange' xlink:type='locator' />
    <link:loc xlink:href='../elts/us-gaap-2025.xsd#us-gaap_PaymentsForDelayedTaxExemptExchange' xlink:label='loc_PaymentsForDelayedTaxExemptExchange' xlink:type='locator' />
    <link:loc xlink:href='../elts/us-gaap-2025.xsd#us-gaap_ProceedsFromDelayedTaxExemptExchange' xlink:label='loc_ProceedsFromDelayedTaxExemptExchange' xlink:type='locator' />
    <link:loc xlink:href='../elts/us-gaap-2025.xsd#us-gaap_RepaymentsOfDebtAndCapitalLeaseObligations' xlink:label='loc_RepaymentsOfDebtAndCapitalLeaseObligations' xlink:type='locator' />
    <link:loc xlink:href='../elts/us-gaap-2025.xsd#us-gaap_RepaymentsOfDebt' xlink:label='loc_RepaymentsOfDebt' xlink:type='locator' />
    <link:loc xlink:href='../elts/us-gaap-2025.xsd#us-gaap_FinanceLeasePrincipalPayments' xlink:label='loc_FinanceLeasePrincipalPayments' xlink:type='locator' />
    <link:loc xlink:href='../elts/us-gaap-2025.xsd#us-gaap_CashIncludingDiscontinuedOperations' xlink:label='loc_CashIncludingDiscontinuedOperations' xlink:type='locator' />
    <link:loc xlink:href='../elts/us-gaap-2025.xsd#us-gaap_Cash' xlink:label='loc_Cash' xlink:type='locator' />
    <link:loc xlink:href='../elts/us-gaap-2025.xsd#us-gaap_CashHeldInForeignCurrency' xlink:label='loc_CashHeldInForeignCurrency' xlink:type='locator' />
    <link:loc xlink:href='../elts/us-gaap-2025.xsd#us-gaap_CashNotHeldInForeignCurrency' xlink:label='loc_CashNotHeldInForeignCurrency' xlink:type='locator' />
    <link:loc xlink:href='../elts/us-gaap-2025.xsd#us-gaap_IncreaseDecreaseInDueFromRelatedPartiesCurrent' xlink:label='loc_IncreaseDecreaseInDueFromRelatedPartiesCurrent' xlink:type='locator' />
    <link:loc xlink:href='../elts/us-gaap-2025.xsd#us-gaap_IncreaseDecreaseInAccountsReceivableRelatedParties' xlink:label='loc_IncreaseDecreaseInAccountsReceivableRelatedParties' xlink:type='locator' />
    <link:loc xlink:href='../elts/us-gaap-2025.xsd#us-gaap_IncreaseDecreaseInNotesReceivableRelatedPartiesCurrent' xlink:label='loc_IncreaseDecreaseInNotesReceivableRelatedPartiesCurrent' xlink:type='locator' />
    <link:loc xlink:href='../elts/us-gaap-2025.xsd#us-gaap_IncreaseDecreaseInDueFromEmployeeCurrent' xlink:label='loc_IncreaseDecreaseInDueFromEmployeeCurrent' xlink:type='locator' />
    <link:loc xlink:href='../elts/us-gaap-2025.xsd#us-gaap_IncreaseDecreaseInDueFromOfficersAndStockholdersCurrent' xlink:label='loc_IncreaseDecreaseInDueFromOfficersAndStockholdersCurrent' xlink:type='locator' />
    <link:loc xlink:href='../elts/us-gaap-2025.xsd#us-gaap_IncreaseDecreaseInDueFromAffiliatesCurrent' xlink:label='loc_IncreaseDecreaseInDueFromAffiliatesCurrent' xlink:type='locator' />
    <link:loc xlink:href='../elts/us-gaap-2025.xsd#us-gaap_IncreaseDecreaseInDueFromOtherRelatedPartiesCurrent' xlink:label='loc_IncreaseDecreaseInDueFromOtherRelatedPartiesCurrent' xlink:type='locator' />
    <link:loc xlink:href='../elts/us-gaap-2025.xsd#us-gaap_PaymentsForProceedsFromRealEstateHeldforinvestment' xlink:label='loc_PaymentsForProceedsFromRealEstateHeldforinvestment' xlink:type='locator' />
    <link:loc xlink:href='../elts/us-gaap-2025.xsd#us-gaap_PaymentsToAcquireRealEstateHeldForInvestment' xlink:label='loc_PaymentsToAcquireRealEstateHeldForInvestment' xlink:type='locator' />
    <link:loc xlink:href='../elts/us-gaap-2025.xsd#us-gaap_ProceedsFromSaleOfRealEstateHeldforinvestment' xlink:label='loc_ProceedsFromSaleOfRealEstateHeldforinvestment' xlink:type='locator' />
    <link:loc xlink:href='../elts/us-gaap-2025.xsd#us-gaap_IncreaseDecreaseInDueToRelatedParties' xlink:label='loc_IncreaseDecreaseInDueToRelatedParties' xlink:type='locator' />
    <link:loc xlink:href='../elts/us-gaap-2025.xsd#us-gaap_IncreaseDecreaseInAccountsPayableRelatedParties' xlink:label='loc_IncreaseDecreaseInAccountsPayableRelatedParties' xlink:type='locator' />
    <link:loc xlink:href='../elts/us-gaap-2025.xsd#us-gaap_IncreaseDecreaseInNotesPayableRelatedParties' xlink:label='loc_IncreaseDecreaseInNotesPayableRelatedParties' xlink:type='locator' />
    <link:loc xlink:href='../elts/us-gaap-2025.xsd#us-gaap_IncreaseDecreaseInDueToOfficersAndStockholders' xlink:label='loc_IncreaseDecreaseInDueToOfficersAndStockholders' xlink:type='locator' />
    <link:loc xlink:href='../elts/us-gaap-2025.xsd#us-gaap_IncreaseDecreaseInDueToEmployeesCurrent' xlink:label='loc_IncreaseDecreaseInDueToEmployeesCurrent' xlink:type='locator' />
    <link:loc xlink:href='../elts/us-gaap-2025.xsd#us-gaap_IncreaseDecreaseInDueToAffiliates' xlink:label='loc_IncreaseDecreaseInDueToAffiliates' xlink:type='locator' />
    <link:loc xlink:href='../elts/us-gaap-2025.xsd#us-gaap_IncreaseDecreaseInDueToOtherRelatedParties' xlink:label='loc_IncreaseDecreaseInDueToOtherRelatedParties' xlink:type='locator' />
    <link:loc xlink:href='../elts/us-gaap-2025.xsd#us-gaap_PaymentsForProceedsFromLimitedPartnership' xlink:label='loc_PaymentsForProceedsFromLimitedPartnership' xlink:type='locator' />
    <link:loc xlink:href='../elts/us-gaap-2025.xsd#us-gaap_ProceedsFromLimitedPartnershipInvestments' xlink:label='loc_ProceedsFromLimitedPartnershipInvestments' xlink:type='locator' />
    <link:loc xlink:href='../elts/us-gaap-2025.xsd#us-gaap_PaymentsToAcquireLimitedPartnershipInterests' xlink:label='loc_PaymentsToAcquireLimitedPartnershipInterests' xlink:type='locator' />
    <link:loc xlink:href='../elts/us-gaap-2025.xsd#us-gaap_IncreaseDecreaseInIncomeTaxes' xlink:label='loc_IncreaseDecreaseInIncomeTaxes' xlink:type='locator' />
    <link:loc xlink:href='../elts/us-gaap-2025.xsd#us-gaap_IncreaseDecreaseInAccruedIncomeTaxesPayable' xlink:label='loc_IncreaseDecreaseInAccruedIncomeTaxesPayable' xlink:type='locator' />
    <link:loc xlink:href='../elts/us-gaap-2025.xsd#us-gaap_CashDividendsPaidToParentCompany' xlink:label='loc_CashDividendsPaidToParentCompany' xlink:type='locator' />
    <link:loc xlink:href='../elts/us-gaap-2025.xsd#us-gaap_CashDividendsPaidToParentCompanyByConsolidatedSubsidiaries' xlink:label='loc_CashDividendsPaidToParentCompanyByConsolidatedSubsidiaries' xlink:type='locator' />
    <link:loc xlink:href='../elts/us-gaap-2025.xsd#us-gaap_CashDividendsPaidToParentCompanyByUnconsolidatedSubsidiaries' xlink:label='loc_CashDividendsPaidToParentCompanyByUnconsolidatedSubsidiaries' xlink:type='locator' />
    <link:loc xlink:href='../elts/us-gaap-2025.xsd#us-gaap_CashDividendsPaidToParentCompanyBy50PercentOrLessOwnedPersons' xlink:label='loc_CashDividendsPaidToParentCompanyBy50PercentOrLessOwnedPersons' xlink:type='locator' />
    <link:loc xlink:href='../elts/us-gaap-2025.xsd#us-gaap_CashCashEquivalentsRestrictedCashAndRestrictedCashEquivalentsIncludingDisposalGroupAndDiscontinuedOperations' xlink:label='loc_CashCashEquivalentsRestrictedCashAndRestrictedCashEquivalentsIncludingDisposalGroupAndDiscontinuedOperations' xlink:type='locator' />
    <link:loc xlink:href='../elts/us-gaap-2025.xsd#us-gaap_CashCashEquivalentsRestrictedCashAndRestrictedCashEquivalentsDisposalGroupIncludingDiscontinuedOperations' xlink:label='loc_CashCashEquivalentsRestrictedCashAndRestrictedCashEquivalentsDisposalGroupIncludingDiscontinuedOperations' xlink:type='locator' />
    <link:loc xlink:href='../elts/us-gaap-2025.xsd#us-gaap_CashCashEquivalentsRestrictedCashAndRestrictedCashEquivalentsPeriodIncreaseDecreaseExcludingExchangeRateEffect' xlink:label='loc_CashCashEquivalentsRestrictedCashAndRestrictedCashEquivalentsPeriodIncreaseDecreaseExcludingExchangeRateEffect' xlink:type='locator' />
    <link:loc xlink:href='../elts/us-gaap-2025.xsd#us-gaap_NetCashProvidedByUsedInContinuingOperations' xlink:label='loc_NetCashProvidedByUsedInContinuingOperations' xlink:type='locator' />
    <link:loc xlink:href='../elts/us-gaap-2025.xsd#us-gaap_NetCashProvidedByUsedInOperatingActivitiesContinuingOperations' xlink:label='loc_NetCashProvidedByUsedInOperatingActivitiesContinuingOperations' xlink:type='locator' />
    <link:loc xlink:href='../elts/us-gaap-2025.xsd#us-gaap_NetCashProvidedByUsedInInvestingActivitiesContinuingOperations' xlink:label='loc_NetCashProvidedByUsedInInvestingActivitiesContinuingOperations' xlink:type='locator' />
    <link:loc xlink:href='../elts/us-gaap-2025.xsd#us-gaap_NetCashProvidedByUsedInFinancingActivitiesContinuingOperations' xlink:label='loc_NetCashProvidedByUsedInFinancingActivitiesContinuingOperations' xlink:type='locator' />
    <link:loc xlink:href='../elts/us-gaap-2025.xsd#us-gaap_NetCashProvidedByUsedInDiscontinuedOperations' xlink:label='loc_NetCashProvidedByUsedInDiscontinuedOperations' xlink:type='locator' />
    <link:loc xlink:href='../elts/us-gaap-2025.xsd#us-gaap_CashProvidedByUsedInOperatingActivitiesDiscontinuedOperations' xlink:label='loc_CashProvidedByUsedInOperatingActivitiesDiscontinuedOperations' xlink:type='locator' />
    <link:loc xlink:href='../elts/us-gaap-2025.xsd#us-gaap_CashProvidedByUsedInInvestingActivitiesDiscontinuedOperations' xlink:label='loc_CashProvidedByUsedInInvestingActivitiesDiscontinuedOperations' xlink:type='locator' />
    <link:loc xlink:href='../elts/us-gaap-2025.xsd#us-gaap_CashProvidedByUsedInFinancingActivitiesDiscontinuedOperations' xlink:label='loc_CashProvidedByUsedInFinancingActivitiesDiscontinuedOperations' xlink:type='locator' />
    <link:loc xlink:href='../elts/us-gaap-2025.xsd#us-gaap_CashCashEquivalentsRestrictedCashAndRestrictedCashEquivalentsPeriodIncreaseDecreaseIncludingExchangeRateEffect' xlink:label='loc_CashCashEquivalentsRestrictedCashAndRestrictedCashEquivalentsPeriodIncreaseDecreaseIncludingExchangeRateEffect' xlink:type='locator' />
    <link:loc xlink:href='../elts/us-gaap-2025.xsd#us-gaap_CashCashEquivalentsRestrictedCashAndRestrictedCashEquivalentsPeriodIncreaseDecreaseIncludingExchangeRateEffectContinuingOperations' xlink:label='loc_CashCashEquivalentsRestrictedCashAndRestrictedCashEquivalentsPeriodIncreaseDecreaseIncludingExchangeRateEffectContinuingOperations' xlink:type='locator' />
    <link:loc xlink:href='../elts/us-gaap-2025.xsd#us-gaap_CashCashEquivalentsRestrictedCashAndRestrictedCashEquivalentsPeriodIncreaseDecreaseIncludingExchangeRateEffectDisposalGroupIncludingDiscontinuedOperations' xlink:label='loc_CashCashEquivalentsRestrictedCashAndRestrictedCashEquivalentsPeriodIncreaseDecreaseIncludingExchangeRateEffectDisposalGroupIncludingDiscontinuedOperations' xlink:type='locator' />
    <link:calculationArc order='10' weight='1.0' xlink:arcrole='https://xbrl.org/2023/arcrole/summation-item' xlink:from='loc_CashAndCashEquivalentsAtCarryingValueIncludingDiscontinuedOperations' xlink:to='loc_CashAndCashEquivalentsAtCarryingValue' xlink:type='arc' />
    <link:calculationArc order='20' weight='1.0' xlink:arcrole='https://xbrl.org/2023/arcrole/summation-item' xlink:from='loc_CashAndCashEquivalentsAtCarryingValueIncludingDiscontinuedOperations' xlink:to='loc_DisposalGroupIncludingDiscontinuedOperationCashAndCashEquivalents' xlink:type='arc' />
    <link:calculationArc order='10' weight='1.0' xlink:arcrole='https://xbrl.org/2023/arcrole/summation-item' xlink:from='loc_DisposalGroupIncludingDiscontinuedOperationCashAndCashEquivalents' xlink:to='loc_DisposalGroupIncludingDiscontinuedOperationCash' xlink:type='arc' />
    <link:calculationArc order='10' weight='1.0' xlink:arcrole='https://xbrl.org/2023/arcrole/summation-item' xlink:from='loc_IncomeTaxesPaidNet' xlink:to='loc_IncomeTaxesPaid' xlink:type='arc' />
    <link:calculationArc order='10' weight='1.0' xlink:arcrole='https://xbrl.org/2023/arcrole/summation-item' xlink:from='loc_IncomeTaxesPaid' xlink:to='loc_IncomeTaxPaidFederalBeforeRefundReceived' xlink:type='arc' />
    <link:calculationArc order='20' weight='1.0' xlink:arcrole='https://xbrl.org/2023/arcrole/summation-item' xlink:from='loc_IncomeTaxesPaid' xlink:to='loc_IncomeTaxPaidStateAndLocalBeforeRefundReceived' xlink:type='arc' />
    <link:calculationArc order='30' weight='1.0' xlink:arcrole='https://xbrl.org/2023/arcrole/summation-item' xlink:from='loc_IncomeTaxesPaid' xlink:to='loc_IncomeTaxPaidForeignBeforeRefundReceived' xlink:type='arc' />
    <link:calculationArc order='20' weight='-1.0' xlink:arcrole='https://xbrl.org/2023/arcrole/summation-item' xlink:from='loc_IncomeTaxesPaidNet' xlink:to='loc_ProceedsFromIncomeTaxRefunds' xlink:type='arc' />
    <link:calculationArc order='10' weight='1.0' xlink:arcrole='https://xbrl.org/2023/arcrole/summation-item' xlink:from='loc_ProceedsFromIncomeTaxRefunds' xlink:to='loc_ProceedsFromIncomeTaxRefundFederal' xlink:type='arc' />
    <link:calculationArc order='20' weight='1.0' xlink:arcrole='https://xbrl.org/2023/arcrole/summation-item' xlink:from='loc_ProceedsFromIncomeTaxRefunds' xlink:to='loc_ProceedsFromIncomeTaxRefundStateAndLocal' xlink:type='arc' />
    <link:calculationArc order='30' weight='1.0' xlink:arcrole='https://xbrl.org/2023/arcrole/summation-item' xlink:from='loc_ProceedsFromIncomeTaxRefunds' xlink:to='loc_ProceedsFromIncomeTaxRefundForeign' xlink:type='arc' />
    <link:calculationArc order='10' weight='1.0' xlink:arcrole='https://xbrl.org/2023/arcrole/summation-item' xlink:from='loc_PaymentsForProceedsFromLongtermInvestments' xlink:to='loc_PaymentsToAcquireLongtermInvestments' xlink:type='arc' />
    <link:calculationArc order='20' weight='-1.0' xlink:arcrole='https://xbrl.org/2023/arcrole/summation-item' xlink:from='loc_PaymentsForProceedsFromLongtermInvestments' xlink:to='loc_ProceedsFromSaleMaturityAndCollectionOfLongtermInvestments' xlink:type='arc' />
    <link:calculationArc order='10' weight='1.0' xlink:arcrole='https://xbrl.org/2023/arcrole/summation-item' xlink:from='loc_ProceedsFromSaleMaturityAndCollectionOfLongtermInvestments' xlink:to='loc_ProceedsFromSaleOfLongtermInvestments' xlink:type='arc' />
    <link:calculationArc order='20' weight='1.0' xlink:arcrole='https://xbrl.org/2023/arcrole/summation-item' xlink:from='loc_ProceedsFromSaleMaturityAndCollectionOfLongtermInvestments' xlink:to='loc_ProceedsFromMaturitiesPrepaymentsAndCallsOfLongtermInvestments' xlink:type='arc' />
    <link:calculationArc order='10' weight='1.0' xlink:arcrole='https://xbrl.org/2023/arcrole/summation-item' xlink:from='loc_PaymentsForProceedsFromShortTermInvestments' xlink:to='loc_PaymentsToAcquireShortTermInvestments' xlink:type='arc' />
    <link:calculationArc order='20' weight='-1.0' xlink:arcrole='https://xbrl.org/2023/arcrole/summation-item' xlink:from='loc_PaymentsForProceedsFromShortTermInvestments' xlink:to='loc_ProceedsFromSaleMaturityAndCollectionOfShorttermInvestments' xlink:type='arc' />
    <link:calculationArc order='10' weight='1.0' xlink:arcrole='https://xbrl.org/2023/arcrole/summation-item' xlink:from='loc_ProceedsFromSaleMaturityAndCollectionOfShorttermInvestments' xlink:to='loc_ProceedsFromSaleOfShortTermInvestments' xlink:type='arc' />
    <link:calculationArc order='20' weight='1.0' xlink:arcrole='https://xbrl.org/2023/arcrole/summation-item' xlink:from='loc_ProceedsFromSaleMaturityAndCollectionOfShorttermInvestments' xlink:to='loc_ProceedsFromMaturitiesPrepaymentsAndCallsOfShorttermInvestments' xlink:type='arc' />
    <link:calculationArc order='10' weight='1.0' xlink:arcrole='https://xbrl.org/2023/arcrole/summation-item' xlink:from='loc_ProceedsFromRepaymentsOfAccountsReceivableSecuritization' xlink:to='loc_ProceedsFromAccountsReceivableSecuritization' xlink:type='arc' />
    <link:calculationArc order='20' weight='-1.0' xlink:arcrole='https://xbrl.org/2023/arcrole/summation-item' xlink:from='loc_ProceedsFromRepaymentsOfAccountsReceivableSecuritization' xlink:to='loc_RepaymentsOfAccountsReceivableSecuritization' xlink:type='arc' />
    <link:calculationArc order='10' weight='1.0' xlink:arcrole='https://xbrl.org/2023/arcrole/summation-item' xlink:from='loc_ProceedsFromRepaymentsOfDebtMaturingInMoreThanThreeMonths' xlink:to='loc_ProceedsFromDebtMaturingInMoreThanThreeMonths' xlink:type='arc' />
    <link:calculationArc order='20' weight='-1.0' xlink:arcrole='https://xbrl.org/2023/arcrole/summation-item' xlink:from='loc_ProceedsFromRepaymentsOfDebtMaturingInMoreThanThreeMonths' xlink:to='loc_RepaymentsOfDebtMaturingInMoreThanThreeMonths' xlink:type='arc' />
    <link:calculationArc order='10' weight='1.0' xlink:arcrole='https://xbrl.org/2023/arcrole/summation-item' xlink:from='loc_ProceedsFromSaleAndMaturityOfTradingSecuritiesHeldforinvestment' xlink:to='loc_ProceedsFromSaleOfTradingSecuritiesHeldforinvestment' xlink:type='arc' />
    <link:calculationArc order='20' weight='1.0' xlink:arcrole='https://xbrl.org/2023/arcrole/summation-item' xlink:from='loc_ProceedsFromSaleAndMaturityOfTradingSecuritiesHeldforinvestment' xlink:to='loc_ProceedsFromMaturitiesRepaymentsAndCallsOfTradingSecuritiesHeldforinvestment' xlink:type='arc' />
    <link:calculationArc order='10' weight='1.0' xlink:arcrole='https://xbrl.org/2023/arcrole/summation-item' xlink:from='loc_NoncashOrPartNoncashAcquisitionNetNonmonetaryAssetsAcquiredLiabilitiesAssumed1' xlink:to='loc_NoncashOrPartNoncashAcquisitionValueOfAssetsAcquired1' xlink:type='arc' />
    <link:calculationArc order='10' weight='1.0' xlink:arcrole='https://xbrl.org/2023/arcrole/summation-item' xlink:from='loc_NoncashOrPartNoncashAcquisitionValueOfAssetsAcquired1' xlink:to='loc_NoncashOrPartNoncashAcquisitionAccountsReceivableAcquired1' xlink:type='arc' />
    <link:calculationArc order='20' weight='1.0' xlink:arcrole='https://xbrl.org/2023/arcrole/summation-item' xlink:from='loc_NoncashOrPartNoncashAcquisitionValueOfAssetsAcquired1' xlink:to='loc_NoncashOrPartNoncashAcquisitionFixedAssetsAcquired1' xlink:type='arc' />
    <link:calculationArc order='30' weight='1.0' xlink:arcrole='https://xbrl.org/2023/arcrole/summation-item' xlink:from='loc_NoncashOrPartNoncashAcquisitionValueOfAssetsAcquired1' xlink:to='loc_NoncashOrPartNoncashAcquisitionIntangibleAssetsAcquired1' xlink:type='arc' />
    <link:calculationArc order='40' weight='1.0' xlink:arcrole='https://xbrl.org/2023/arcrole/summation-item' xlink:from='loc_NoncashOrPartNoncashAcquisitionValueOfAssetsAcquired1' xlink:to='loc_NoncashOrPartNoncashAcquisitionInventoryAcquired1' xlink:type='arc' />
    <link:calculationArc order='50' weight='1.0' xlink:arcrole='https://xbrl.org/2023/arcrole/summation-item' xlink:from='loc_NoncashOrPartNoncashAcquisitionValueOfAssetsAcquired1' xlink:to='loc_NoncashOrPartNoncashAcquisitionInvestmentsAcquired1' xlink:type='arc' />
    <link:calculationArc order='60' weight='1.0' xlink:arcrole='https://xbrl.org/2023/arcrole/summation-item' xlink:from='loc_NoncashOrPartNoncashAcquisitionValueOfAssetsAcquired1' xlink:to='loc_NoncashOrPartNoncashAcquisitionOtherAssetsAcquired1' xlink:type='arc' />
    <link:calculationArc order='20' weight='-1.0' xlink:arcrole='https://xbrl.org/2023/arcrole/summation-item' xlink:from='loc_NoncashOrPartNoncashAcquisitionNetNonmonetaryAssetsAcquiredLiabilitiesAssumed1' xlink:to='loc_NoncashOrPartNoncashAcquisitionValueOfLiabilitiesAssumed1' xlink:type='arc' />
    <link:calculationArc order='10' weight='1.0' xlink:arcrole='https://xbrl.org/2023/arcrole/summation-item' xlink:from='loc_NoncashOrPartNoncashAcquisitionValueOfLiabilitiesAssumed1' xlink:to='loc_NoncashOrPartNoncashAcquisitionDebtAssumed1' xlink:type='arc' />
    <link:calculationArc order='20' weight='1.0' xlink:arcrole='https://xbrl.org/2023/arcrole/summation-item' xlink:from='loc_NoncashOrPartNoncashAcquisitionValueOfLiabilitiesAssumed1' xlink:to='loc_NoncashOrPartNoncashAcquisitionEmployeeBenefitLiabilitiesAssumed1' xlink:type='arc' />
    <link:calculationArc order='30' weight='1.0' xlink:arcrole='https://xbrl.org/2023/arcrole/summation-item' xlink:from='loc_NoncashOrPartNoncashAcquisitionValueOfLiabilitiesAssumed1' xlink:to='loc_NoncashOrPartNoncashAcquisitionOtherLiabilitiesAssumed1' xlink:type='arc' />
    <link:calculationArc order='40' weight='1.0' xlink:arcrole='https://xbrl.org/2023/arcrole/summation-item' xlink:from='loc_NoncashOrPartNoncashAcquisitionValueOfLiabilitiesAssumed1' xlink:to='loc_NoncashOrPartNoncashAcquisitionPayablesAssumed1' xlink:type='arc' />
    <link:calculationArc order='10' weight='1.0' xlink:arcrole='https://xbrl.org/2023/arcrole/summation-item' xlink:from='loc_PaymentsForProceedsFromLoansReceivable' xlink:to='loc_PaymentsToAcquireLoansReceivable' xlink:type='arc' />
    <link:calculationArc order='20' weight='-1.0' xlink:arcrole='https://xbrl.org/2023/arcrole/summation-item' xlink:from='loc_PaymentsForProceedsFromLoansReceivable' xlink:to='loc_ProceedsFromSaleOfLoansReceivable' xlink:type='arc' />
    <link:calculationArc order='30' weight='-1.0' xlink:arcrole='https://xbrl.org/2023/arcrole/summation-item' xlink:from='loc_PaymentsForProceedsFromLoansReceivable' xlink:to='loc_ProceedsFromCollectionOfLoansReceivable' xlink:type='arc' />
    <link:calculationArc order='40' weight='1.0' xlink:arcrole='https://xbrl.org/2023/arcrole/summation-item' xlink:from='loc_PaymentsForProceedsFromLoansReceivable' xlink:to='loc_PaymentsForProceedsFromPolicyLoans' xlink:type='arc' />
    <link:calculationArc order='10' weight='1.0' xlink:arcrole='https://xbrl.org/2023/arcrole/summation-item' xlink:from='loc_PaymentsForProceedsFromPolicyLoans' xlink:to='loc_PaymentsToFundPolicyLoans' xlink:type='arc' />
    <link:calculationArc order='20' weight='-1.0' xlink:arcrole='https://xbrl.org/2023/arcrole/summation-item' xlink:from='loc_PaymentsForProceedsFromPolicyLoans' xlink:to='loc_ProceedsFromCollectionOfPolicyLoans' xlink:type='arc' />
    <link:calculationArc order='10' weight='1.0' xlink:arcrole='https://xbrl.org/2023/arcrole/summation-item' xlink:from='loc_ProceedsFromRepaymentsOfShortTermDebt' xlink:to='loc_ProceedsFromRepaymentsOfShortTermDebtMaturingInMoreThanThreeMonths' xlink:type='arc' />
    <link:calculationArc order='10' weight='1.0' xlink:arcrole='https://xbrl.org/2023/arcrole/summation-item' xlink:from='loc_ProceedsFromRepaymentsOfShortTermDebtMaturingInMoreThanThreeMonths' xlink:to='loc_ProceedsFromShortTermDebtMaturingInMoreThanThreeMonths' xlink:type='arc' />
    <link:calculationArc order='20' weight='-1.0' xlink:arcrole='https://xbrl.org/2023/arcrole/summation-item' xlink:from='loc_ProceedsFromRepaymentsOfShortTermDebtMaturingInMoreThanThreeMonths' xlink:to='loc_RepaymentsOfShortTermDebtMaturingInMoreThanThreeMonths' xlink:type='arc' />
    <link:calculationArc order='20' weight='1.0' xlink:arcrole='https://xbrl.org/2023/arcrole/summation-item' xlink:from='loc_ProceedsFromRepaymentsOfShortTermDebt' xlink:to='loc_ProceedsFromRepaymentsOfShortTermDebtMaturingInThreeMonthsOrLess' xlink:type='arc' />
    <link:calculationArc order='10' weight='1.0' xlink:arcrole='https://xbrl.org/2023/arcrole/summation-item' xlink:from='loc_ProceedsFromRepaymentsOfShortTermDebtMaturingInThreeMonthsOrLess' xlink:to='loc_ProceedsFromShortTermDebtMaturingInThreeMonthsOrLess' xlink:type='arc' />
    <link:calculationArc order='20' weight='-1.0' xlink:arcrole='https://xbrl.org/2023/arcrole/summation-item' xlink:from='loc_ProceedsFromRepaymentsOfShortTermDebtMaturingInThreeMonthsOrLess' xlink:to='loc_RepaymentsOfShortTermDebtMaturingInThreeMonthsOrLess' xlink:type='arc' />
    <link:calculationArc order='10' weight='1.0' xlink:arcrole='https://xbrl.org/2023/arcrole/summation-item' xlink:from='loc_ProceedsFromRepaymentsOfLongTermDebtAndCapitalSecurities' xlink:to='loc_ProceedsFromRepaymentsOfFirstMortgageBond' xlink:type='arc' />
    <link:calculationArc order='20' weight='1.0' xlink:arcrole='https://xbrl.org/2023/arcrole/summation-item' xlink:from='loc_ProceedsFromRepaymentsOfLongTermDebtAndCapitalSecurities' xlink:to='loc_ProceedsFromRepaymentsOfSecuredDebt' xlink:type='arc' />
    <link:calculationArc order='30' weight='1.0' xlink:arcrole='https://xbrl.org/2023/arcrole/summation-item' xlink:from='loc_ProceedsFromRepaymentsOfLongTermDebtAndCapitalSecurities' xlink:to='loc_ProceedsFromRepaymentsOfNotesPayable' xlink:type='arc' />
    <link:calculationArc order='40' weight='1.0' xlink:arcrole='https://xbrl.org/2023/arcrole/summation-item' xlink:from='loc_ProceedsFromRepaymentsOfLongTermDebtAndCapitalSecurities' xlink:to='loc_ProceedsFromRepaymentsOfPollutionControlBond' xlink:type='arc' />
    <link:calculationArc order='50' weight='1.0' xlink:arcrole='https://xbrl.org/2023/arcrole/summation-item' xlink:from='loc_ProceedsFromRepaymentsOfLongTermDebtAndCapitalSecurities' xlink:to='loc_ProceedsFromRepaymentsOfRelatedPartyDebt' xlink:type='arc' />
    <link:calculationArc order='60' weight='1.0' xlink:arcrole='https://xbrl.org/2023/arcrole/summation-item' xlink:from='loc_ProceedsFromRepaymentsOfLongTermDebtAndCapitalSecurities' xlink:to='loc_ProceedsFromRepaymentsOfOtherLongTermDebt' xlink:type='arc' />
    <link:calculationArc order='10' weight='1.0' xlink:arcrole='https://xbrl.org/2023/arcrole/summation-item' xlink:from='loc_IncreaseDecreaseInDeposits' xlink:to='loc_NetChangeInterestAndNoninterestBearingDepositsDomestic' xlink:type='arc' />
    <link:calculationArc order='10' weight='1.0' xlink:arcrole='https://xbrl.org/2023/arcrole/summation-item' xlink:from='loc_NetChangeInterestAndNoninterestBearingDepositsDomestic' xlink:to='loc_NetChangeInterestBearingDepositsDomestic' xlink:type='arc' />
    <link:calculationArc order='20' weight='1.0' xlink:arcrole='https://xbrl.org/2023/arcrole/summation-item' xlink:from='loc_NetChangeInterestAndNoninterestBearingDepositsDomestic' xlink:to='loc_NetChangeNoninterestBearingDepositsDomestic' xlink:type='arc' />
    <link:calculationArc order='20' weight='1.0' xlink:arcrole='https://xbrl.org/2023/arcrole/summation-item' xlink:from='loc_IncreaseDecreaseInDeposits' xlink:to='loc_NetChangeInterestAndNoninterestBearingDepositsForeign' xlink:type='arc' />
    <link:calculationArc order='10' weight='1.0' xlink:arcrole='https://xbrl.org/2023/arcrole/summation-item' xlink:from='loc_NetChangeInterestAndNoninterestBearingDepositsForeign' xlink:to='loc_NetChangeInterestBearingDepositsForeign' xlink:type='arc' />
    <link:calculationArc order='20' weight='1.0' xlink:arcrole='https://xbrl.org/2023/arcrole/summation-item' xlink:from='loc_NetChangeInterestAndNoninterestBearingDepositsForeign' xlink:to='loc_NetChangeNoninterestBearingDepositsForeign' xlink:type='arc' />
    <link:calculationArc order='10' weight='1.0' xlink:arcrole='https://xbrl.org/2023/arcrole/summation-item' xlink:from='loc_PaymentsForProceedsFromDelayedTaxExemptExchange' xlink:to='loc_PaymentsForDelayedTaxExemptExchange' xlink:type='arc' />
    <link:calculationArc order='20' weight='-1.0' xlink:arcrole='https://xbrl.org/2023/arcrole/summation-item' xlink:from='loc_PaymentsForProceedsFromDelayedTaxExemptExchange' xlink:to='loc_ProceedsFromDelayedTaxExemptExchange' xlink:type='arc' />
    <link:calculationArc order='10' weight='1.0' xlink:arcrole='https://xbrl.org/2023/arcrole/summation-item' xlink:from='loc_RepaymentsOfDebtAndCapitalLeaseObligations' xlink:to='loc_RepaymentsOfDebt' xlink:type='arc' />
    <link:calculationArc order='20' weight='1.0' xlink:arcrole='https://xbrl.org/2023/arcrole/summation-item' xlink:from='loc_RepaymentsOfDebtAndCapitalLeaseObligations' xlink:to='loc_FinanceLeasePrincipalPayments' xlink:type='arc' />
    <link:calculationArc order='10' weight='1.0' xlink:arcrole='https://xbrl.org/2023/arcrole/summation-item' xlink:from='loc_CashIncludingDiscontinuedOperations' xlink:to='loc_Cash' xlink:type='arc' />
    <link:calculationArc order='10' weight='1.0' xlink:arcrole='https://xbrl.org/2023/arcrole/summation-item' xlink:from='loc_Cash' xlink:to='loc_CashHeldInForeignCurrency' xlink:type='arc' />
    <link:calculationArc order='20' weight='1.0' xlink:arcrole='https://xbrl.org/2023/arcrole/summation-item' xlink:from='loc_Cash' xlink:to='loc_CashNotHeldInForeignCurrency' xlink:type='arc' />
    <link:calculationArc order='20' weight='1.0' xlink:arcrole='https://xbrl.org/2023/arcrole/summation-item' xlink:from='loc_CashIncludingDiscontinuedOperations' xlink:to='loc_DisposalGroupIncludingDiscontinuedOperationCash' xlink:type='arc' />
    <link:calculationArc order='10' weight='1.0' xlink:arcrole='https://xbrl.org/2023/arcrole/summation-item' xlink:from='loc_IncreaseDecreaseInDueFromRelatedPartiesCurrent' xlink:to='loc_IncreaseDecreaseInAccountsReceivableRelatedParties' xlink:type='arc' />
    <link:calculationArc order='20' weight='1.0' xlink:arcrole='https://xbrl.org/2023/arcrole/summation-item' xlink:from='loc_IncreaseDecreaseInDueFromRelatedPartiesCurrent' xlink:to='loc_IncreaseDecreaseInNotesReceivableRelatedPartiesCurrent' xlink:type='arc' />
    <link:calculationArc order='30' weight='1.0' xlink:arcrole='https://xbrl.org/2023/arcrole/summation-item' xlink:from='loc_IncreaseDecreaseInDueFromRelatedPartiesCurrent' xlink:to='loc_IncreaseDecreaseInDueFromEmployeeCurrent' xlink:type='arc' />
    <link:calculationArc order='40' weight='1.0' xlink:arcrole='https://xbrl.org/2023/arcrole/summation-item' xlink:from='loc_IncreaseDecreaseInDueFromRelatedPartiesCurrent' xlink:to='loc_IncreaseDecreaseInDueFromOfficersAndStockholdersCurrent' xlink:type='arc' />
    <link:calculationArc order='50' weight='1.0' xlink:arcrole='https://xbrl.org/2023/arcrole/summation-item' xlink:from='loc_IncreaseDecreaseInDueFromRelatedPartiesCurrent' xlink:to='loc_IncreaseDecreaseInDueFromAffiliatesCurrent' xlink:type='arc' />
    <link:calculationArc order='60' weight='1.0' xlink:arcrole='https://xbrl.org/2023/arcrole/summation-item' xlink:from='loc_IncreaseDecreaseInDueFromRelatedPartiesCurrent' xlink:to='loc_IncreaseDecreaseInDueFromOtherRelatedPartiesCurrent' xlink:type='arc' />
    <link:calculationArc order='10' weight='1.0' xlink:arcrole='https://xbrl.org/2023/arcrole/summation-item' xlink:from='loc_PaymentsForProceedsFromRealEstateHeldforinvestment' xlink:to='loc_PaymentsToAcquireRealEstateHeldForInvestment' xlink:type='arc' />
    <link:calculationArc order='20' weight='-1.0' xlink:arcrole='https://xbrl.org/2023/arcrole/summation-item' xlink:from='loc_PaymentsForProceedsFromRealEstateHeldforinvestment' xlink:to='loc_ProceedsFromSaleOfRealEstateHeldforinvestment' xlink:type='arc' />
    <link:calculationArc order='10' weight='1.0' xlink:arcrole='https://xbrl.org/2023/arcrole/summation-item' xlink:from='loc_IncreaseDecreaseInDueToRelatedParties' xlink:to='loc_IncreaseDecreaseInAccountsPayableRelatedParties' xlink:type='arc' />
    <link:calculationArc order='20' weight='1.0' xlink:arcrole='https://xbrl.org/2023/arcrole/summation-item' xlink:from='loc_IncreaseDecreaseInDueToRelatedParties' xlink:to='loc_IncreaseDecreaseInNotesPayableRelatedParties' xlink:type='arc' />
    <link:calculationArc order='30' weight='1.0' xlink:arcrole='https://xbrl.org/2023/arcrole/summation-item' xlink:from='loc_IncreaseDecreaseInDueToRelatedParties' xlink:to='loc_IncreaseDecreaseInDueToOfficersAndStockholders' xlink:type='arc' />
    <link:calculationArc order='40' weight='1.0' xlink:arcrole='https://xbrl.org/2023/arcrole/summation-item' xlink:from='loc_IncreaseDecreaseInDueToRelatedParties' xlink:to='loc_IncreaseDecreaseInDueToEmployeesCurrent' xlink:type='arc' />
    <link:calculationArc order='50' weight='1.0' xlink:arcrole='https://xbrl.org/2023/arcrole/summation-item' xlink:from='loc_IncreaseDecreaseInDueToRelatedParties' xlink:to='loc_IncreaseDecreaseInDueToAffiliates' xlink:type='arc' />
    <link:calculationArc order='60' weight='1.0' xlink:arcrole='https://xbrl.org/2023/arcrole/summation-item' xlink:from='loc_IncreaseDecreaseInDueToRelatedParties' xlink:to='loc_IncreaseDecreaseInDueToOtherRelatedParties' xlink:type='arc' />
    <link:calculationArc order='10' weight='-1.0' xlink:arcrole='https://xbrl.org/2023/arcrole/summation-item' xlink:from='loc_PaymentsForProceedsFromLimitedPartnership' xlink:to='loc_ProceedsFromLimitedPartnershipInvestments' xlink:type='arc' />
    <link:calculationArc order='20' weight='1.0' xlink:arcrole='https://xbrl.org/2023/arcrole/summation-item' xlink:from='loc_PaymentsForProceedsFromLimitedPartnership' xlink:to='loc_PaymentsToAcquireLimitedPartnershipInterests' xlink:type='arc' />
    <link:calculationArc order='10' weight='1.0' xlink:arcrole='https://xbrl.org/2023/arcrole/summation-item' xlink:from='loc_IncreaseDecreaseInIncomeTaxes' xlink:to='loc_IncreaseDecreaseInAccruedIncomeTaxesPayable' xlink:type='arc' />
    <link:calculationArc order='10' weight='1.0' xlink:arcrole='https://xbrl.org/2023/arcrole/summation-item' xlink:from='loc_CashDividendsPaidToParentCompany' xlink:to='loc_CashDividendsPaidToParentCompanyByConsolidatedSubsidiaries' xlink:type='arc' />
    <link:calculationArc order='20' weight='1.0' xlink:arcrole='https://xbrl.org/2023/arcrole/summation-item' xlink:from='loc_CashDividendsPaidToParentCompany' xlink:to='loc_CashDividendsPaidToParentCompanyByUnconsolidatedSubsidiaries' xlink:type='arc' />
    <link:calculationArc order='30' weight='1.0' xlink:arcrole='https://xbrl.org/2023/arcrole/summation-item' xlink:from='loc_CashDividendsPaidToParentCompany' xlink:to='loc_CashDividendsPaidToParentCompanyBy50PercentOrLessOwnedPersons' xlink:type='arc' />
    <link:calculationArc order='10' weight='1.0' xlink:arcrole='https://xbrl.org/2023/arcrole/summation-item' xlink:from='loc_CashCashEquivalentsRestrictedCashAndRestrictedCashEquivalentsIncludingDisposalGroupAndDiscontinuedOperations' xlink:to='loc_CashAndCashEquivalentsAtCarryingValue' xlink:type='arc' />
    <link:calculationArc order='20' weight='1.0' xlink:arcrole='https://xbrl.org/2023/arcrole/summation-item' xlink:from='loc_CashCashEquivalentsRestrictedCashAndRestrictedCashEquivalentsIncludingDisposalGroupAndDiscontinuedOperations' xlink:to='loc_CashCashEquivalentsRestrictedCashAndRestrictedCashEquivalentsDisposalGroupIncludingDiscontinuedOperations' xlink:type='arc' />
    <link:calculationArc order='10' weight='1.0' xlink:arcrole='https://xbrl.org/2023/arcrole/summation-item' xlink:from='loc_CashCashEquivalentsRestrictedCashAndRestrictedCashEquivalentsPeriodIncreaseDecreaseExcludingExchangeRateEffect' xlink:to='loc_NetCashProvidedByUsedInContinuingOperations' xlink:type='arc' />
    <link:calculationArc order='10' weight='1.0' xlink:arcrole='https://xbrl.org/2023/arcrole/summation-item' xlink:from='loc_NetCashProvidedByUsedInContinuingOperations' xlink:to='loc_NetCashProvidedByUsedInOperatingActivitiesContinuingOperations' xlink:type='arc' />
    <link:calculationArc order='20' weight='1.0' xlink:arcrole='https://xbrl.org/2023/arcrole/summation-item' xlink:from='loc_NetCashProvidedByUsedInContinuingOperations' xlink:to='loc_NetCashProvidedByUsedInInvestingActivitiesContinuingOperations' xlink:type='arc' />
    <link:calculationArc order='30' weight='1.0' xlink:arcrole='https://xbrl.org/2023/arcrole/summation-item' xlink:from='loc_NetCashProvidedByUsedInContinuingOperations' xlink:to='loc_NetCashProvidedByUsedInFinancingActivitiesContinuingOperations' xlink:type='arc' />
    <link:calculationArc order='20' weight='1.0' xlink:arcrole='https://xbrl.org/2023/arcrole/summation-item' xlink:from='loc_CashCashEquivalentsRestrictedCashAndRestrictedCashEquivalentsPeriodIncreaseDecreaseExcludingExchangeRateEffect' xlink:to='loc_NetCashProvidedByUsedInDiscontinuedOperations' xlink:type='arc' />
    <link:calculationArc order='10' weight='1.0' xlink:arcrole='https://xbrl.org/2023/arcrole/summation-item' xlink:from='loc_NetCashProvidedByUsedInDiscontinuedOperations' xlink:to='loc_CashProvidedByUsedInOperatingActivitiesDiscontinuedOperations' xlink:type='arc' />
    <link:calculationArc order='20' weight='1.0' xlink:arcrole='https://xbrl.org/2023/arcrole/summation-item' xlink:from='loc_NetCashProvidedByUsedInDiscontinuedOperations' xlink:to='loc_CashProvidedByUsedInInvestingActivitiesDiscontinuedOperations' xlink:type='arc' />
    <link:calculationArc order='30' weight='1.0' xlink:arcrole='https://xbrl.org/2023/arcrole/summation-item' xlink:from='loc_NetCashProvidedByUsedInDiscontinuedOperations' xlink:to='loc_CashProvidedByUsedInFinancingActivitiesDiscontinuedOperations' xlink:type='arc' />
    <link:calculationArc order='10' weight='1.0' xlink:arcrole='https://xbrl.org/2023/arcrole/summation-item' xlink:from='loc_CashCashEquivalentsRestrictedCashAndRestrictedCashEquivalentsPeriodIncreaseDecreaseIncludingExchangeRateEffect' xlink:to='loc_CashCashEquivalentsRestrictedCashAndRestrictedCashEquivalentsPeriodIncreaseDecreaseIncludingExchangeRateEffectContinuingOperations' xlink:type='arc' />
    <link:calculationArc order='20' weight='1.0' xlink:arcrole='https://xbrl.org/2023/arcrole/summation-item' xlink:from='loc_CashCashEquivalentsRestrictedCashAndRestrictedCashEquivalentsPeriodIncreaseDecreaseIncludingExchangeRateEffect' xlink:to='loc_CashCashEquivalentsRestrictedCashAndRestrictedCashEquivalentsPeriodIncreaseDecreaseIncludingExchangeRateEffectDisposalGroupIncludingDiscontinuedOperations' xlink:type='arc' />
  </link:calculationLink>
</link:linkbase>
